دوره,عنوان دوره,مدیر,نوع صندوق,خالص ارزش دارایی (ریال),سهم از کل صنعت
1399-01,فروردین 1399,تامین سرمایه,اهرمی,1213635793690,0.000578
1399-01,فروردین 1399,تامین سرمایه,بازنشستگی,3602962636178,0.001716
1399-01,فروردین 1399,تامین سرمایه,بخشی,402739478756,0.000192
1399-01,فروردین 1399,تامین سرمایه,جسورانه,424079739601,0.000202
1399-01,فروردین 1399,تامین سرمایه,درآمد ثابت,1193228859496806,0.568307
1399-01,فروردین 1399,تامین سرمایه,سهامی,19633157585718,0.009351
1399-01,فروردین 1399,تامین سرمایه,شاخصی,992151198101,0.000473
1399-01,فروردین 1399,تامین سرمایه,مختلط,2421615521003,0.001153
1399-01,فروردین 1399,تامین سرمایه,کالایی,8965552966700,0.00427
1399-01,فروردین 1399,سایر مدیران,بخشی,975133621098,0.000464
1399-01,فروردین 1399,سایر مدیران,جسورانه,309968791841,0.000148
1399-01,فروردین 1399,سایر مدیران,درآمد ثابت,655741748035659,0.312314
1399-01,فروردین 1399,سایر مدیران,سهامی,64923540530953,0.030922
1399-01,فروردین 1399,سایر مدیران,شاخصی,576703737968,0.000275
1399-01,فروردین 1399,سایر مدیران,صندوق در صندوق,621039703691,0.000296
1399-01,فروردین 1399,سایر مدیران,مختلط,6554143215642,0.003122
1399-01,فروردین 1399,سایر مدیران,پروژه‌ای,9950056239953,0.004739
1399-01,فروردین 1399,سایر مدیران,کالایی,3233733675261,0.00154
1399-01,فروردین 1399,سبد گردان کاریزما,درآمد ثابت,27991627251729,0.013332
1399-01,فروردین 1399,سبد گردان کاریزما,سهامی,2485121367226,0.001184
1399-01,فروردین 1399,سبد گردان کاریزما,شاخصی,668648101209,0.000318
1399-01,فروردین 1399,سبدگردان آگاه,درآمد ثابت,1081496878621,0.000515
1399-01,فروردین 1399,سبدگردان آگاه,سهامی,9815577908024,0.004675
1399-01,فروردین 1399,سبدگردان آگاه,مختلط,67410696994,3.2e-05
1399-01,فروردین 1399,سبدگردان توسعه فیروزه,درآمد ثابت,1706389959741,0.000813
1399-01,فروردین 1399,سبدگردان توسعه فیروزه,سهامی,1608176511260,0.000766
1399-01,فروردین 1399,سبدگردان توسعه فیروزه,شاخصی,770175450645,0.000367
1399-01,فروردین 1399,سبدگردان فارابی,درآمد ثابت,3091298777718,0.001472
1399-01,فروردین 1399,سبدگردان فارابی,سهامی,3226259363911,0.001537
1399-01,فروردین 1399,سبدگردان مفید,درآمد ثابت,37424528259392,0.017824
1399-01,فروردین 1399,سبدگردان مفید,سهامی,30784522519495,0.014662
1399-01,فروردین 1399,سبدگردان مفید,مختلط,1761204566551,0.000839
1399-01,فروردین 1399,سبدگردان مفید,کالایی,1641546671082,0.000782
1399-01,فروردین 1399,مشاور سرمایه گذاری ترنج,درآمد ثابت,442810046176,0.000211
1399-01,فروردین 1399,مشاور سرمایه گذاری ترنج,سهامی,1282535624947,0.000611
1399-02,اردیبهشت 1399,تامین سرمایه,اهرمی,2068475697329,0.000887
1399-02,اردیبهشت 1399,تامین سرمایه,بازنشستگی,8194124593727,0.003512
1399-02,اردیبهشت 1399,تامین سرمایه,بخشی,458995903233,0.000197
1399-02,اردیبهشت 1399,تامین سرمایه,جسورانه,425319498400,0.000182
1399-02,اردیبهشت 1399,تامین سرمایه,درآمد ثابت,1212430669768544,0.519687
1399-02,اردیبهشت 1399,تامین سرمایه,سهامی,45801613279513,0.019632
1399-02,اردیبهشت 1399,تامین سرمایه,شاخصی,2460098805590,0.001054
1399-02,اردیبهشت 1399,تامین سرمایه,مختلط,4541164498754,0.001946
1399-02,اردیبهشت 1399,تامین سرمایه,کالایی,15522942402283,0.006654
1399-02,اردیبهشت 1399,سایر مدیران,بخشی,1822977883856,0.000781
1399-02,اردیبهشت 1399,سایر مدیران,جسورانه,339739907511,0.000146
1399-02,اردیبهشت 1399,سایر مدیران,درآمد ثابت,722665118083391,0.309758
1399-02,اردیبهشت 1399,سایر مدیران,سهامی,104709045832161,0.044882
1399-02,اردیبهشت 1399,سایر مدیران,شاخصی,1308741160850,0.000561
1399-02,اردیبهشت 1399,سایر مدیران,صندوق در صندوق,646578590622,0.000277
1399-02,اردیبهشت 1399,سایر مدیران,مختلط,9779943851964,0.004192
1399-02,اردیبهشت 1399,سایر مدیران,پروژه‌ای,9947944533967,0.004264
1399-02,اردیبهشت 1399,سایر مدیران,کالایی,3909441812318,0.001676
1399-02,اردیبهشت 1399,سبد گردان کاریزما,درآمد ثابت,27758433243092,0.011898
1399-02,اردیبهشت 1399,سبد گردان کاریزما,سهامی,6318617391693,0.002708
1399-02,اردیبهشت 1399,سبد گردان کاریزما,شاخصی,1748038601267,0.000749
1399-02,اردیبهشت 1399,سبدگردان آگاه,درآمد ثابت,5265342951765,0.002257
1399-02,اردیبهشت 1399,سبدگردان آگاه,سهامی,20509692123472,0.008791
1399-02,اردیبهشت 1399,سبدگردان آگاه,مختلط,90844412451,3.9e-05
1399-02,اردیبهشت 1399,سبدگردان توسعه فیروزه,درآمد ثابت,1811983320974,0.000777
1399-02,اردیبهشت 1399,سبدگردان توسعه فیروزه,سهامی,1230032295114,0.000527
1399-02,اردیبهشت 1399,سبدگردان توسعه فیروزه,شاخصی,1801794009994,0.000772
1399-02,اردیبهشت 1399,سبدگردان فارابی,درآمد ثابت,4434784860828,0.001901
1399-02,اردیبهشت 1399,سبدگردان فارابی,سهامی,4885751334158,0.002094
1399-02,اردیبهشت 1399,سبدگردان مفید,درآمد ثابت,51222252949961,0.021956
1399-02,اردیبهشت 1399,سبدگردان مفید,سهامی,48833648068176,0.020932
1399-02,اردیبهشت 1399,سبدگردان مفید,مختلط,2281240431774,0.000978
1399-02,اردیبهشت 1399,سبدگردان مفید,کالایی,1977738756564,0.000848
1399-02,اردیبهشت 1399,مشاور سرمایه گذاری ترنج,درآمد ثابت,1069335196694,0.000458
1399-02,اردیبهشت 1399,مشاور سرمایه گذاری ترنج,سهامی,4728976706412,0.002027
1399-03,خرداد 1399,تامین سرمایه,اهرمی,2790187110198,0.001101
1399-03,خرداد 1399,تامین سرمایه,بازنشستگی,12784604880262,0.005046
1399-03,خرداد 1399,تامین سرمایه,بخشی,502242486567,0.000198
1399-03,خرداد 1399,تامین سرمایه,جسورانه,426108608163,0.000168
1399-03,خرداد 1399,تامین سرمایه,درآمد ثابت,1249244442928570,0.493088
1399-03,خرداد 1399,تامین سرمایه,سهامی,62347640199475,0.024609
1399-03,خرداد 1399,تامین سرمایه,شاخصی,3270701834764,0.001291
1399-03,خرداد 1399,تامین سرمایه,مختلط,4941343518554,0.00195
1399-03,خرداد 1399,تامین سرمایه,کالایی,17775960373809,0.007016
1399-03,خرداد 1399,سایر مدیران,بخشی,2054525849999,0.000811
1399-03,خرداد 1399,سایر مدیران,جسورانه,357693373247,0.000141
1399-03,خرداد 1399,سایر مدیران,خصوصی,500020604878,0.000197
1399-03,خرداد 1399,سایر مدیران,درآمد ثابت,772693379625121,0.304989
1399-03,خرداد 1399,سایر مدیران,سهامی,138346956514812,0.054607
1399-03,خرداد 1399,سایر مدیران,شاخصی,1819113930351,0.000718
1399-03,خرداد 1399,سایر مدیران,صندوق در صندوق,708459647312,0.00028
1399-03,خرداد 1399,سایر مدیران,مختلط,13637940967855,0.005383
1399-03,خرداد 1399,سایر مدیران,پروژه‌ای,9947717806193,0.003926
1399-03,خرداد 1399,سایر مدیران,کالایی,4068294847722,0.001606
1399-03,خرداد 1399,سبد گردان کاریزما,درآمد ثابت,38696388486670,0.015274
1399-03,خرداد 1399,سبد گردان کاریزما,سهامی,7976397951727,0.003148
1399-03,خرداد 1399,سبد گردان کاریزما,شاخصی,2542119783787,0.001003
1399-03,خرداد 1399,سبدگردان آگاه,درآمد ثابت,5352359252470,0.002113
1399-03,خرداد 1399,سبدگردان آگاه,سهامی,26451856548270,0.010441
1399-03,خرداد 1399,سبدگردان آگاه,مختلط,112196656372,4.4e-05
1399-03,خرداد 1399,سبدگردان توسعه فیروزه,درآمد ثابت,1831196480006,0.000723
1399-03,خرداد 1399,سبدگردان توسعه فیروزه,سهامی,1349792542175,0.000533
1399-03,خرداد 1399,سبدگردان توسعه فیروزه,شاخصی,2169373384509,0.000856
1399-03,خرداد 1399,سبدگردان فارابی,درآمد ثابت,4596289319590,0.001814
1399-03,خرداد 1399,سبدگردان فارابی,سهامی,6711526587523,0.002649
1399-03,خرداد 1399,سبدگردان مفید,درآمد ثابت,61862039088983,0.024418
1399-03,خرداد 1399,سبدگردان مفید,سهامی,64760293354079,0.025561
1399-03,خرداد 1399,سبدگردان مفید,مختلط,2500017247124,0.000987
1399-03,خرداد 1399,سبدگردان مفید,کالایی,2057354499102,0.000812
1399-03,خرداد 1399,مشاور سرمایه گذاری ترنج,درآمد ثابت,1102910502443,0.000435
1399-03,خرداد 1399,مشاور سرمایه گذاری ترنج,سهامی,5222451916255,0.002061
1399-04,تیر 1399,تامین سرمایه,اهرمی,3856267135016,0.001267
1399-04,تیر 1399,تامین سرمایه,بازنشستگی,26439695858098,0.008688
1399-04,تیر 1399,تامین سرمایه,بخشی,178907391082162,0.058786
1399-04,تیر 1399,تامین سرمایه,جسورانه,425087094367,0.00014
1399-04,تیر 1399,تامین سرمایه,درآمد ثابت,1283585940614200,0.421762
1399-04,تیر 1399,تامین سرمایه,سهامی,111684774541857,0.036697
1399-04,تیر 1399,تامین سرمایه,شاخصی,5292469232989,0.001739
1399-04,تیر 1399,تامین سرمایه,مختلط,6934437284790,0.002279
1399-04,تیر 1399,تامین سرمایه,کالایی,26369909600416,0.008665
1399-04,تیر 1399,سایر مدیران,بخشی,2572518902384,0.000845
1399-04,تیر 1399,سایر مدیران,جسورانه,358807553223,0.000118
1399-04,تیر 1399,سایر مدیران,خصوصی,497394361968,0.000163
1399-04,تیر 1399,سایر مدیران,درآمد ثابت,811628611046847,0.266686
1399-04,تیر 1399,سایر مدیران,سهامی,204785949307337,0.067289
1399-04,تیر 1399,سایر مدیران,شاخصی,4072192545464,0.001338
1399-04,تیر 1399,سایر مدیران,صندوق در صندوق,813001753587,0.000267
1399-04,تیر 1399,سایر مدیران,مختلط,25784290293346,0.008472
1399-04,تیر 1399,سایر مدیران,پروژه‌ای,9953051387241,0.00327
1399-04,تیر 1399,سایر مدیران,کالایی,5281179610466,0.001735
1399-04,تیر 1399,سبد گردان اقتصاد بیدار,سهامی,4370371899766,0.001436
1399-04,تیر 1399,سبد گردان کاریزما,درآمد ثابت,48672853253077,0.015993
1399-04,تیر 1399,سبد گردان کاریزما,سهامی,10750896645733,0.003533
1399-04,تیر 1399,سبد گردان کاریزما,شاخصی,4106759566943,0.001349
1399-04,تیر 1399,سبدگردان آگاه,درآمد ثابت,5361948870625,0.001762
1399-04,تیر 1399,سبدگردان آگاه,سهامی,35546447468506,0.01168
1399-04,تیر 1399,سبدگردان آگاه,مختلط,153494771906,5e-05
1399-04,تیر 1399,سبدگردان توسعه فیروزه,درآمد ثابت,1868293025500,0.000614
1399-04,تیر 1399,سبدگردان توسعه فیروزه,سهامی,1685418444570,0.000554
1399-04,تیر 1399,سبدگردان توسعه فیروزه,شاخصی,4058952218559,0.001334
1399-04,تیر 1399,سبدگردان فارابی,درآمد ثابت,4774370550939,0.001569
1399-04,تیر 1399,سبدگردان فارابی,سهامی,10286849762441,0.00338
1399-04,تیر 1399,سبدگردان مفید,درآمد ثابت,86846311616640,0.028536
1399-04,تیر 1399,سبدگردان مفید,سهامی,102120189354545,0.033555
1399-04,تیر 1399,سبدگردان مفید,مختلط,2969006619234,0.000976
1399-04,تیر 1399,سبدگردان مفید,کالایی,2662906563522,0.000875
1399-04,تیر 1399,مشاور سرمایه گذاری ترنج,درآمد ثابت,1104393442097,0.000363
1399-04,تیر 1399,مشاور سرمایه گذاری ترنج,سهامی,6809806605750,0.002238
1399-05,مرداد 1399,تامین سرمایه,اهرمی,3406130523394,0.001098
1399-05,مرداد 1399,تامین سرمایه,بازنشستگی,26947658658770,0.008685
1399-05,مرداد 1399,تامین سرمایه,بخشی,158426002316910,0.051059
1399-05,مرداد 1399,تامین سرمایه,جسورانه,424448824646,0.000137
1399-05,مرداد 1399,تامین سرمایه,درآمد ثابت,1359742713991178,0.438227
1399-05,مرداد 1399,تامین سرمایه,سهامی,100071988413203,0.032252
1399-05,مرداد 1399,تامین سرمایه,شاخصی,4988139111455,0.001608
1399-05,مرداد 1399,تامین سرمایه,مختلط,7188973643705,0.002317
1399-05,مرداد 1399,تامین سرمایه,کالایی,24969256497195,0.008047
1399-05,مرداد 1399,سایر مدیران,بخشی,2856709846569,0.000921
1399-05,مرداد 1399,سایر مدیران,جسورانه,358404079976,0.000116
1399-05,مرداد 1399,سایر مدیران,خصوصی,502017139850,0.000162
1399-05,مرداد 1399,سایر مدیران,درآمد ثابت,827045411811554,0.266546
1399-05,مرداد 1399,سایر مدیران,سهامی,199630307322762,0.064338
1399-05,مرداد 1399,سایر مدیران,شاخصی,3906875254893,0.001259
1399-05,مرداد 1399,سایر مدیران,صندوق در صندوق,786105624121,0.000253
1399-05,مرداد 1399,سایر مدیران,مختلط,28316491044859,0.009126
1399-05,مرداد 1399,سایر مدیران,پروژه‌ای,9952823400979,0.003208
1399-05,مرداد 1399,سایر مدیران,کالایی,5536171718739,0.001784
1399-05,مرداد 1399,سبد گردان اقتصاد بیدار,سهامی,4324446009753,0.001394
1399-05,مرداد 1399,سبد گردان کاریزما,درآمد ثابت,70200150089604,0.022625
1399-05,مرداد 1399,سبد گردان کاریزما,سهامی,10201988660727,0.003288
1399-05,مرداد 1399,سبد گردان کاریزما,شاخصی,3440990791598,0.001109
1399-05,مرداد 1399,سبدگردان آگاه,درآمد ثابت,5405491546424,0.001742
1399-05,مرداد 1399,سبدگردان آگاه,سهامی,27387838859190,0.008827
1399-05,مرداد 1399,سبدگردان آگاه,مختلط,161012628800,5.2e-05
1399-05,مرداد 1399,سبدگردان توسعه فیروزه,جسورانه,52467704688,1.7e-05
1399-05,مرداد 1399,سبدگردان توسعه فیروزه,درآمد ثابت,1888669330962,0.000609
1399-05,مرداد 1399,سبدگردان توسعه فیروزه,سهامی,1747406605004,0.000563
1399-05,مرداد 1399,سبدگردان توسعه فیروزه,شاخصی,3577674848068,0.001153
1399-05,مرداد 1399,سبدگردان فارابی,درآمد ثابت,6974433706011,0.002248
1399-05,مرداد 1399,سبدگردان فارابی,سهامی,8199517687916,0.002643
1399-05,مرداد 1399,سبدگردان مفید,درآمد ثابت,89953242347588,0.028991
1399-05,مرداد 1399,سبدگردان مفید,سهامی,91926033284352,0.029627
1399-05,مرداد 1399,سبدگردان مفید,مختلط,2811013380084,0.000906
1399-05,مرداد 1399,سبدگردان مفید,کالایی,2792719779155,0.0009
1399-05,مرداد 1399,مشاور سرمایه گذاری ترنج,درآمد ثابت,1671207232532,0.000539
1399-05,مرداد 1399,مشاور سرمایه گذاری ترنج,سهامی,5053722783134,0.001629
1399-06,شهریور 1399,تامین سرمایه,اهرمی,2860401923856,0.000904
1399-06,شهریور 1399,تامین سرمایه,بازنشستگی,23400990112349,0.007393
1399-06,شهریور 1399,تامین سرمایه,بخشی,150177936433853,0.047447
1399-06,شهریور 1399,تامین سرمایه,جسورانه,424006910863,0.000134
1399-06,شهریور 1399,تامین سرمایه,درآمد ثابت,1422589626176978,0.449447
1399-06,شهریور 1399,تامین سرمایه,سهامی,74640374130682,0.023582
1399-06,شهریور 1399,تامین سرمایه,شاخصی,4918159883124,0.001554
1399-06,شهریور 1399,تامین سرمایه,مختلط,5911650675160,0.001868
1399-06,شهریور 1399,تامین سرمایه,کالایی,28166822892311,0.008899
1399-06,شهریور 1399,سایر مدیران,بخشی,2279026518662,0.00072
1399-06,شهریور 1399,سایر مدیران,جسورانه,356214960148,0.000113
1399-06,شهریور 1399,سایر مدیران,خصوصی,501683048484,0.000158
1399-06,شهریور 1399,سایر مدیران,درآمد ثابت,824841970642865,0.260597
1399-06,شهریور 1399,سایر مدیران,سهامی,159476311347331,0.050384
1399-06,شهریور 1399,سایر مدیران,شاخصی,3404971594405,0.001076
1399-06,شهریور 1399,سایر مدیران,صندوق در صندوق,763570975623,0.000241
1399-06,شهریور 1399,سایر مدیران,مختلط,21555649038725,0.00681
1399-06,شهریور 1399,سایر مدیران,پروژه‌ای,10358353397775,0.003273
1399-06,شهریور 1399,سایر مدیران,کالایی,6566888904270,0.002075
1399-06,شهریور 1399,سبد گردان اقتصاد بیدار,درآمد ثابت,245602679725,7.8e-05
1399-06,شهریور 1399,سبد گردان اقتصاد بیدار,سهامی,4350291012260,0.001374
1399-06,شهریور 1399,سبد گردان کاریزما,درآمد ثابت,81575185204541,0.025773
1399-06,شهریور 1399,سبد گردان کاریزما,سهامی,9336913379040,0.00295
1399-06,شهریور 1399,سبد گردان کاریزما,شاخصی,3346173103123,0.001057
1399-06,شهریور 1399,سبدگردان آگاه,درآمد ثابت,19951225099182,0.006303
1399-06,شهریور 1399,سبدگردان آگاه,سهامی,25599190875464,0.008088
1399-06,شهریور 1399,سبدگردان آگاه,مختلط,167543844170,5.3e-05
1399-06,شهریور 1399,سبدگردان توسعه فیروزه,جسورانه,52770753440,1.7e-05
1399-06,شهریور 1399,سبدگردان توسعه فیروزه,درآمد ثابت,1936754279267,0.000612
1399-06,شهریور 1399,سبدگردان توسعه فیروزه,سهامی,1386388829750,0.000438
1399-06,شهریور 1399,سبدگردان توسعه فیروزه,شاخصی,3844515054337,0.001215
1399-06,شهریور 1399,سبدگردان فارابی,درآمد ثابت,9531988704723,0.003011
1399-06,شهریور 1399,سبدگردان فارابی,سهامی,4872903659663,0.00154
1399-06,شهریور 1399,سبدگردان مفید,درآمد ثابت,160119692572379,0.050588
1399-06,شهریور 1399,سبدگردان مفید,سهامی,82581422511828,0.02609
1399-06,شهریور 1399,سبدگردان مفید,مختلط,3227597707297,0.00102
1399-06,شهریور 1399,سبدگردان مفید,کالایی,3308343045287,0.001045
1399-06,شهریور 1399,مشاور سرمایه گذاری ترنج,درآمد ثابت,1300282847177,0.000411
1399-06,شهریور 1399,مشاور سرمایه گذاری ترنج,سهامی,5271601823961,0.001665
1399-07,مهر 1399,تامین سرمایه,اهرمی,2380496686082,0.000772
1399-07,مهر 1399,تامین سرمایه,بازنشستگی,19684335840588,0.006383
1399-07,مهر 1399,تامین سرمایه,بخشی,142630400739656,0.04625
1399-07,مهر 1399,تامین سرمایه,جسورانه,423259259310,0.000137
1399-07,مهر 1399,تامین سرمایه,درآمد ثابت,1451470093900851,0.470663
1399-07,مهر 1399,تامین سرمایه,سهامی,60875184570916,0.01974
1399-07,مهر 1399,تامین سرمایه,شاخصی,4254069835043,0.001379
1399-07,مهر 1399,تامین سرمایه,مختلط,5174541173820,0.001678
1399-07,مهر 1399,تامین سرمایه,کالایی,28074158389223,0.009104
1399-07,مهر 1399,سایر مدیران,بخشی,1960150074857,0.000636
1399-07,مهر 1399,سایر مدیران,جسورانه,556038101159,0.00018
1399-07,مهر 1399,سایر مدیران,خصوصی,506090113991,0.000164
1399-07,مهر 1399,سایر مدیران,درآمد ثابت,820484924791942,0.266056
1399-07,مهر 1399,سایر مدیران,سهامی,134147578303807,0.0435
1399-07,مهر 1399,سایر مدیران,شاخصی,2593985933744,0.000841
1399-07,مهر 1399,سایر مدیران,صندوق در صندوق,730925252648,0.000237
1399-07,مهر 1399,سایر مدیران,مختلط,18051877428945,0.005854
1399-07,مهر 1399,سایر مدیران,پروژه‌ای,10357623692665,0.003359
1399-07,مهر 1399,سایر مدیران,کالایی,6948871218110,0.002253
1399-07,مهر 1399,سبد گردان اقتصاد بیدار,درآمد ثابت,243484448973,7.9e-05
1399-07,مهر 1399,سبد گردان اقتصاد بیدار,سهامی,4071229069852,0.00132
1399-07,مهر 1399,سبد گردان کاریزما,درآمد ثابت,86685383942829,0.028109
1399-07,مهر 1399,سبد گردان کاریزما,سهامی,8543339595615,0.00277
1399-07,مهر 1399,سبد گردان کاریزما,شاخصی,2918485917893,0.000946
1399-07,مهر 1399,سبدگردان آگاه,درآمد ثابت,19635214460648,0.006367
1399-07,مهر 1399,سبدگردان آگاه,سهامی,21717990689386,0.007042
1399-07,مهر 1399,سبدگردان آگاه,مختلط,153739288003,5e-05
1399-07,مهر 1399,سبدگردان توسعه فیروزه,جسورانه,53089430475,1.7e-05
1399-07,مهر 1399,سبدگردان توسعه فیروزه,درآمد ثابت,1960843947979,0.000636
1399-07,مهر 1399,سبدگردان توسعه فیروزه,سهامی,1180080847009,0.000383
1399-07,مهر 1399,سبدگردان توسعه فیروزه,شاخصی,3274704297952,0.001062
1399-07,مهر 1399,سبدگردان فارابی,درآمد ثابت,8298668776639,0.002691
1399-07,مهر 1399,سبدگردان فارابی,سهامی,6815123166777,0.00221
1399-07,مهر 1399,سبدگردان مفید,درآمد ثابت,124639788677344,0.040416
1399-07,مهر 1399,سبدگردان مفید,سهامی,70429246735196,0.022838
1399-07,مهر 1399,سبدگردان مفید,مختلط,2749123639057,0.000891
1399-07,مهر 1399,سبدگردان مفید,کالایی,3396676594749,0.001101
1399-07,مهر 1399,مشاور سرمایه گذاری ترنج,درآمد ثابت,986788199673,0.00032
1399-07,مهر 1399,مشاور سرمایه گذاری ترنج,سهامی,4828618492667,0.001566
1399-08,آبان 1399,تامین سرمایه,اهرمی,2223557804615,0.000723
1399-08,آبان 1399,تامین سرمایه,بازنشستگی,17432274867104,0.005668
1399-08,آبان 1399,تامین سرمایه,بخشی,136017081442392,0.044225
1399-08,آبان 1399,تامین سرمایه,جسورانه,422712326621,0.000137
1399-08,آبان 1399,تامین سرمایه,درآمد ثابت,1470270360809090,0.478046
1399-08,آبان 1399,تامین سرمایه,سهامی,52810479613582,0.017171
1399-08,آبان 1399,تامین سرمایه,شاخصی,4137334176847,0.001345
1399-08,آبان 1399,تامین سرمایه,مختلط,4809743897618,0.001564
1399-08,آبان 1399,تامین سرمایه,کالایی,23800237648375,0.007738
1399-08,آبان 1399,سایر مدیران,بخشی,1791754551025,0.000583
1399-08,آبان 1399,سایر مدیران,جسورانه,555360756649,0.000181
1399-08,آبان 1399,سایر مدیران,خصوصی,503312610653,0.000164
1399-08,آبان 1399,سایر مدیران,درآمد ثابت,837655837689526,0.272357
1399-08,آبان 1399,سایر مدیران,سهامی,119385048205763,0.038817
1399-08,آبان 1399,سایر مدیران,شاخصی,2253388502461,0.000733
1399-08,آبان 1399,سایر مدیران,صندوق در صندوق,751709247274,0.000244
1399-08,آبان 1399,سایر مدیران,مختلط,14925131247581,0.004853
1399-08,آبان 1399,سایر مدیران,پروژه‌ای,10357383334409,0.003368
1399-08,آبان 1399,سایر مدیران,کالایی,5487974274184,0.001784
1399-08,آبان 1399,سبد گردان اقتصاد بیدار,درآمد ثابت,230619969993,7.5e-05
1399-08,آبان 1399,سبد گردان اقتصاد بیدار,سهامی,4108982320677,0.001336
1399-08,آبان 1399,سبد گردان کاریزما,درآمد ثابت,90280203286842,0.029354
1399-08,آبان 1399,سبد گردان کاریزما,سهامی,8503233704280,0.002765
1399-08,آبان 1399,سبد گردان کاریزما,شاخصی,2495591290744,0.000811
1399-08,آبان 1399,سبدگردان آگاه,درآمد ثابت,20396466043735,0.006632
1399-08,آبان 1399,سبدگردان آگاه,سهامی,20397443286930,0.006632
1399-08,آبان 1399,سبدگردان آگاه,مختلط,156328763553,5.1e-05
1399-08,آبان 1399,سبدگردان توسعه فیروزه,جسورانه,53388961378,1.7e-05
1399-08,آبان 1399,سبدگردان توسعه فیروزه,درآمد ثابت,1981376721119,0.000644
1399-08,آبان 1399,سبدگردان توسعه فیروزه,سهامی,1113898206194,0.000362
1399-08,آبان 1399,سبدگردان توسعه فیروزه,شاخصی,3115920784872,0.001013
1399-08,آبان 1399,سبدگردان فارابی,درآمد ثابت,11337330366612,0.003686
1399-08,آبان 1399,سبدگردان فارابی,سهامی,6270840649890,0.002039
1399-08,آبان 1399,سبدگردان مفید,درآمد ثابت,130221874226094,0.042341
1399-08,آبان 1399,سبدگردان مفید,سهامی,58758498951997,0.019105
1399-08,آبان 1399,سبدگردان مفید,مختلط,2470322266533,0.000803
1399-08,آبان 1399,سبدگردان مفید,کالایی,2650336976323,0.000862
1399-08,آبان 1399,مشاور سرمایه گذاری ترنج,درآمد ثابت,719786836786,0.000234
1399-08,آبان 1399,مشاور سرمایه گذاری ترنج,سهامی,4730311589521,0.001538
1399-09,آذر 1399,تامین سرمایه,اهرمی,2810731663508,0.000836
1399-09,آذر 1399,تامین سرمایه,بازنشستگی,19254703584311,0.005724
1399-09,آذر 1399,تامین سرمایه,بخشی,247915644448480,0.073702
1399-09,آذر 1399,تامین سرمایه,جسورانه,421926072216,0.000125
1399-09,آذر 1399,تامین سرمایه,درآمد ثابت,1537016029826338,0.456933
1399-09,آذر 1399,تامین سرمایه,سهامی,58528817483732,0.0174
1399-09,آذر 1399,تامین سرمایه,شاخصی,4683894292833,0.001392
1399-09,آذر 1399,تامین سرمایه,مختلط,5232530224695,0.001556
1399-09,آذر 1399,تامین سرمایه,کالایی,25042783615062,0.007445
1399-09,آذر 1399,سایر مدیران,بخشی,1757613301786,0.000523
1399-09,آذر 1399,سایر مدیران,جسورانه,554369655752,0.000165
1399-09,آذر 1399,سایر مدیران,خصوصی,503600804604,0.00015
1399-09,آذر 1399,سایر مدیران,درآمد ثابت,886692135381277,0.263601
1399-09,آذر 1399,سایر مدیران,سهامی,138977178888127,0.041316
1399-09,آذر 1399,سایر مدیران,شاخصی,2632880654795,0.000783
1399-09,آذر 1399,سایر مدیران,صندوق در صندوق,787371004135,0.000234
1399-09,آذر 1399,سایر مدیران,مختلط,15118570729180,0.004495
1399-09,آذر 1399,سایر مدیران,پروژه‌ای,10357714495277,0.003079
1399-09,آذر 1399,سایر مدیران,کالایی,5326323909667,0.001583
1399-09,آذر 1399,سبد گردان اقتصاد بیدار,درآمد ثابت,181959605203,5.4e-05
1399-09,آذر 1399,سبد گردان اقتصاد بیدار,سهامی,4406311154999,0.00131
1399-09,آذر 1399,سبد گردان کاریزما,درآمد ثابت,94216472068302,0.028009
1399-09,آذر 1399,سبد گردان کاریزما,سهامی,9233138234163,0.002745
1399-09,آذر 1399,سبد گردان کاریزما,شاخصی,2817202410922,0.000838
1399-09,آذر 1399,سبدگردان آگاه,درآمد ثابت,25743042473999,0.007653
1399-09,آذر 1399,سبدگردان آگاه,سهامی,23647846382236,0.00703
1399-09,آذر 1399,سبدگردان آگاه,مختلط,169965401240,5.1e-05
1399-09,آذر 1399,سبدگردان توسعه فیروزه,جسورانه,53691657291,1.6e-05
1399-09,آذر 1399,سبدگردان توسعه فیروزه,درآمد ثابت,2017508263066,0.0006
1399-09,آذر 1399,سبدگردان توسعه فیروزه,سهامی,1400226469752,0.000416
1399-09,آذر 1399,سبدگردان توسعه فیروزه,شاخصی,3186828904927,0.000947
1399-09,آذر 1399,سبدگردان فارابی,درآمد ثابت,12111875973476,0.003601
1399-09,آذر 1399,سبدگردان فارابی,سهامی,8599251388375,0.002556
1399-09,آذر 1399,سبدگردان مفید,درآمد ثابت,132112401097010,0.039275
1399-09,آذر 1399,سبدگردان مفید,سهامی,67017203873992,0.019923
1399-09,آذر 1399,سبدگردان مفید,مختلط,2799594981888,0.000832
1399-09,آذر 1399,سبدگردان مفید,کالایی,2554305798473,0.000759
1399-09,آذر 1399,مشاور سرمایه گذاری ترنج,درآمد ثابت,1769244818536,0.000526
1399-09,آذر 1399,مشاور سرمایه گذاری ترنج,سهامی,6117133795457,0.001819
1399-10,دی 1399,تامین سرمایه,اهرمی,2002779504246,0.000594
1399-10,دی 1399,تامین سرمایه,بازنشستگی,13339793750108,0.003954
1399-10,دی 1399,تامین سرمایه,بخشی,178827929875039,0.053001
1399-10,دی 1399,تامین سرمایه,جسورانه,421061607861,0.000125
1399-10,دی 1399,تامین سرمایه,درآمد ثابت,1621782927061131,0.480667
1399-10,دی 1399,تامین سرمایه,سهامی,44757926071413,0.013265
1399-10,دی 1399,تامین سرمایه,شاخصی,3587779420675,0.001063
1399-10,دی 1399,تامین سرمایه,مختلط,4545145122222,0.001347
1399-10,دی 1399,تامین سرمایه,کالایی,21158591275938,0.006271
1399-10,دی 1399,سایر مدیران,بخشی,1593762853189,0.000472
1399-10,دی 1399,سایر مدیران,جسورانه,474774377986,0.000141
1399-10,دی 1399,سایر مدیران,خصوصی,504152732784,0.000149
1399-10,دی 1399,سایر مدیران,درآمد ثابت,947945812440682,0.280954
1399-10,دی 1399,سایر مدیران,سهامی,109011680575771,0.032309
1399-10,دی 1399,سایر مدیران,شاخصی,1776214590014,0.000526
1399-10,دی 1399,سایر مدیران,صندوق در صندوق,728199004873,0.000216
1399-10,دی 1399,سایر مدیران,مختلط,13195626023681,0.003911
1399-10,دی 1399,سایر مدیران,پروژه‌ای,10357552516344,0.00307
1399-10,دی 1399,سایر مدیران,کالایی,6255293541630,0.001854
1399-10,دی 1399,سبد گردان اقتصاد بیدار,درآمد ثابت,318619471563,9.4e-05
1399-10,دی 1399,سبد گردان اقتصاد بیدار,سهامی,3765825489736,0.001116
1399-10,دی 1399,سبد گردان کاریزما,درآمد ثابت,92070366560917,0.027288
1399-10,دی 1399,سبد گردان کاریزما,سهامی,7623236791515,0.002259
1399-10,دی 1399,سبد گردان کاریزما,شاخصی,2031469552042,0.000602
1399-10,دی 1399,سبدگردان آگاه,درآمد ثابت,30334361591908,0.008991
1399-10,دی 1399,سبدگردان آگاه,سهامی,17875663877113,0.005298
1399-10,دی 1399,سبدگردان آگاه,مختلط,150310799427,4.5e-05
1399-10,دی 1399,سبدگردان توسعه فیروزه,جسورانه,53996535817,1.6e-05
1399-10,دی 1399,سبدگردان توسعه فیروزه,درآمد ثابت,2047750583942,0.000607
1399-10,دی 1399,سبدگردان توسعه فیروزه,سهامی,1322601709890,0.000392
1399-10,دی 1399,سبدگردان توسعه فیروزه,شاخصی,2272525160890,0.000674
1399-10,دی 1399,سبدگردان فارابی,درآمد ثابت,11620934632303,0.003444
1399-10,دی 1399,سبدگردان فارابی,سهامی,7790661932909,0.002309
1399-10,دی 1399,سبدگردان مفید,درآمد ثابت,141791726092499,0.042025
1399-10,دی 1399,سبدگردان مفید,سهامی,58380851821124,0.017303
1399-10,دی 1399,سبدگردان مفید,مختلط,2399057857903,0.000711
1399-10,دی 1399,سبدگردان مفید,کالایی,2131692526489,0.000632
1399-10,دی 1399,مشاور سرمایه گذاری ترنج,درآمد ثابت,2523277430647,0.000748
1399-10,دی 1399,مشاور سرمایه گذاری ترنج,سهامی,5251531133142,0.001556
1399-11,بهمن 1399,تامین سرمایه,اهرمی,1729091050643,0.000485
1399-11,بهمن 1399,تامین سرمایه,بازنشستگی,15057539880824,0.004227
1399-11,بهمن 1399,تامین سرمایه,بخشی,212531149519586,0.059656
1399-11,بهمن 1399,تامین سرمایه,جسورانه,420045166089,0.000118
1399-11,بهمن 1399,تامین سرمایه,درآمد ثابت,1736200735134678,0.487341
1399-11,بهمن 1399,تامین سرمایه,سهامی,47327606393893,0.013285
1399-11,بهمن 1399,تامین سرمایه,شاخصی,3945234131934,0.001107
1399-11,بهمن 1399,تامین سرمایه,مختلط,4635395667799,0.001301
1399-11,بهمن 1399,تامین سرمایه,کالایی,23066206044089,0.006475
1399-11,بهمن 1399,سایر مدیران,بخشی,1639084590895,0.00046
1399-11,بهمن 1399,سایر مدیران,جسورانه,1511595648983,0.000424
1399-11,بهمن 1399,سایر مدیران,خصوصی,504890146648,0.000142
1399-11,بهمن 1399,سایر مدیران,درآمد ثابت,951881950060574,0.267187
1399-11,بهمن 1399,سایر مدیران,سهامی,116873055836447,0.032806
1399-11,بهمن 1399,سایر مدیران,شاخصی,2049310726434,0.000575
1399-11,بهمن 1399,سایر مدیران,صندوق در صندوق,751924933803,0.000211
1399-11,بهمن 1399,سایر مدیران,مختلط,12481337771124,0.003503
1399-11,بهمن 1399,سایر مدیران,پروژه‌ای,10357390577930,0.002907
1399-11,بهمن 1399,سایر مدیران,کالایی,6886618652951,0.001933
1399-11,بهمن 1399,سبد گردان اقتصاد بیدار,درآمد ثابت,436950619707,0.000123
1399-11,بهمن 1399,سبد گردان اقتصاد بیدار,سهامی,4143935267996,0.001163
1399-11,بهمن 1399,سبد گردان کاریزما,درآمد ثابت,99382989053968,0.027896
1399-11,بهمن 1399,سبد گردان کاریزما,سهامی,8116036538451,0.002278
1399-11,بهمن 1399,سبد گردان کاریزما,شاخصی,2202327773702,0.000618
1399-11,بهمن 1399,سبدگردان آگاه,درآمد ثابت,33807329961055,0.00949
1399-11,بهمن 1399,سبدگردان آگاه,سهامی,20030607802426,0.005622
1399-11,بهمن 1399,سبدگردان آگاه,مختلط,156170363663,4.4e-05
1399-11,بهمن 1399,سبدگردان توسعه فیروزه,جسورانه,54305154365,1.5e-05
1399-11,بهمن 1399,سبدگردان توسعه فیروزه,درآمد ثابت,2057435316251,0.000578
1399-11,بهمن 1399,سبدگردان توسعه فیروزه,سهامی,1417070349558,0.000398
1399-11,بهمن 1399,سبدگردان توسعه فیروزه,شاخصی,2504783561768,0.000703
1399-11,بهمن 1399,سبدگردان فارابی,درآمد ثابت,13425019354577,0.003768
1399-11,بهمن 1399,سبدگردان فارابی,سهامی,7864445792321,0.002208
1399-11,بهمن 1399,سبدگردان مفید,درآمد ثابت,137957463027403,0.038724
1399-11,بهمن 1399,سبدگردان مفید,سهامی,64392091865983,0.018074
1399-11,بهمن 1399,سبدگردان مفید,مختلط,2605167152976,0.000731
1399-11,بهمن 1399,سبدگردان مفید,کالایی,2348220966806,0.000659
1399-11,بهمن 1399,مشاور سرمایه گذاری ترنج,درآمد ثابت,2876828259777,0.000808
1399-11,بهمن 1399,مشاور سرمایه گذاری ترنج,سهامی,6973246708463,0.001957
1399-12,اسفند 1399,تامین سرمایه,اهرمی,1442831842699,0.000385
1399-12,اسفند 1399,تامین سرمایه,بازنشستگی,15506857847183,0.004137
1399-12,اسفند 1399,تامین سرمایه,بخشی,228333747447502,0.06091
1399-12,اسفند 1399,تامین سرمایه,جسورانه,418836322957,0.000112
1399-12,اسفند 1399,تامین سرمایه,درآمد ثابت,1890565931516924,0.504324
1399-12,اسفند 1399,تامین سرمایه,سهامی,47252678294350,0.012605
1399-12,اسفند 1399,تامین سرمایه,شاخصی,4144501065789,0.001106
1399-12,اسفند 1399,تامین سرمایه,مختلط,4735558438971,0.001263
1399-12,اسفند 1399,تامین سرمایه,کالایی,21507036574183,0.005737
1399-12,اسفند 1399,سایر مدیران,بخشی,1691914403541,0.000451
1399-12,اسفند 1399,سایر مدیران,جسورانه,1512273564352,0.000403
1399-12,اسفند 1399,سایر مدیران,خصوصی,504102035221,0.000134
1399-12,اسفند 1399,سایر مدیران,درآمد ثابت,962107552573232,0.25665
1399-12,اسفند 1399,سایر مدیران,سهامی,118160705031253,0.03152
1399-12,اسفند 1399,سایر مدیران,شاخصی,3271821449571,0.000873
1399-12,اسفند 1399,سایر مدیران,صندوق در صندوق,776810505363,0.000207
1399-12,اسفند 1399,سایر مدیران,مختلط,11886133282220,0.003171
1399-12,اسفند 1399,سایر مدیران,پروژه‌ای,10578714355023,0.002822
1399-12,اسفند 1399,سایر مدیران,کالایی,5921130667460,0.00158
1399-12,اسفند 1399,سبد گردان اقتصاد بیدار,درآمد ثابت,461936817596,0.000123
1399-12,اسفند 1399,سبد گردان اقتصاد بیدار,سهامی,4241533010294,0.001131
1399-12,اسفند 1399,سبد گردان کاریزما,درآمد ثابت,113157234755372,0.030186
1399-12,اسفند 1399,سبد گردان کاریزما,سهامی,8599198587031,0.002294
1399-12,اسفند 1399,سبد گردان کاریزما,شاخصی,2200678105427,0.000587
1399-12,اسفند 1399,سبدگردان آگاه,درآمد ثابت,26402814708432,0.007043
1399-12,اسفند 1399,سبدگردان آگاه,سهامی,20313282181137,0.005419
1399-12,اسفند 1399,سبدگردان آگاه,مختلط,164741922996,4.4e-05
1399-12,اسفند 1399,سبدگردان توسعه فیروزه,جسورانه,54206685784,1.4e-05
1399-12,اسفند 1399,سبدگردان توسعه فیروزه,خصوصی,1002200399657,0.000267
1399-12,اسفند 1399,سبدگردان توسعه فیروزه,درآمد ثابت,2094171074716,0.000559
1399-12,اسفند 1399,سبدگردان توسعه فیروزه,سهامی,1431729223016,0.000382
1399-12,اسفند 1399,سبدگردان توسعه فیروزه,شاخصی,2622023603586,0.000699
1399-12,اسفند 1399,سبدگردان فارابی,درآمد ثابت,12431623021989,0.003316
1399-12,اسفند 1399,سبدگردان فارابی,سهامی,7965064043793,0.002125
1399-12,اسفند 1399,سبدگردان مفید,درآمد ثابت,131036878606286,0.034955
1399-12,اسفند 1399,سبدگردان مفید,سهامی,68214790195987,0.018197
1399-12,اسفند 1399,سبدگردان مفید,مختلط,3322027065674,0.000886
1399-12,اسفند 1399,سبدگردان مفید,کالایی,2155437627390,0.000575
1399-12,اسفند 1399,مشاور سرمایه گذاری ترنج,درآمد ثابت,3567989019731,0.000952
1399-12,اسفند 1399,مشاور سرمایه گذاری ترنج,سهامی,6953967866572,0.001855
1400-01,فروردین 1400,تامین سرمایه,اهرمی,1318901845350,0.00035
1400-01,فروردین 1400,تامین سرمایه,بازنشستگی,13587219336133,0.003603
1400-01,فروردین 1400,تامین سرمایه,بخشی,201279855245611,0.053379
1400-01,فروردین 1400,تامین سرمایه,جسورانه,417595773832,0.000111
1400-01,فروردین 1400,تامین سرمایه,درآمد ثابت,1949690231282481,0.517049
1400-01,فروردین 1400,تامین سرمایه,سهامی,42562086771376,0.011287
1400-01,فروردین 1400,تامین سرمایه,شاخصی,3605050322713,0.000956
1400-01,فروردین 1400,تامین سرمایه,مختلط,4534534497094,0.001203
1400-01,فروردین 1400,تامین سرمایه,کالایی,19432929652867,0.005154
1400-01,فروردین 1400,سایر مدیران,بخشی,1758342121190,0.000466
1400-01,فروردین 1400,سایر مدیران,جسورانه,1513425597447,0.000401
1400-01,فروردین 1400,سایر مدیران,خصوصی,504404795626,0.000134
1400-01,فروردین 1400,سایر مدیران,درآمد ثابت,969957411586986,0.257228
1400-01,فروردین 1400,سایر مدیران,سهامی,105046973999120,0.027858
1400-01,فروردین 1400,سایر مدیران,شاخصی,2944185671405,0.000781
1400-01,فروردین 1400,سایر مدیران,صندوق در صندوق,751979913387,0.000199
1400-01,فروردین 1400,سایر مدیران,مختلط,10958749625227,0.002906
1400-01,فروردین 1400,سایر مدیران,پروژه‌ای,10578558663242,0.002805
1400-01,فروردین 1400,سایر مدیران,کالایی,5658332372681,0.001501
1400-01,فروردین 1400,سبد گردان اقتصاد بیدار,درآمد ثابت,522235419565,0.000138
1400-01,فروردین 1400,سبد گردان اقتصاد بیدار,سهامی,4020076141374,0.001066
1400-01,فروردین 1400,سبد گردان کاریزما,درآمد ثابت,125024498508320,0.033156
1400-01,فروردین 1400,سبد گردان کاریزما,سهامی,8086402018252,0.002144
1400-01,فروردین 1400,سبد گردان کاریزما,شاخصی,2050447070195,0.000544
1400-01,فروردین 1400,سبدگردان آگاه,درآمد ثابت,31699443265828,0.008407
1400-01,فروردین 1400,سبدگردان آگاه,سهامی,17407467820844,0.004616
1400-01,فروردین 1400,سبدگردان آگاه,مختلط,158706691413,4.2e-05
1400-01,فروردین 1400,سبدگردان توسعه فیروزه,جسورانه,54103974352,1.4e-05
1400-01,فروردین 1400,سبدگردان توسعه فیروزه,خصوصی,1005964506772,0.000267
1400-01,فروردین 1400,سبدگردان توسعه فیروزه,درآمد ثابت,2114940063570,0.000561
1400-01,فروردین 1400,سبدگردان توسعه فیروزه,سهامی,1276253530696,0.000338
1400-01,فروردین 1400,سبدگردان توسعه فیروزه,شاخصی,2384736904493,0.000632
1400-01,فروردین 1400,سبدگردان فارابی,درآمد ثابت,12821538987214,0.0034
1400-01,فروردین 1400,سبدگردان فارابی,سهامی,6999234011582,0.001856
1400-01,فروردین 1400,سبدگردان مفید,درآمد ثابت,131740970958495,0.034937
1400-01,فروردین 1400,سبدگردان مفید,سهامی,61746244073908,0.016375
1400-01,فروردین 1400,سبدگردان مفید,مختلط,3130067607120,0.00083
1400-01,فروردین 1400,سبدگردان مفید,کالایی,1933070450604,0.000513
1400-01,فروردین 1400,مشاور سرمایه گذاری ترنج,درآمد ثابت,4341648600173,0.001151
1400-01,فروردین 1400,مشاور سرمایه گذاری ترنج,سهامی,6182556699339,0.00164
1400-02,اردیبهشت 1400,تامین سرمایه,اهرمی,1096571383543,0.000286
1400-02,اردیبهشت 1400,تامین سرمایه,بازنشستگی,12675602778814,0.003301
1400-02,اردیبهشت 1400,تامین سرمایه,بخشی,187688373012133,0.048876
1400-02,اردیبهشت 1400,تامین سرمایه,جسورانه,416610648099,0.000108
1400-02,اردیبهشت 1400,تامین سرمایه,درآمد ثابت,2040542768216884,0.531376
1400-02,اردیبهشت 1400,تامین سرمایه,سهامی,39590371696825,0.01031
1400-02,اردیبهشت 1400,تامین سرمایه,شاخصی,3354775318456,0.000874
1400-02,اردیبهشت 1400,تامین سرمایه,مختلط,4364306485482,0.001137
1400-02,اردیبهشت 1400,تامین سرمایه,کالایی,19230738215229,0.005008
1400-02,اردیبهشت 1400,سایر مدیران,بخشی,1872537861158,0.000488
1400-02,اردیبهشت 1400,سایر مدیران,جسورانه,1515646491492,0.000395
1400-02,اردیبهشت 1400,سایر مدیران,خصوصی,504789231671,0.000131
1400-02,اردیبهشت 1400,سایر مدیران,درآمد ثابت,982035897910903,0.255731
1400-02,اردیبهشت 1400,سایر مدیران,سهامی,97931014073700,0.025502
1400-02,اردیبهشت 1400,سایر مدیران,شاخصی,2799474397835,0.000729
1400-02,اردیبهشت 1400,سایر مدیران,صندوق در صندوق,751391642188,0.000196
1400-02,اردیبهشت 1400,سایر مدیران,مختلط,10639075692189,0.002771
1400-02,اردیبهشت 1400,سایر مدیران,پروژه‌ای,10578403012992,0.002755
1400-02,اردیبهشت 1400,سایر مدیران,کالایی,5276792698963,0.001374
1400-02,اردیبهشت 1400,سبد گردان اقتصاد بیدار,درآمد ثابت,1152551181498,0.0003
1400-02,اردیبهشت 1400,سبد گردان اقتصاد بیدار,سهامی,3656835545404,0.000952
1400-02,اردیبهشت 1400,سبد گردان کاریزما,درآمد ثابت,118363525407784,0.030823
1400-02,اردیبهشت 1400,سبد گردان کاریزما,سهامی,7740744686757,0.002016
1400-02,اردیبهشت 1400,سبد گردان کاریزما,شاخصی,1914350652828,0.000499
1400-02,اردیبهشت 1400,سبدگردان آگاه,درآمد ثابت,33037978195053,0.008603
1400-02,اردیبهشت 1400,سبدگردان آگاه,سهامی,16483927174072,0.004293
1400-02,اردیبهشت 1400,سبدگردان آگاه,مختلط,158857364447,4.1e-05
1400-02,اردیبهشت 1400,سبدگردان توسعه فیروزه,جسورانه,146816226239,3.8e-05
1400-02,اردیبهشت 1400,سبدگردان توسعه فیروزه,خصوصی,1005847426345,0.000262
1400-02,اردیبهشت 1400,سبدگردان توسعه فیروزه,درآمد ثابت,2138599127774,0.000557
1400-02,اردیبهشت 1400,سبدگردان توسعه فیروزه,سهامی,1189852310029,0.00031
1400-02,اردیبهشت 1400,سبدگردان توسعه فیروزه,شاخصی,2210125230151,0.000576
1400-02,اردیبهشت 1400,سبدگردان فارابی,درآمد ثابت,11236804040672,0.002926
1400-02,اردیبهشت 1400,سبدگردان فارابی,سهامی,6062082787280,0.001579
1400-02,اردیبهشت 1400,سبدگردان مفید,درآمد ثابت,129187770686287,0.033642
1400-02,اردیبهشت 1400,سبدگردان مفید,سهامی,64780408514132,0.016869
1400-02,اردیبهشت 1400,سبدگردان مفید,مختلط,2972235770531,0.000774
1400-02,اردیبهشت 1400,سبدگردان مفید,کالایی,1895352017937,0.000494
1400-02,اردیبهشت 1400,مشاور سرمایه گذاری ترنج,درآمد ثابت,6242732907019,0.001626
1400-02,اردیبهشت 1400,مشاور سرمایه گذاری ترنج,سهامی,5671181277742,0.001477
1400-03,خرداد 1400,تامین سرمایه,اهرمی,1126855692417,0.000289
1400-03,خرداد 1400,تامین سرمایه,بازنشستگی,12523352228738,0.003206
1400-03,خرداد 1400,تامین سرمایه,بخشی,194089671234455,0.049695
1400-03,خرداد 1400,تامین سرمایه,جسورانه,559956971603,0.000143
1400-03,خرداد 1400,تامین سرمایه,درآمد ثابت,2090573228747253,0.535274
1400-03,خرداد 1400,تامین سرمایه,سهامی,37812194787072,0.009681
1400-03,خرداد 1400,تامین سرمایه,شاخصی,3369620262712,0.000863
1400-03,خرداد 1400,تامین سرمایه,مختلط,4239411506050,0.001085
1400-03,خرداد 1400,تامین سرمایه,کالایی,20566275942839,0.005266
1400-03,خرداد 1400,سایر مدیران,بخشی,1841361920390,0.000471
1400-03,خرداد 1400,سایر مدیران,جسورانه,1561796590428,0.0004
1400-03,خرداد 1400,سایر مدیران,خصوصی,505695532237,0.000129
1400-03,خرداد 1400,سایر مدیران,درآمد ثابت,989001065877592,0.253225
1400-03,خرداد 1400,سایر مدیران,سهامی,97764071260790,0.025032
1400-03,خرداد 1400,سایر مدیران,شاخصی,2850079529563,0.00073
1400-03,خرداد 1400,سایر مدیران,صندوق در صندوق,758033786954,0.000194
1400-03,خرداد 1400,سایر مدیران,مختلط,10393548504637,0.002661
1400-03,خرداد 1400,سایر مدیران,پروژه‌ای,10578246984617,0.002708
1400-03,خرداد 1400,سایر مدیران,کالایی,5420262905826,0.001388
1400-03,خرداد 1400,سبد گردان اقتصاد بیدار,درآمد ثابت,1187964766586,0.000304
1400-03,خرداد 1400,سبد گردان اقتصاد بیدار,سهامی,3641435978813,0.000932
1400-03,خرداد 1400,سبد گردان کاریزما,درآمد ثابت,116188029477483,0.029749
1400-03,خرداد 1400,سبد گردان کاریزما,سهامی,7556180762983,0.001935
1400-03,خرداد 1400,سبد گردان کاریزما,شاخصی,1915318667273,0.00049
1400-03,خرداد 1400,سبدگردان آگاه,درآمد ثابت,33398246442391,0.008551
1400-03,خرداد 1400,سبدگردان آگاه,سهامی,16435690583237,0.004208
1400-03,خرداد 1400,سبدگردان آگاه,مختلط,159426210957,4.1e-05
1400-03,خرداد 1400,سبدگردان توسعه فیروزه,جسورانه,149185821897,3.8e-05
1400-03,خرداد 1400,سبدگردان توسعه فیروزه,خصوصی,1015301623343,0.00026
1400-03,خرداد 1400,سبدگردان توسعه فیروزه,درآمد ثابت,2201317830002,0.000564
1400-03,خرداد 1400,سبدگردان توسعه فیروزه,سهامی,1197608050316,0.000307
1400-03,خرداد 1400,سبدگردان توسعه فیروزه,شاخصی,2300180551036,0.000589
1400-03,خرداد 1400,سبدگردان فارابی,درآمد ثابت,10820320632841,0.00277
1400-03,خرداد 1400,سبدگردان فارابی,سهامی,5771347184643,0.001478
1400-03,خرداد 1400,سبدگردان مفید,درآمد ثابت,131416670005407,0.033648
1400-03,خرداد 1400,سبدگردان مفید,سهامی,67264066335227,0.017222
1400-03,خرداد 1400,سبدگردان مفید,مختلط,2984452491126,0.000764
1400-03,خرداد 1400,سبدگردان مفید,کالایی,1955321544948,0.000501
1400-03,خرداد 1400,مشاور سرمایه گذاری ترنج,درآمد ثابت,6849134700175,0.001754
1400-03,خرداد 1400,مشاور سرمایه گذاری ترنج,سهامی,5674673522646,0.001453
1400-04,تیر 1400,تامین سرمایه,اهرمی,1370914546342,0.00034
1400-04,تیر 1400,تامین سرمایه,بازنشستگی,14337519131434,0.003555
1400-04,تیر 1400,تامین سرمایه,بخشی,210013672470189,0.052073
1400-04,تیر 1400,تامین سرمایه,جسورانه,562386493342,0.000139
1400-04,تیر 1400,تامین سرمایه,درآمد ثابت,2143676035113766,0.531521
1400-04,تیر 1400,تامین سرمایه,سهامی,41786088031731,0.010361
1400-04,تیر 1400,تامین سرمایه,شاخصی,3888527541791,0.000964
1400-04,تیر 1400,تامین سرمایه,مختلط,4470605335040,0.001108
1400-04,تیر 1400,تامین سرمایه,کالایی,21761987968722,0.005396
1400-04,تیر 1400,سایر مدیران,بخشی,2684214437688,0.000666
1400-04,تیر 1400,سایر مدیران,جسورانه,1564971556452,0.000388
1400-04,تیر 1400,سایر مدیران,خصوصی,506256438141,0.000126
1400-04,تیر 1400,سایر مدیران,درآمد ثابت,1010269111645296,0.250495
1400-04,تیر 1400,سایر مدیران,سهامی,110564701483356,0.027414
1400-04,تیر 1400,سایر مدیران,شاخصی,3405414213337,0.000844
1400-04,تیر 1400,سایر مدیران,صندوق در صندوق,800049125728,0.000198
1400-04,تیر 1400,سایر مدیران,مختلط,10135505992462,0.002513
1400-04,تیر 1400,سایر مدیران,پروژه‌ای,10578091418463,0.002623
1400-04,تیر 1400,سایر مدیران,کالایی,5410693207852,0.001342
1400-04,تیر 1400,سبد گردان اقتصاد بیدار,درآمد ثابت,1227177235547,0.000304
1400-04,تیر 1400,سبد گردان اقتصاد بیدار,سهامی,4199976937292,0.001041
1400-04,تیر 1400,سبد گردان کاریزما,درآمد ثابت,115272437210804,0.028582
1400-04,تیر 1400,سبد گردان کاریزما,سهامی,8086554258454,0.002005
1400-04,تیر 1400,سبد گردان کاریزما,شاخصی,2177453279374,0.00054
1400-04,تیر 1400,سبد گردان کاریزما,مختلط,341503110623,8.5e-05
1400-04,تیر 1400,سبد گردان کاریزما,کالایی,1004989129985,0.000249
1400-04,تیر 1400,سبدگردان آگاه,درآمد ثابت,34021735011293,0.008436
1400-04,تیر 1400,سبدگردان آگاه,سهامی,18643331985350,0.004623
1400-04,تیر 1400,سبدگردان آگاه,مختلط,172721204402,4.3e-05
1400-04,تیر 1400,سبدگردان توسعه فیروزه,جسورانه,151130766230,3.7e-05
1400-04,تیر 1400,سبدگردان توسعه فیروزه,خصوصی,1021426028653,0.000253
1400-04,تیر 1400,سبدگردان توسعه فیروزه,درآمد ثابت,2255389704214,0.000559
1400-04,تیر 1400,سبدگردان توسعه فیروزه,سهامی,1378961042949,0.000342
1400-04,تیر 1400,سبدگردان توسعه فیروزه,شاخصی,2488415626957,0.000617
1400-04,تیر 1400,سبدگردان فارابی,درآمد ثابت,9954278972656,0.002468
1400-04,تیر 1400,سبدگردان فارابی,سهامی,5990621594386,0.001485
1400-04,تیر 1400,سبدگردان مفید,درآمد ثابت,131144943252982,0.032517
1400-04,تیر 1400,سبدگردان مفید,سهامی,78430243012482,0.019447
1400-04,تیر 1400,سبدگردان مفید,مختلط,3416958116826,0.000847
1400-04,تیر 1400,سبدگردان مفید,کالایی,1966561905048,0.000488
1400-04,تیر 1400,مشاور سرمایه گذاری ترنج,درآمد ثابت,5550243547184,0.001376
1400-04,تیر 1400,مشاور سرمایه گذاری ترنج,سهامی,6412960909796,0.00159
1400-05,مرداد 1400,تامین سرمایه,اهرمی,1511527899036,0.000363
1400-05,مرداد 1400,تامین سرمایه,بازنشستگی,16706844873989,0.004015
1400-05,مرداد 1400,تامین سرمایه,بخشی,228526690976849,0.054921
1400-05,مرداد 1400,تامین سرمایه,جسورانه,561587779553,0.000135
1400-05,مرداد 1400,تامین سرمایه,درآمد ثابت,2172445775488850,0.522096
1400-05,مرداد 1400,تامین سرمایه,سهامی,47081844831764,0.011315
1400-05,مرداد 1400,تامین سرمایه,شاخصی,4626518713421,0.001112
1400-05,مرداد 1400,تامین سرمایه,مختلط,4729939358871,0.001137
1400-05,مرداد 1400,تامین سرمایه,کالایی,28010235471219,0.006732
1400-05,مرداد 1400,سایر مدیران,بخشی,3020620871382,0.000726
1400-05,مرداد 1400,سایر مدیران,جسورانه,1567032876513,0.000377
1400-05,مرداد 1400,سایر مدیران,خصوصی,507302849356,0.000122
1400-05,مرداد 1400,سایر مدیران,درآمد ثابت,1013390135697498,0.243544
1400-05,مرداد 1400,سایر مدیران,سهامی,125139319551429,0.030074
1400-05,مرداد 1400,سایر مدیران,شاخصی,4676998393247,0.001124
1400-05,مرداد 1400,سایر مدیران,صندوق در صندوق,992662371866,0.000239
1400-05,مرداد 1400,سایر مدیران,مختلط,11501815809212,0.002764
1400-05,مرداد 1400,سایر مدیران,پروژه‌ای,10577696007392,0.002542
1400-05,مرداد 1400,سایر مدیران,کالایی,6419000099308,0.001543
1400-05,مرداد 1400,سبد گردان اقتصاد بیدار,درآمد ثابت,1251187193165,0.000301
1400-05,مرداد 1400,سبد گردان اقتصاد بیدار,سهامی,4730365504018,0.001137
1400-05,مرداد 1400,سبد گردان کاریزما,درآمد ثابت,119688714758079,0.028764
1400-05,مرداد 1400,سبد گردان کاریزما,سهامی,9032186909458,0.002171
1400-05,مرداد 1400,سبد گردان کاریزما,شاخصی,2782907870401,0.000669
1400-05,مرداد 1400,سبد گردان کاریزما,مختلط,385314463247,9.3e-05
1400-05,مرداد 1400,سبد گردان کاریزما,کالایی,1042611027708,0.000251
1400-05,مرداد 1400,سبدگردان آگاه,درآمد ثابت,34566103224521,0.008307
1400-05,مرداد 1400,سبدگردان آگاه,سهامی,23982943155966,0.005764
1400-05,مرداد 1400,سبدگردان آگاه,مختلط,191028043561,4.6e-05
1400-05,مرداد 1400,سبدگردان توسعه فیروزه,جسورانه,150772555483,3.6e-05
1400-05,مرداد 1400,سبدگردان توسعه فیروزه,خصوصی,1031004916017,0.000248
1400-05,مرداد 1400,سبدگردان توسعه فیروزه,درآمد ثابت,2314189388658,0.000556
1400-05,مرداد 1400,سبدگردان توسعه فیروزه,سهامی,1573962142875,0.000378
1400-05,مرداد 1400,سبدگردان توسعه فیروزه,شاخصی,2847156779915,0.000684
1400-05,مرداد 1400,سبدگردان فارابی,درآمد ثابت,9191431307429,0.002209
1400-05,مرداد 1400,سبدگردان فارابی,سهامی,7599959893592,0.001826
1400-05,مرداد 1400,سبدگردان مفید,درآمد ثابت,135646732638937,0.032599
1400-05,مرداد 1400,سبدگردان مفید,سهامی,98930887355507,0.023776
1400-05,مرداد 1400,سبدگردان مفید,مختلط,3880408840757,0.000933
1400-05,مرداد 1400,سبدگردان مفید,کالایی,2799753720665,0.000673
1400-05,مرداد 1400,مشاور سرمایه گذاری ترنج,درآمد ثابت,6245811348958,0.001501
1400-05,مرداد 1400,مشاور سرمایه گذاری ترنج,سهامی,9149720511896,0.002199
1400-06,شهریور 1400,تامین سرمایه,اهرمی,1378909409422,0.000321
1400-06,شهریور 1400,تامین سرمایه,بازنشستگی,14525873193113,0.003383
1400-06,شهریور 1400,تامین سرمایه,بخشی,216857035416756,0.050511
1400-06,شهریور 1400,تامین سرمایه,جسورانه,564606517412,0.000132
1400-06,شهریور 1400,تامین سرمایه,درآمد ثابت,2266537821420548,0.527929
1400-06,شهریور 1400,تامین سرمایه,سهامی,41707904445972,0.009715
1400-06,شهریور 1400,تامین سرمایه,شاخصی,4226651578640,0.000984
1400-06,شهریور 1400,تامین سرمایه,مختلط,4141155898631,0.000965
1400-06,شهریور 1400,تامین سرمایه,کالایی,27097584316409,0.006312
1400-06,شهریور 1400,سایر مدیران,بخشی,3010154144207,0.000701
1400-06,شهریور 1400,سایر مدیران,جسورانه,1567472426780,0.000365
1400-06,شهریور 1400,سایر مدیران,خصوصی,509780468553,0.000119
1400-06,شهریور 1400,سایر مدیران,درآمد ثابت,1031380888469242,0.240232
1400-06,شهریور 1400,سایر مدیران,سهامی,110754815114334,0.025797
1400-06,شهریور 1400,سایر مدیران,شاخصی,4072177050534,0.000949
1400-06,شهریور 1400,سایر مدیران,صندوق در صندوق,1371415735422,0.000319
1400-06,شهریور 1400,سایر مدیران,مختلط,10579110606708,0.002464
1400-06,شهریور 1400,سایر مدیران,پروژه‌ای,10577541532228,0.002464
1400-06,شهریور 1400,سایر مدیران,کالایی,6142464761817,0.001431
1400-06,شهریور 1400,سبد گردان اقتصاد بیدار,درآمد ثابت,2137586574215,0.000498
1400-06,شهریور 1400,سبد گردان اقتصاد بیدار,سهامی,4361006520085,0.001016
1400-06,شهریور 1400,سبد گردان کاریزما,درآمد ثابت,151296762003867,0.03524
1400-06,شهریور 1400,سبد گردان کاریزما,سهامی,8385689989254,0.001953
1400-06,شهریور 1400,سبد گردان کاریزما,شاخصی,2416452052817,0.000563
1400-06,شهریور 1400,سبد گردان کاریزما,مختلط,362716240231,8.4e-05
1400-06,شهریور 1400,سبد گردان کاریزما,کالایی,1114554989530,0.00026
1400-06,شهریور 1400,سبدگردان آگاه,درآمد ثابت,38614514479375,0.008994
1400-06,شهریور 1400,سبدگردان آگاه,سهامی,23101484858753,0.005381
1400-06,شهریور 1400,سبدگردان آگاه,مختلط,185006847860,4.3e-05
1400-06,شهریور 1400,سبدگردان توسعه فیروزه,جسورانه,151308979237,3.5e-05
1400-06,شهریور 1400,سبدگردان توسعه فیروزه,خصوصی,1021027612876,0.000238
1400-06,شهریور 1400,سبدگردان توسعه فیروزه,درآمد ثابت,2309258463279,0.000538
1400-06,شهریور 1400,سبدگردان توسعه فیروزه,سهامی,1508146274498,0.000351
1400-06,شهریور 1400,سبدگردان توسعه فیروزه,شاخصی,2616157703701,0.000609
1400-06,شهریور 1400,سبدگردان فارابی,درآمد ثابت,10312284020822,0.002402
1400-06,شهریور 1400,سبدگردان فارابی,سهامی,6772340625707,0.001577
1400-06,شهریور 1400,سبدگردان مفید,درآمد ثابت,155229597476379,0.036157
1400-06,شهریور 1400,سبدگردان مفید,سهامی,96927097099388,0.022577
1400-06,شهریور 1400,سبدگردان مفید,مختلط,3815236867218,0.000889
1400-06,شهریور 1400,سبدگردان مفید,کالایی,2643962906213,0.000616
1400-06,شهریور 1400,مشاور سرمایه گذاری ترنج,درآمد ثابت,11959297231939,0.002786
1400-06,شهریور 1400,مشاور سرمایه گذاری ترنج,سهامی,9021274766679,0.002101
1400-07,مهر 1400,تامین سرمایه,اهرمی,1359395548212,0.000309
1400-07,مهر 1400,تامین سرمایه,بازنشستگی,14990402614054,0.00341
1400-07,مهر 1400,تامین سرمایه,بخشی,211084303383232,0.048023
1400-07,مهر 1400,تامین سرمایه,جسورانه,564674884264,0.000128
1400-07,مهر 1400,تامین سرمایه,درآمد ثابت,2364056016470369,0.537839
1400-07,مهر 1400,تامین سرمایه,سهامی,42096966614988,0.009577
1400-07,مهر 1400,تامین سرمایه,شاخصی,4839337226902,0.001101
1400-07,مهر 1400,تامین سرمایه,مختلط,4155443750947,0.000945
1400-07,مهر 1400,تامین سرمایه,کالایی,26891772865652,0.006118
1400-07,مهر 1400,سایر مدیران,بخشی,3092069618755,0.000703
1400-07,مهر 1400,سایر مدیران,جسورانه,1569030489784,0.000357
1400-07,مهر 1400,سایر مدیران,خصوصی,511539555768,0.000116
1400-07,مهر 1400,سایر مدیران,درآمد ثابت,1042588614880631,0.237196
1400-07,مهر 1400,سایر مدیران,سهامی,113929520642050,0.02592
1400-07,مهر 1400,سایر مدیران,شاخصی,4261035714543,0.000969
1400-07,مهر 1400,سایر مدیران,صندوق در صندوق,1525436684398,0.000347
1400-07,مهر 1400,سایر مدیران,مختلط,10574749381956,0.002406
1400-07,مهر 1400,سایر مدیران,پروژه‌ای,10577454449599,0.002406
1400-07,مهر 1400,سایر مدیران,کالایی,6120246358488,0.001392
1400-07,مهر 1400,سبد گردان اقتصاد بیدار,درآمد ثابت,2814625052115,0.00064
1400-07,مهر 1400,سبد گردان اقتصاد بیدار,سهامی,4318789365753,0.000983
1400-07,مهر 1400,سبد گردان کاریزما,درآمد ثابت,133895199273580,0.030462
1400-07,مهر 1400,سبد گردان کاریزما,سهامی,8399587624848,0.001911
1400-07,مهر 1400,سبد گردان کاریزما,شاخصی,2510134968327,0.000571
1400-07,مهر 1400,سبد گردان کاریزما,مختلط,361070545960,8.2e-05
1400-07,مهر 1400,سبد گردان کاریزما,کالایی,1107760645618,0.000252
1400-07,مهر 1400,سبدگردان آگاه,درآمد ثابت,39665249932981,0.009024
1400-07,مهر 1400,سبدگردان آگاه,سهامی,24045553221384,0.005471
1400-07,مهر 1400,سبدگردان آگاه,مختلط,201565755094,4.6e-05
1400-07,مهر 1400,سبدگردان توسعه فیروزه,جسورانه,151688274663,3.5e-05
1400-07,مهر 1400,سبدگردان توسعه فیروزه,خصوصی,1023262691225,0.000233
1400-07,مهر 1400,سبدگردان توسعه فیروزه,درآمد ثابت,2336519930886,0.000532
1400-07,مهر 1400,سبدگردان توسعه فیروزه,سهامی,1546500745529,0.000352
1400-07,مهر 1400,سبدگردان توسعه فیروزه,شاخصی,2686811183694,0.000611
1400-07,مهر 1400,سبدگردان فارابی,درآمد ثابت,10817142409944,0.002461
1400-07,مهر 1400,سبدگردان فارابی,سهامی,6410947492332,0.001459
1400-07,مهر 1400,سبدگردان مفید,درآمد ثابت,155693554529637,0.035421
1400-07,مهر 1400,سبدگردان مفید,سهامی,103957222683326,0.023651
1400-07,مهر 1400,سبدگردان مفید,مختلط,4041307091128,0.000919
1400-07,مهر 1400,سبدگردان مفید,کالایی,2627753932843,0.000598
1400-07,مهر 1400,مشاور سرمایه گذاری ترنج,درآمد ثابت,12756683744861,0.002902
1400-07,مهر 1400,مشاور سرمایه گذاری ترنج,سهامی,9317253164825,0.00212
1400-08,آبان 1400,تامین سرمایه,اهرمی,1541258058425,0.000352
1400-08,آبان 1400,تامین سرمایه,بازنشستگی,14315180748999,0.003269
1400-08,آبان 1400,تامین سرمایه,بخشی,195441600306451,0.044631
1400-08,آبان 1400,تامین سرمایه,جسورانه,566476969451,0.000129
1400-08,آبان 1400,تامین سرمایه,درآمد ثابت,2385380282668737,0.544728
1400-08,آبان 1400,تامین سرمایه,سهامی,40048025071977,0.009145
1400-08,آبان 1400,تامین سرمایه,شاخصی,4842551011405,0.001106
1400-08,آبان 1400,تامین سرمایه,مختلط,4068462719546,0.000929
1400-08,آبان 1400,تامین سرمایه,کالایی,28407689756702,0.006487
1400-08,آبان 1400,سایر مدیران,بخشی,3051017361658,0.000697
1400-08,آبان 1400,سایر مدیران,جسورانه,3088519967073,0.000705
1400-08,آبان 1400,سایر مدیران,خصوصی,10522584994321,0.002403
1400-08,آبان 1400,سایر مدیران,درآمد ثابت,1032961930381510,0.235888
1400-08,آبان 1400,سایر مدیران,سهامی,107609574369345,0.024574
1400-08,آبان 1400,سایر مدیران,شاخصی,4093784581448,0.000935
1400-08,آبان 1400,سایر مدیران,صندوق در صندوق,1531852812103,0.00035
1400-08,آبان 1400,سایر مدیران,مختلط,10205645402412,0.002331
1400-08,آبان 1400,سایر مدیران,پروژه‌ای,10577282061741,0.002415
1400-08,آبان 1400,سایر مدیران,کالایی,8201434492487,0.001873
1400-08,آبان 1400,سبد گردان اقتصاد بیدار,درآمد ثابت,4610250319883,0.001053
1400-08,آبان 1400,سبد گردان اقتصاد بیدار,سهامی,3969839679708,0.000907
1400-08,آبان 1400,سبد گردان کاریزما,درآمد ثابت,121309491639724,0.027702
1400-08,آبان 1400,سبد گردان کاریزما,سهامی,7989558482657,0.001825
1400-08,آبان 1400,سبد گردان کاریزما,شاخصی,2388838239916,0.000546
1400-08,آبان 1400,سبد گردان کاریزما,مختلط,348207860902,8e-05
1400-08,آبان 1400,سبد گردان کاریزما,کالایی,1310961067708,0.000299
1400-08,آبان 1400,سبدگردان آگاه,درآمد ثابت,39813850291949,0.009092
1400-08,آبان 1400,سبدگردان آگاه,سهامی,23538952191773,0.005375
1400-08,آبان 1400,سبدگردان آگاه,مختلط,200984718406,4.6e-05
1400-08,آبان 1400,سبدگردان توسعه فیروزه,جسورانه,205128419991,4.7e-05
1400-08,آبان 1400,سبدگردان توسعه فیروزه,خصوصی,1023369605058,0.000234
1400-08,آبان 1400,سبدگردان توسعه فیروزه,درآمد ثابت,2386660270483,0.000545
1400-08,آبان 1400,سبدگردان توسعه فیروزه,سهامی,1411802667089,0.000322
1400-08,آبان 1400,سبدگردان توسعه فیروزه,شاخصی,2646354247851,0.000604
1400-08,آبان 1400,سبدگردان فارابی,درآمد ثابت,9869522988917,0.002254
1400-08,آبان 1400,سبدگردان فارابی,سهامی,6058608290258,0.001384
1400-08,آبان 1400,سبدگردان مفید,درآمد ثابت,152147662580549,0.034745
1400-08,آبان 1400,سبدگردان مفید,سهامی,101114524922463,0.023091
1400-08,آبان 1400,سبدگردان مفید,مختلط,3958827894377,0.000904
1400-08,آبان 1400,سبدگردان مفید,کالایی,2875025795258,0.000657
1400-08,آبان 1400,مشاور سرمایه گذاری ترنج,درآمد ثابت,13718247961782,0.003133
1400-08,آبان 1400,مشاور سرمایه گذاری ترنج,سهامی,8970677890863,0.002049
1400-08,آبان 1400,مشاور سرمایه گذاری ترنج,مختلط,709880054042,0.000162
1400-09,آذر 1400,تامین سرمایه,اهرمی,1541347071964,0.000356
1400-09,آذر 1400,تامین سرمایه,بازنشستگی,13428979751377,0.003106
1400-09,آذر 1400,تامین سرمایه,بخشی,184901371748204,0.04276
1400-09,آذر 1400,تامین سرمایه,جسورانه,566268942849,0.000131
1400-09,آذر 1400,تامین سرمایه,درآمد ثابت,2429738300665918,0.561893
1400-09,آذر 1400,تامین سرمایه,سهامی,37115210682132,0.008583
1400-09,آذر 1400,تامین سرمایه,شاخصی,4575093913968,0.001058
1400-09,آذر 1400,تامین سرمایه,مختلط,3918882105083,0.000906
1400-09,آذر 1400,تامین سرمایه,کالایی,28184291582881,0.006518
1400-09,آذر 1400,سایر مدیران,بخشی,3002693051328,0.000694
1400-09,آذر 1400,سایر مدیران,جسورانه,3114339725375,0.00072
1400-09,آذر 1400,سایر مدیران,خصوصی,10559204783273,0.002442
1400-09,آذر 1400,سایر مدیران,درآمد ثابت,968767068599019,0.224034
1400-09,آذر 1400,سایر مدیران,سهامی,98845190481870,0.022859
1400-09,آذر 1400,سایر مدیران,شاخصی,3827496672985,0.000885
1400-09,آذر 1400,سایر مدیران,صندوق در صندوق,1531795648111,0.000354
1400-09,آذر 1400,سایر مدیران,مختلط,9620781656758,0.002225
1400-09,آذر 1400,سایر مدیران,پروژه‌ای,10577109231710,0.002446
1400-09,آذر 1400,سایر مدیران,کالایی,8264087456506,0.001911
1400-09,آذر 1400,سبد گردان اقتصاد بیدار,درآمد ثابت,5926798635831,0.001371
1400-09,آذر 1400,سبد گردان اقتصاد بیدار,سهامی,3701980982010,0.000856
1400-09,آذر 1400,سبد گردان کاریزما,اهرمی,5000377673996,0.001156
1400-09,آذر 1400,سبد گردان کاریزما,درآمد ثابت,114542333763833,0.026489
1400-09,آذر 1400,سبد گردان کاریزما,سهامی,7721498603737,0.001786
1400-09,آذر 1400,سبد گردان کاریزما,شاخصی,2236320769844,0.000517
1400-09,آذر 1400,سبد گردان کاریزما,مختلط,335071110852,7.7e-05
1400-09,آذر 1400,سبد گردان کاریزما,کالایی,1691124032183,0.000391
1400-09,آذر 1400,سبدگردان آگاه,درآمد ثابت,37136564310875,0.008588
1400-09,آذر 1400,سبدگردان آگاه,سهامی,22228287247445,0.00514
1400-09,آذر 1400,سبدگردان آگاه,مختلط,191074248697,4.4e-05
1400-09,آذر 1400,سبدگردان توسعه فیروزه,جسورانه,206055355154,4.8e-05
1400-09,آذر 1400,سبدگردان توسعه فیروزه,خصوصی,1025341934339,0.000237
1400-09,آذر 1400,سبدگردان توسعه فیروزه,درآمد ثابت,2023744849177,0.000468
1400-09,آذر 1400,سبدگردان توسعه فیروزه,سهامی,1622837854124,0.000375
1400-09,آذر 1400,سبدگردان توسعه فیروزه,شاخصی,2556891607448,0.000591
1400-09,آذر 1400,سبدگردان فارابی,درآمد ثابت,8852864506567,0.002047
1400-09,آذر 1400,سبدگردان فارابی,سهامی,5584367112396,0.001291
1400-09,آذر 1400,سبدگردان مفید,درآمد ثابت,147149094976840,0.034029
1400-09,آذر 1400,سبدگردان مفید,سهامی,98408158270230,0.022758
1400-09,آذر 1400,سبدگردان مفید,مختلط,3704109190683,0.000857
1400-09,آذر 1400,سبدگردان مفید,کالایی,3409206379721,0.000788
1400-09,آذر 1400,مشاور سرمایه گذاری ترنج,درآمد ثابت,17217141873349,0.003982
1400-09,آذر 1400,مشاور سرمایه گذاری ترنج,سهامی,8983157053687,0.002077
1400-09,آذر 1400,مشاور سرمایه گذاری ترنج,مختلط,670417860534,0.000155
1400-10,دی 1400,تامین سرمایه,اهرمی,1479975401863,0.00034
1400-10,دی 1400,تامین سرمایه,بازنشستگی,12944338101843,0.002974
1400-10,دی 1400,تامین سرمایه,بخشی,182888815636414,0.042019
1400-10,دی 1400,تامین سرمایه,جسورانه,564399355001,0.00013
1400-10,دی 1400,تامین سرمایه,درآمد ثابت,2469636767848473,0.567403
1400-10,دی 1400,تامین سرمایه,سهامی,35073013992551,0.008058
1400-10,دی 1400,تامین سرمایه,شاخصی,4368609064548,0.001004
1400-10,دی 1400,تامین سرمایه,مختلط,3829663075627,0.00088
1400-10,دی 1400,تامین سرمایه,کالایی,25180095883381,0.005785
1400-10,دی 1400,سایر مدیران,بخشی,3142287135853,0.000722
1400-10,دی 1400,سایر مدیران,جسورانه,3135284890669,0.00072
1400-10,دی 1400,سایر مدیران,خصوصی,10768081252736,0.002474
1400-10,دی 1400,سایر مدیران,درآمد ثابت,959912344553594,0.220542
1400-10,دی 1400,سایر مدیران,سهامی,92852376083647,0.021333
1400-10,دی 1400,سایر مدیران,شاخصی,3684140883447,0.000846
1400-10,دی 1400,سایر مدیران,صندوق در صندوق,1537645247406,0.000353
1400-10,دی 1400,سایر مدیران,مختلط,8663184137831,0.00199
1400-10,دی 1400,سایر مدیران,پروژه‌ای,10576936726149,0.00243
1400-10,دی 1400,سایر مدیران,کالایی,7500418580680,0.001723
1400-10,دی 1400,سبد گردان اقتصاد بیدار,درآمد ثابت,6689274840106,0.001537
1400-10,دی 1400,سبد گردان اقتصاد بیدار,سهامی,3612578265768,0.00083
1400-10,دی 1400,سبد گردان کاریزما,اهرمی,4775944244084,0.001097
1400-10,دی 1400,سبد گردان کاریزما,درآمد ثابت,126797450226345,0.029132
1400-10,دی 1400,سبد گردان کاریزما,سهامی,7380650075974,0.001696
1400-10,دی 1400,سبد گردان کاریزما,شاخصی,2077932454255,0.000477
1400-10,دی 1400,سبد گردان کاریزما,مختلط,331799348864,7.6e-05
1400-10,دی 1400,سبد گردان کاریزما,کالایی,1762569048321,0.000405
1400-10,دی 1400,سبدگردان آگاه,درآمد ثابت,35513115699481,0.008159
1400-10,دی 1400,سبدگردان آگاه,سهامی,20808633743557,0.004781
1400-10,دی 1400,سبدگردان آگاه,مختلط,187701987184,4.3e-05
1400-10,دی 1400,سبدگردان توسعه فیروزه,جسورانه,208465175021,4.8e-05
1400-10,دی 1400,سبدگردان توسعه فیروزه,خصوصی,1043359805776,0.00024
1400-10,دی 1400,سبدگردان توسعه فیروزه,درآمد ثابت,2068836660865,0.000475
1400-10,دی 1400,سبدگردان توسعه فیروزه,سهامی,1609611055091,0.00037
1400-10,دی 1400,سبدگردان توسعه فیروزه,شاخصی,2417589581559,0.000555
1400-10,دی 1400,سبدگردان فارابی,درآمد ثابت,8654053856840,0.001988
1400-10,دی 1400,سبدگردان فارابی,سهامی,5368180719487,0.001233
1400-10,دی 1400,سبدگردان مفید,درآمد ثابت,152556400559530,0.03505
1400-10,دی 1400,سبدگردان مفید,سهامی,92402912402058,0.02123
1400-10,دی 1400,سبدگردان مفید,مختلط,3616325127896,0.000831
1400-10,دی 1400,سبدگردان مفید,کالایی,2976781980002,0.000684
1400-10,دی 1400,مشاور سرمایه گذاری ترنج,درآمد ثابت,22692536616537,0.005214
1400-10,دی 1400,مشاور سرمایه گذاری ترنج,سهامی,8577850894041,0.001971
1400-10,دی 1400,مشاور سرمایه گذاری ترنج,مختلط,654482453499,0.00015
1400-11,بهمن 1400,تامین سرمایه,اهرمی,1500218489765,0.000339
1400-11,بهمن 1400,تامین سرمایه,بازنشستگی,13120898890538,0.002968
1400-11,بهمن 1400,تامین سرمایه,بخشی,186630448843760,0.042215
1400-11,بهمن 1400,تامین سرمایه,جسورانه,566966687792,0.000128
1400-11,بهمن 1400,تامین سرمایه,درآمد ثابت,2505321601759553,0.56669
1400-11,بهمن 1400,تامین سرمایه,سهامی,34495903805694,0.007803
1400-11,بهمن 1400,تامین سرمایه,شاخصی,4334576233290,0.00098
1400-11,بهمن 1400,تامین سرمایه,مختلط,3812321523056,0.000862
1400-11,بهمن 1400,تامین سرمایه,کالایی,23646788697489,0.005349
1400-11,بهمن 1400,سایر مدیران,بخشی,3023140588215,0.000684
1400-11,بهمن 1400,سایر مدیران,جسورانه,3188360776772,0.000721
1400-11,بهمن 1400,سایر مدیران,خصوصی,10812730855798,0.002446
1400-11,بهمن 1400,سایر مدیران,درآمد ثابت,958057577330464,0.216707
1400-11,بهمن 1400,سایر مدیران,سهامی,89473744975126,0.020238
1400-11,بهمن 1400,سایر مدیران,شاخصی,3639203465179,0.000823
1400-11,بهمن 1400,سایر مدیران,صندوق در صندوق,2114739725304,0.000478
1400-11,بهمن 1400,سایر مدیران,مختلط,7739113179093,0.001751
1400-11,بهمن 1400,سایر مدیران,پروژه‌ای,10576823833095,0.002392
1400-11,بهمن 1400,سایر مدیران,کالایی,6921985375991,0.001566
1400-11,بهمن 1400,سبد گردان اقتصاد بیدار,درآمد ثابت,8031277746761,0.001817
1400-11,بهمن 1400,سبد گردان اقتصاد بیدار,سهامی,3422346742076,0.000774
1400-11,بهمن 1400,سبد گردان کاریزما,اهرمی,4750346096384,0.001075
1400-11,بهمن 1400,سبد گردان کاریزما,درآمد ثابت,152820777305066,0.034567
1400-11,بهمن 1400,سبد گردان کاریزما,سهامی,7127268391218,0.001612
1400-11,بهمن 1400,سبد گردان کاریزما,شاخصی,2026411093147,0.000458
1400-11,بهمن 1400,سبد گردان کاریزما,صندوق در صندوق,582690030120,0.000132
1400-11,بهمن 1400,سبد گردان کاریزما,مختلط,360555791922,8.2e-05
1400-11,بهمن 1400,سبد گردان کاریزما,کالایی,1746057053530,0.000395
1400-11,بهمن 1400,سبدگردان آگاه,درآمد ثابت,34335154256454,0.007766
1400-11,بهمن 1400,سبدگردان آگاه,سهامی,20123198767638,0.004552
1400-11,بهمن 1400,سبدگردان آگاه,مختلط,187644922009,4.2e-05
1400-11,بهمن 1400,سبدگردان توسعه فیروزه,جسورانه,209200709377,4.7e-05
1400-11,بهمن 1400,سبدگردان توسعه فیروزه,خصوصی,1049585235277,0.000237
1400-11,بهمن 1400,سبدگردان توسعه فیروزه,درآمد ثابت,2068827252385,0.000468
1400-11,بهمن 1400,سبدگردان توسعه فیروزه,سهامی,1535379207948,0.000347
1400-11,بهمن 1400,سبدگردان توسعه فیروزه,شاخصی,2410471166427,0.000545
1400-11,بهمن 1400,سبدگردان فارابی,درآمد ثابت,9120588402632,0.002063
1400-11,بهمن 1400,سبدگردان فارابی,سهامی,4989337276331,0.001129
1400-11,بهمن 1400,سبدگردان مفید,درآمد ثابت,167612703421824,0.037913
1400-11,بهمن 1400,سبدگردان مفید,سهامی,88608259741002,0.020043
1400-11,بهمن 1400,سبدگردان مفید,مختلط,3342877500077,0.000756
1400-11,بهمن 1400,سبدگردان مفید,کالایی,2773232151058,0.000627
1400-11,بهمن 1400,مشاور سرمایه گذاری ترنج,درآمد ثابت,23808409021285,0.005385
1400-11,بهمن 1400,مشاور سرمایه گذاری ترنج,سهامی,8302239262603,0.001878
1400-11,بهمن 1400,مشاور سرمایه گذاری ترنج,مختلط,650263866819,0.000147
1400-12,اسفند 1400,تامین سرمایه,اهرمی,1407158484918,0.000307
1400-12,اسفند 1400,تامین سرمایه,بازنشستگی,13991945997980,0.003048
1400-12,اسفند 1400,تامین سرمایه,بخشی,211252402412895,0.046014
1400-12,اسفند 1400,تامین سرمایه,جسورانه,567055338996,0.000124
1400-12,اسفند 1400,تامین سرمایه,درآمد ثابت,2595768025863659,0.565401
1400-12,اسفند 1400,تامین سرمایه,سهامی,36645420191229,0.007982
1400-12,اسفند 1400,تامین سرمایه,شاخصی,4745046955260,0.001034
1400-12,اسفند 1400,تامین سرمایه,مختلط,3902816310906,0.00085
1400-12,اسفند 1400,تامین سرمایه,کالایی,23683274792706,0.005159
1400-12,اسفند 1400,سایر مدیران,بخشی,2735352565708,0.000596
1400-12,اسفند 1400,سایر مدیران,جسورانه,3380828723132,0.000736
1400-12,اسفند 1400,سایر مدیران,خصوصی,10881897379596,0.00237
1400-12,اسفند 1400,سایر مدیران,درآمد ثابت,971444736590326,0.211596
1400-12,اسفند 1400,سایر مدیران,سهامی,95183505061738,0.020733
1400-12,اسفند 1400,سایر مدیران,شاخصی,3260786464990,0.00071
1400-12,اسفند 1400,سایر مدیران,صندوق در صندوق,2189704640676,0.000477
1400-12,اسفند 1400,سایر مدیران,مختلط,7901150647575,0.001721
1400-12,اسفند 1400,سایر مدیران,پروژه‌ای,10576593167752,0.002304
1400-12,اسفند 1400,سایر مدیران,کالایی,7035293671913,0.001532
1400-12,اسفند 1400,سبد گردان اقتصاد بیدار,درآمد ثابت,8244573153426,0.001796
1400-12,اسفند 1400,سبد گردان اقتصاد بیدار,سهامی,3580609929240,0.00078
1400-12,اسفند 1400,سبد گردان کاریزما,اهرمی,5247920182564,0.001143
1400-12,اسفند 1400,سبد گردان کاریزما,درآمد ثابت,157697818605670,0.034349
1400-12,اسفند 1400,سبد گردان کاریزما,سهامی,7603251520591,0.001656
1400-12,اسفند 1400,سبد گردان کاریزما,شاخصی,2115907831218,0.000461
1400-12,اسفند 1400,سبد گردان کاریزما,صندوق در صندوق,703531021656,0.000153
1400-12,اسفند 1400,سبد گردان کاریزما,مختلط,394601591413,8.6e-05
1400-12,اسفند 1400,سبد گردان کاریزما,کالایی,1799601768977,0.000392
1400-12,اسفند 1400,سبدگردان آگاه,درآمد ثابت,37835518560092,0.008241
1400-12,اسفند 1400,سبدگردان آگاه,سهامی,21425403222043,0.004667
1400-12,اسفند 1400,سبدگردان آگاه,مختلط,194384668683,4.2e-05
1400-12,اسفند 1400,سبدگردان توسعه فیروزه,جسورانه,211399453280,4.6e-05
1400-12,اسفند 1400,سبدگردان توسعه فیروزه,خصوصی,1055633352134,0.00023
1400-12,اسفند 1400,سبدگردان توسعه فیروزه,درآمد ثابت,2478545991691,0.00054
1400-12,اسفند 1400,سبدگردان توسعه فیروزه,سهامی,1571323403385,0.000342
1400-12,اسفند 1400,سبدگردان توسعه فیروزه,شاخصی,2557220401324,0.000557
1400-12,اسفند 1400,سبدگردان فارابی,درآمد ثابت,7372581809737,0.001606
1400-12,اسفند 1400,سبدگردان فارابی,سهامی,5415997619103,0.00118
1400-12,اسفند 1400,سبدگردان مفید,درآمد ثابت,171377002624199,0.037329
1400-12,اسفند 1400,سبدگردان مفید,سهامی,93404254771529,0.020345
1400-12,اسفند 1400,سبدگردان مفید,شاخصی,5067748757999,0.001104
1400-12,اسفند 1400,سبدگردان مفید,مختلط,3590072248810,0.000782
1400-12,اسفند 1400,سبدگردان مفید,کالایی,2992010211730,0.000652
1400-12,اسفند 1400,مشاور سرمایه گذاری ترنج,درآمد ثابت,31199953011674,0.006796
1400-12,اسفند 1400,مشاور سرمایه گذاری ترنج,سهامی,8634383067870,0.001881
1400-12,اسفند 1400,مشاور سرمایه گذاری ترنج,مختلط,700990265369,0.000153
1401-01,فروردین 1401,تامین سرمایه,اهرمی,1529261396825,0.000316
1401-01,فروردین 1401,تامین سرمایه,بازنشستگی,15294150006141,0.003158
1401-01,فروردین 1401,تامین سرمایه,بخشی,239246413676374,0.049408
1401-01,فروردین 1401,تامین سرمایه,جسورانه,567410581318,0.000117
1401-01,فروردین 1401,تامین سرمایه,درآمد ثابت,2717105409375078,0.561121
1401-01,فروردین 1401,تامین سرمایه,سهامی,41047269997274,0.008477
1401-01,فروردین 1401,تامین سرمایه,شاخصی,5117111461807,0.001057
1401-01,فروردین 1401,تامین سرمایه,مختلط,4137723819309,0.000854
1401-01,فروردین 1401,تامین سرمایه,کالایی,25142218713902,0.005192
1401-01,فروردین 1401,سایر مدیران,بخشی,2822934735784,0.000583
1401-01,فروردین 1401,سایر مدیران,جسورانه,3389646049855,0.0007
1401-01,فروردین 1401,سایر مدیران,خصوصی,10973602313251,0.002266
1401-01,فروردین 1401,سایر مدیران,درآمد ثابت,1006227902500053,0.2078
1401-01,فروردین 1401,سایر مدیران,سهامی,106183671080372,0.021928
1401-01,فروردین 1401,سایر مدیران,شاخصی,3331771385313,0.000688
1401-01,فروردین 1401,سایر مدیران,صندوق در صندوق,2305181943942,0.000476
1401-01,فروردین 1401,سایر مدیران,مختلط,8357192641389,0.001726
1401-01,فروردین 1401,سایر مدیران,پروژه‌ای,10576640683109,0.002184
1401-01,فروردین 1401,سایر مدیران,کالایی,7465486384862,0.001542
1401-01,فروردین 1401,سبد گردان اقتصاد بیدار,درآمد ثابت,8509227473339,0.001757
1401-01,فروردین 1401,سبد گردان اقتصاد بیدار,سهامی,4094369807740,0.000846
1401-01,فروردین 1401,سبد گردان کاریزما,اهرمی,6185496365055,0.001277
1401-01,فروردین 1401,سبد گردان کاریزما,درآمد ثابت,167659685133911,0.034624
1401-01,فروردین 1401,سبد گردان کاریزما,سهامی,8466346384295,0.001748
1401-01,فروردین 1401,سبد گردان کاریزما,شاخصی,2386486413583,0.000493
1401-01,فروردین 1401,سبد گردان کاریزما,صندوق در صندوق,879438253498,0.000182
1401-01,فروردین 1401,سبد گردان کاریزما,مختلط,565776468385,0.000117
1401-01,فروردین 1401,سبد گردان کاریزما,کالایی,1909887261955,0.000394
1401-01,فروردین 1401,سبدگردان آگاه,درآمد ثابت,45959415490146,0.009491
1401-01,فروردین 1401,سبدگردان آگاه,سهامی,23402591347212,0.004833
1401-01,فروردین 1401,سبدگردان آگاه,مختلط,209585363096,4.3e-05
1401-01,فروردین 1401,سبدگردان توسعه فیروزه,جسورانه,213596078038,4.4e-05
1401-01,فروردین 1401,سبدگردان توسعه فیروزه,خصوصی,1063427028059,0.00022
1401-01,فروردین 1401,سبدگردان توسعه فیروزه,درآمد ثابت,5862950392752,0.001211
1401-01,فروردین 1401,سبدگردان توسعه فیروزه,سهامی,1672656999176,0.000345
1401-01,فروردین 1401,سبدگردان توسعه فیروزه,شاخصی,2768215579297,0.000572
1401-01,فروردین 1401,سبدگردان فارابی,درآمد ثابت,6571641086163,0.001357
1401-01,فروردین 1401,سبدگردان فارابی,سهامی,5940461758296,0.001227
1401-01,فروردین 1401,سبدگردان مفید,درآمد ثابت,178055029122279,0.036771
1401-01,فروردین 1401,سبدگردان مفید,سهامی,105422004597215,0.021771
1401-01,فروردین 1401,سبدگردان مفید,شاخصی,4436292099993,0.000916
1401-01,فروردین 1401,سبدگردان مفید,مختلط,3954972013087,0.000817
1401-01,فروردین 1401,سبدگردان مفید,کالایی,3928961900769,0.000811
1401-01,فروردین 1401,مشاور سرمایه گذاری ترنج,درآمد ثابت,31243601405296,0.006452
1401-01,فروردین 1401,مشاور سرمایه گذاری ترنج,سهامی,9185593419594,0.001897
1401-01,فروردین 1401,مشاور سرمایه گذاری ترنج,مختلط,912270015939,0.000188
1401-02,اردیبهشت 1401,تامین سرمایه,اهرمی,1556148243417,0.00031
1401-02,اردیبهشت 1401,تامین سرمایه,بازنشستگی,15363887006382,0.003059
1401-02,اردیبهشت 1401,تامین سرمایه,بخشی,253088993617315,0.050394
1401-02,اردیبهشت 1401,تامین سرمایه,جسورانه,567680809651,0.000113
1401-02,اردیبهشت 1401,تامین سرمایه,درآمد ثابت,2771768288209189,0.551905
1401-02,اردیبهشت 1401,تامین سرمایه,سهامی,43440076531618,0.00865
1401-02,اردیبهشت 1401,تامین سرمایه,شاخصی,5479659576050,0.001091
1401-02,اردیبهشت 1401,تامین سرمایه,مختلط,4252781191635,0.000847
1401-02,اردیبهشت 1401,تامین سرمایه,کالایی,27466316219239,0.005469
1401-02,اردیبهشت 1401,سایر مدیران,بخشی,2830034940880,0.000564
1401-02,اردیبهشت 1401,سایر مدیران,جسورانه,3401123492071,0.000677
1401-02,اردیبهشت 1401,سایر مدیران,خصوصی,11071101532943,0.002204
1401-02,اردیبهشت 1401,سایر مدیران,درآمد ثابت,1077989899959742,0.214646
1401-02,اردیبهشت 1401,سایر مدیران,سهامی,107170811782115,0.021339
1401-02,اردیبهشت 1401,سایر مدیران,شاخصی,3462607041944,0.000689
1401-02,اردیبهشت 1401,سایر مدیران,صندوق در صندوق,2436788828619,0.000485
1401-02,اردیبهشت 1401,سایر مدیران,مختلط,8160383225902,0.001625
1401-02,اردیبهشت 1401,سایر مدیران,پروژه‌ای,10576721474186,0.002106
1401-02,اردیبهشت 1401,سایر مدیران,کالایی,8242462423091,0.001641
1401-02,اردیبهشت 1401,سبد گردان اقتصاد بیدار,درآمد ثابت,8681231256478,0.001729
1401-02,اردیبهشت 1401,سبد گردان اقتصاد بیدار,سهامی,4298150835688,0.000856
1401-02,اردیبهشت 1401,سبد گردان کاریزما,اهرمی,6895753916778,0.001373
1401-02,اردیبهشت 1401,سبد گردان کاریزما,درآمد ثابت,184523000612505,0.036742
1401-02,اردیبهشت 1401,سبد گردان کاریزما,سهامی,9082300062928,0.001808
1401-02,اردیبهشت 1401,سبد گردان کاریزما,شاخصی,2573236268685,0.000512
1401-02,اردیبهشت 1401,سبد گردان کاریزما,صندوق در صندوق,1027578461696,0.000205
1401-02,اردیبهشت 1401,سبد گردان کاریزما,مختلط,676694363074,0.000135
1401-02,اردیبهشت 1401,سبد گردان کاریزما,کالایی,2097396900889,0.000418
1401-02,اردیبهشت 1401,سبدگردان آگاه,درآمد ثابت,51115112794614,0.010178
1401-02,اردیبهشت 1401,سبدگردان آگاه,سهامی,24231151508122,0.004825
1401-02,اردیبهشت 1401,سبدگردان آگاه,مختلط,227618117973,4.5e-05
1401-02,اردیبهشت 1401,سبدگردان توسعه فیروزه,جسورانه,215436549866,4.3e-05
1401-02,اردیبهشت 1401,سبدگردان توسعه فیروزه,خصوصی,1068799380931,0.000213
1401-02,اردیبهشت 1401,سبدگردان توسعه فیروزه,درآمد ثابت,7946770203863,0.001582
1401-02,اردیبهشت 1401,سبدگردان توسعه فیروزه,سهامی,1879508562464,0.000374
1401-02,اردیبهشت 1401,سبدگردان توسعه فیروزه,شاخصی,2836558567440,0.000565
1401-02,اردیبهشت 1401,سبدگردان فارابی,درآمد ثابت,6376462137820,0.00127
1401-02,اردیبهشت 1401,سبدگردان فارابی,سهامی,7294026932290,0.001452
1401-02,اردیبهشت 1401,سبدگردان مفید,درآمد ثابت,172136431040196,0.034275
1401-02,اردیبهشت 1401,سبدگردان مفید,سهامی,111501702033322,0.022202
1401-02,اردیبهشت 1401,سبدگردان مفید,شاخصی,4502089603532,0.000896
1401-02,اردیبهشت 1401,سبدگردان مفید,مختلط,4039368171868,0.000804
1401-02,اردیبهشت 1401,سبدگردان مفید,کالایی,4292157350582,0.000855
1401-02,اردیبهشت 1401,مشاور سرمایه گذاری ترنج,درآمد ثابت,33914022394789,0.006753
1401-02,اردیبهشت 1401,مشاور سرمایه گذاری ترنج,سهامی,9150301079832,0.001822
1401-02,اردیبهشت 1401,مشاور سرمایه گذاری ترنج,مختلط,1275741561755,0.000254
1401-03,خرداد 1401,تامین سرمایه,اهرمی,1409086552768,0.000276
1401-03,خرداد 1401,تامین سرمایه,بازنشستگی,15016351815711,0.002939
1401-03,خرداد 1401,تامین سرمایه,بخشی,243211501320442,0.047605
1401-03,خرداد 1401,تامین سرمایه,جسورانه,567995241971,0.000111
1401-03,خرداد 1401,تامین سرمایه,درآمد ثابت,2840362891084885,0.555961
1401-03,خرداد 1401,تامین سرمایه,سهامی,40986517521951,0.008023
1401-03,خرداد 1401,تامین سرمایه,شاخصی,5321436966315,0.001042
1401-03,خرداد 1401,تامین سرمایه,مختلط,4112342037796,0.000805
1401-03,خرداد 1401,تامین سرمایه,کالایی,32084942227353,0.00628
1401-03,خرداد 1401,سایر مدیران,بخشی,2846669503019,0.000557
1401-03,خرداد 1401,سایر مدیران,جسورانه,3408574140693,0.000667
1401-03,خرداد 1401,سایر مدیران,خصوصی,11127322031259,0.002178
1401-03,خرداد 1401,سایر مدیران,درآمد ثابت,1105325901881750,0.216352
1401-03,خرداد 1401,سایر مدیران,سهامی,101612640219285,0.019889
1401-03,خرداد 1401,سایر مدیران,شاخصی,4925157411685,0.000964
1401-03,خرداد 1401,سایر مدیران,صندوق در صندوق,2419168093778,0.000474
1401-03,خرداد 1401,سایر مدیران,مختلط,7624275345140,0.001492
1401-03,خرداد 1401,سایر مدیران,پروژه‌ای,10576429468200,0.00207
1401-03,خرداد 1401,سایر مدیران,کالایی,10533528458477,0.002062
1401-03,خرداد 1401,سبد گردان اقتصاد بیدار,درآمد ثابت,10284265000794,0.002013
1401-03,خرداد 1401,سبد گردان اقتصاد بیدار,سهامی,4022004418902,0.000787
1401-03,خرداد 1401,سبد گردان کاریزما,اهرمی,8084554842997,0.001582
1401-03,خرداد 1401,سبد گردان کاریزما,درآمد ثابت,189778214456404,0.037146
1401-03,خرداد 1401,سبد گردان کاریزما,سهامی,8858619346997,0.001734
1401-03,خرداد 1401,سبد گردان کاریزما,شاخصی,2407199192962,0.000471
1401-03,خرداد 1401,سبد گردان کاریزما,صندوق در صندوق,1048862758248,0.000205
1401-03,خرداد 1401,سبد گردان کاریزما,مختلط,715597377646,0.00014
1401-03,خرداد 1401,سبد گردان کاریزما,کالایی,3027196488390,0.000593
1401-03,خرداد 1401,سبدگردان آگاه,درآمد ثابت,49995202634405,0.009786
1401-03,خرداد 1401,سبدگردان آگاه,سهامی,22961861773292,0.004494
1401-03,خرداد 1401,سبدگردان آگاه,مختلط,216677315901,4.2e-05
1401-03,خرداد 1401,سبدگردان توسعه فیروزه,جسورانه,217218612611,4.3e-05
1401-03,خرداد 1401,سبدگردان توسعه فیروزه,خصوصی,1074866516944,0.00021
1401-03,خرداد 1401,سبدگردان توسعه فیروزه,درآمد ثابت,8630570912567,0.001689
1401-03,خرداد 1401,سبدگردان توسعه فیروزه,سهامی,1818406342384,0.000356
1401-03,خرداد 1401,سبدگردان توسعه فیروزه,شاخصی,2796409653551,0.000547
1401-03,خرداد 1401,سبدگردان فارابی,درآمد ثابت,5667927860175,0.001109
1401-03,خرداد 1401,سبدگردان فارابی,سهامی,6537089034592,0.00128
1401-03,خرداد 1401,سبدگردان مفید,درآمد ثابت,172239807630379,0.033714
1401-03,خرداد 1401,سبدگردان مفید,سهامی,107402353080074,0.021023
1401-03,خرداد 1401,سبدگردان مفید,شاخصی,4488541949200,0.000879
1401-03,خرداد 1401,سبدگردان مفید,مختلط,3882651500100,0.00076
1401-03,خرداد 1401,سبدگردان مفید,کالایی,6409227151244,0.001255
1401-03,خرداد 1401,مشاور سرمایه گذاری ترنج,درآمد ثابت,32741337464653,0.006409
1401-03,خرداد 1401,مشاور سرمایه گذاری ترنج,سهامی,8780713329197,0.001719
1401-03,خرداد 1401,مشاور سرمایه گذاری ترنج,مختلط,1363212398888,0.000267
1401-04,تیر 1401,تامین سرمایه,اهرمی,1296817107339,0.000242
1401-04,تیر 1401,تامین سرمایه,بازنشستگی,13751405601374,0.002566
1401-04,تیر 1401,تامین سرمایه,بخشی,235923412876524,0.044031
1401-04,تیر 1401,تامین سرمایه,جسورانه,568346592609,0.000106
1401-04,تیر 1401,تامین سرمایه,درآمد ثابت,3014551156979503,0.562617
1401-04,تیر 1401,تامین سرمایه,سهامی,38558669519454,0.007196
1401-04,تیر 1401,تامین سرمایه,شاخصی,5059747177867,0.000944
1401-04,تیر 1401,تامین سرمایه,مختلط,4021824461495,0.000751
1401-04,تیر 1401,تامین سرمایه,کالایی,32727895264768,0.006108
1401-04,تیر 1401,سایر مدیران,بخشی,2290024009866,0.000427
1401-04,تیر 1401,سایر مدیران,جسورانه,3428576459483,0.00064
1401-04,تیر 1401,سایر مدیران,خصوصی,11197713593265,0.00209
1401-04,تیر 1401,سایر مدیران,درآمد ثابت,1140955302122015,0.212941
1401-04,تیر 1401,سایر مدیران,سهامی,94706919041609,0.017676
1401-04,تیر 1401,سایر مدیران,شاخصی,4479078150930,0.000836
1401-04,تیر 1401,سایر مدیران,صندوق در صندوق,2366509458367,0.000442
1401-04,تیر 1401,سایر مدیران,مختلط,7169892826154,0.001338
1401-04,تیر 1401,سایر مدیران,پروژه‌ای,10576314025633,0.001974
1401-04,تیر 1401,سایر مدیران,کالایی,10440721685670,0.001949
1401-04,تیر 1401,سبد گردان اقتصاد بیدار,درآمد ثابت,11354198039096,0.002119
1401-04,تیر 1401,سبد گردان اقتصاد بیدار,سهامی,3451163423951,0.000644
1401-04,تیر 1401,سبد گردان کاریزما,اهرمی,15439081022050,0.002881
1401-04,تیر 1401,سبد گردان کاریزما,درآمد ثابت,218828356354752,0.040841
1401-04,تیر 1401,سبد گردان کاریزما,سهامی,8499121540291,0.001586
1401-04,تیر 1401,سبد گردان کاریزما,شاخصی,2199652828869,0.000411
1401-04,تیر 1401,سبد گردان کاریزما,صندوق در صندوق,1041800499435,0.000194
1401-04,تیر 1401,سبد گردان کاریزما,مختلط,685176399051,0.000128
1401-04,تیر 1401,سبد گردان کاریزما,کالایی,3074668819458,0.000574
1401-04,تیر 1401,سبدگردان آگاه,درآمد ثابت,57961370495936,0.010818
1401-04,تیر 1401,سبدگردان آگاه,سهامی,21696125437780,0.004049
1401-04,تیر 1401,سبدگردان آگاه,مختلط,208284444737,3.9e-05
1401-04,تیر 1401,سبدگردان توسعه فیروزه,جسورانه,218469984889,4.1e-05
1401-04,تیر 1401,سبدگردان توسعه فیروزه,خصوصی,1078984793925,0.000201
1401-04,تیر 1401,سبدگردان توسعه فیروزه,درآمد ثابت,12227904829085,0.002282
1401-04,تیر 1401,سبدگردان توسعه فیروزه,سهامی,2046625459873,0.000382
1401-04,تیر 1401,سبدگردان توسعه فیروزه,شاخصی,2411305462194,0.00045
1401-04,تیر 1401,سبدگردان فارابی,درآمد ثابت,6984620397434,0.001304
1401-04,تیر 1401,سبدگردان فارابی,سهامی,5748842982112,0.001073
1401-04,تیر 1401,سبدگردان مفید,درآمد ثابت,177734377605110,0.033171
1401-04,تیر 1401,سبدگردان مفید,سهامی,101921752555227,0.019022
1401-04,تیر 1401,سبدگردان مفید,شاخصی,4253184722970,0.000794
1401-04,تیر 1401,سبدگردان مفید,مختلط,3651361986348,0.000681
1401-04,تیر 1401,سبدگردان مفید,کالایی,6256938024465,0.001168
1401-04,تیر 1401,مشاور سرمایه گذاری ترنج,درآمد ثابت,45547997720108,0.008501
1401-04,تیر 1401,مشاور سرمایه گذاری ترنج,سهامی,8179328331018,0.001527
1401-04,تیر 1401,مشاور سرمایه گذاری ترنج,مختلط,1314264988148,0.000245
1401-05,مرداد 1401,تامین سرمایه,اهرمی,1336918145940,0.000241
1401-05,مرداد 1401,تامین سرمایه,بازنشستگی,13340020317922,0.0024
1401-05,مرداد 1401,تامین سرمایه,بخشی,229659392364584,0.041318
1401-05,مرداد 1401,تامین سرمایه,جسورانه,568679323627,0.000102
1401-05,مرداد 1401,تامین سرمایه,درآمد ثابت,3138603221142253,0.56467
1401-05,مرداد 1401,تامین سرمایه,سهامی,37901471503645,0.006819
1401-05,مرداد 1401,تامین سرمایه,شاخصی,4997179949379,0.000899
1401-05,مرداد 1401,تامین سرمایه,مختلط,3973209169822,0.000715
1401-05,مرداد 1401,تامین سرمایه,کالایی,34067858625260,0.006129
1401-05,مرداد 1401,سایر مدیران,بخشی,1987034311559,0.000357
1401-05,مرداد 1401,سایر مدیران,جسورانه,3441201512956,0.000619
1401-05,مرداد 1401,سایر مدیران,خصوصی,11247633083740,0.002024
1401-05,مرداد 1401,سایر مدیران,درآمد ثابت,1175637893017952,0.21151
1401-05,مرداد 1401,سایر مدیران,سهامی,93969570104642,0.016906
1401-05,مرداد 1401,سایر مدیران,شاخصی,4376435907494,0.000787
1401-05,مرداد 1401,سایر مدیران,صندوق در صندوق,2248880070886,0.000405
1401-05,مرداد 1401,سایر مدیران,مختلط,6870882540668,0.001236
1401-05,مرداد 1401,سایر مدیران,پروژه‌ای,10576183911993,0.001903
1401-05,مرداد 1401,سایر مدیران,کالایی,9191545541047,0.001654
1401-05,مرداد 1401,سبد گردان اقتصاد بیدار,درآمد ثابت,12625813004533,0.002272
1401-05,مرداد 1401,سبد گردان اقتصاد بیدار,سهامی,3352914317772,0.000603
1401-05,مرداد 1401,سبد گردان کاریزما,اهرمی,16340707008488,0.00294
1401-05,مرداد 1401,سبد گردان کاریزما,درآمد ثابت,235779539332445,0.042419
1401-05,مرداد 1401,سبد گردان کاریزما,سهامی,8294039209991,0.001492
1401-05,مرداد 1401,سبد گردان کاریزما,شاخصی,2169596147362,0.00039
1401-05,مرداد 1401,سبد گردان کاریزما,صندوق در صندوق,1012231425764,0.000182
1401-05,مرداد 1401,سبد گردان کاریزما,مختلط,914188946731,0.000164
1401-05,مرداد 1401,سبد گردان کاریزما,کالایی,3410437915543,0.000614
1401-05,مرداد 1401,سبدگردان آگاه,درآمد ثابت,65886128064828,0.011854
1401-05,مرداد 1401,سبدگردان آگاه,سهامی,21492729209281,0.003867
1401-05,مرداد 1401,سبدگردان آگاه,مختلط,210981594872,3.8e-05
1401-05,مرداد 1401,سبدگردان توسعه فیروزه,جسورانه,220479136501,4e-05
1401-05,مرداد 1401,سبدگردان توسعه فیروزه,خصوصی,1083204742478,0.000195
1401-05,مرداد 1401,سبدگردان توسعه فیروزه,درآمد ثابت,12413551677950,0.002233
1401-05,مرداد 1401,سبدگردان توسعه فیروزه,سهامی,2097953089939,0.000377
1401-05,مرداد 1401,سبدگردان توسعه فیروزه,شاخصی,2303615600547,0.000414
1401-05,مرداد 1401,سبدگردان فارابی,درآمد ثابت,8204316816430,0.001476
1401-05,مرداد 1401,سبدگردان فارابی,سهامی,5644130363280,0.001015
1401-05,مرداد 1401,سبدگردان مفید,درآمد ثابت,195876049591871,0.03524
1401-05,مرداد 1401,سبدگردان مفید,سهامی,99818721509878,0.017958
1401-05,مرداد 1401,سبدگردان مفید,شاخصی,4100270860442,0.000738
1401-05,مرداد 1401,سبدگردان مفید,مختلط,3737675584108,0.000672
1401-05,مرداد 1401,سبدگردان مفید,کالایی,5645324951661,0.001016
1401-05,مرداد 1401,مشاور سرمایه گذاری ترنج,درآمد ثابت,52427518250921,0.009432
1401-05,مرداد 1401,مشاور سرمایه گذاری ترنج,سهامی,7805002958670,0.001404
1401-05,مرداد 1401,مشاور سرمایه گذاری ترنج,مختلط,1437466053309,0.000259
1401-06,شهریور 1401,تامین سرمایه,اهرمی,1226630648163,0.000225
1401-06,شهریور 1401,تامین سرمایه,بازنشستگی,11983758761964,0.002202
1401-06,شهریور 1401,تامین سرمایه,بخشی,211094873909133,0.038795
1401-06,شهریور 1401,تامین سرمایه,جسورانه,569978710251,0.000105
1401-06,شهریور 1401,تامین سرمایه,درآمد ثابت,3078162996843726,0.565705
1401-06,شهریور 1401,تامین سرمایه,سهامی,35765704430831,0.006573
1401-06,شهریور 1401,تامین سرمایه,شاخصی,4733177620660,0.00087
1401-06,شهریور 1401,تامین سرمایه,مختلط,3891688312972,0.000715
1401-06,شهریور 1401,تامین سرمایه,کالایی,32837014412625,0.006035
1401-06,شهریور 1401,سایر مدیران,بخشی,1914445178642,0.000352
1401-06,شهریور 1401,سایر مدیران,جسورانه,3450908541874,0.000634
1401-06,شهریور 1401,سایر مدیران,خصوصی,11315529526035,0.00208
1401-06,شهریور 1401,سایر مدیران,درآمد ثابت,1139163036904989,0.209356
1401-06,شهریور 1401,سایر مدیران,سهامی,88598134807424,0.016283
1401-06,شهریور 1401,سایر مدیران,شاخصی,4191513328603,0.00077
1401-06,شهریور 1401,سایر مدیران,صندوق در صندوق,2337566975874,0.00043
1401-06,شهریور 1401,سایر مدیران,مختلط,6698763243947,0.001231
1401-06,شهریور 1401,سایر مدیران,پروژه‌ای,10576034327534,0.001944
1401-06,شهریور 1401,سایر مدیران,کالایی,8508908159926,0.001564
1401-06,شهریور 1401,سبد گردان اقتصاد بیدار,درآمد ثابت,14676492742113,0.002697
1401-06,شهریور 1401,سبد گردان اقتصاد بیدار,سهامی,3131885316246,0.000576
1401-06,شهریور 1401,سبد گردان کاریزما,اهرمی,15764157761562,0.002897
1401-06,شهریور 1401,سبد گردان کاریزما,درآمد ثابت,219043542056674,0.040256
1401-06,شهریور 1401,سبد گردان کاریزما,سهامی,7960885456170,0.001463
1401-06,شهریور 1401,سبد گردان کاریزما,شاخصی,2044361025819,0.000376
1401-06,شهریور 1401,سبد گردان کاریزما,صندوق در صندوق,1000027558497,0.000184
1401-06,شهریور 1401,سبد گردان کاریزما,مختلط,892989456757,0.000164
1401-06,شهریور 1401,سبد گردان کاریزما,کالایی,3574573428909,0.000657
1401-06,شهریور 1401,سبدگردان آگاه,درآمد ثابت,67502141000386,0.012406
1401-06,شهریور 1401,سبدگردان آگاه,سهامی,20864415649538,0.003834
1401-06,شهریور 1401,سبدگردان آگاه,مختلط,206779131901,3.8e-05
1401-06,شهریور 1401,سبدگردان توسعه فیروزه,جسورانه,221711708569,4.1e-05
1401-06,شهریور 1401,سبدگردان توسعه فیروزه,خصوصی,1085508862285,0.000199
1401-06,شهریور 1401,سبدگردان توسعه فیروزه,درآمد ثابت,13249912780019,0.002435
1401-06,شهریور 1401,سبدگردان توسعه فیروزه,سهامی,2034066671021,0.000374
1401-06,شهریور 1401,سبدگردان توسعه فیروزه,شاخصی,2189100078485,0.000402
1401-06,شهریور 1401,سبدگردان فارابی,درآمد ثابت,13377715312257,0.002459
1401-06,شهریور 1401,سبدگردان فارابی,سهامی,5418671455277,0.000996
1401-06,شهریور 1401,سبدگردان مفید,درآمد ثابت,211027447311085,0.038783
1401-06,شهریور 1401,سبدگردان مفید,سهامی,95706122998826,0.017589
1401-06,شهریور 1401,سبدگردان مفید,شاخصی,3558005768064,0.000654
1401-06,شهریور 1401,سبدگردان مفید,مختلط,3627906459865,0.000667
1401-06,شهریور 1401,سبدگردان مفید,کالایی,5684419343618,0.001045
1401-06,شهریور 1401,مشاور سرمایه گذاری ترنج,درآمد ثابت,61220403490244,0.011251
1401-06,شهریور 1401,مشاور سرمایه گذاری ترنج,سهامی,7668401453034,0.001409
1401-06,شهریور 1401,مشاور سرمایه گذاری ترنج,مختلط,1532575436805,0.000282
1401-07,مهر 1401,تامین سرمایه,اهرمی,1185032920831,0.000217
1401-07,مهر 1401,تامین سرمایه,بازنشستگی,11993450991423,0.002197
1401-07,مهر 1401,تامین سرمایه,بخشی,216108926749951,0.039584
1401-07,مهر 1401,تامین سرمایه,جسورانه,570980975614,0.000105
1401-07,مهر 1401,تامین سرمایه,درآمد ثابت,3082295085878399,0.564569
1401-07,مهر 1401,تامین سرمایه,سهامی,34765247489240,0.006368
1401-07,مهر 1401,تامین سرمایه,شاخصی,4631357636543,0.000848
1401-07,مهر 1401,تامین سرمایه,مختلط,3686655515988,0.000675
1401-07,مهر 1401,تامین سرمایه,کالایی,34305999531321,0.006284
1401-07,مهر 1401,سایر مدیران,بخشی,1643045523092,0.000301
1401-07,مهر 1401,سایر مدیران,جسورانه,2414112234680,0.000442
1401-07,مهر 1401,سایر مدیران,خصوصی,13367760388030,0.002449
1401-07,مهر 1401,سایر مدیران,درآمد ثابت,1107633939280478,0.20288
1401-07,مهر 1401,سایر مدیران,سهامی,85575894880236,0.015675
1401-07,مهر 1401,سایر مدیران,شاخصی,4067587663209,0.000745
1401-07,مهر 1401,سایر مدیران,صندوق در صندوق,2323721807547,0.000426
1401-07,مهر 1401,سایر مدیران,مختلط,6524840890973,0.001195
1401-07,مهر 1401,سایر مدیران,پروژه‌ای,10898300039679,0.001996
1401-07,مهر 1401,سایر مدیران,کالایی,8810472530168,0.001614
1401-07,مهر 1401,سبد گردان اقتصاد بیدار,درآمد ثابت,14420282978173,0.002641
1401-07,مهر 1401,سبد گردان اقتصاد بیدار,سهامی,3051191278096,0.000559
1401-07,مهر 1401,سبد گردان کاریزما,اهرمی,15563723097382,0.002851
1401-07,مهر 1401,سبد گردان کاریزما,تضمین اصل سرمایه,5166855703867,0.000946
1401-07,مهر 1401,سبد گردان کاریزما,درآمد ثابت,244550162194308,0.044793
1401-07,مهر 1401,سبد گردان کاریزما,سهامی,7808444883365,0.00143
1401-07,مهر 1401,سبد گردان کاریزما,شاخصی,1954485680832,0.000358
1401-07,مهر 1401,سبد گردان کاریزما,صندوق در صندوق,984240429930,0.00018
1401-07,مهر 1401,سبد گردان کاریزما,مختلط,879250618167,0.000161
1401-07,مهر 1401,سبد گردان کاریزما,کالایی,3861414383469,0.000707
1401-07,مهر 1401,سبدگردان آگاه,درآمد ثابت,69049424827767,0.012647
1401-07,مهر 1401,سبدگردان آگاه,سهامی,19750820587019,0.003618
1401-07,مهر 1401,سبدگردان آگاه,مختلط,205150857643,3.8e-05
1401-07,مهر 1401,سبدگردان توسعه فیروزه,جسورانه,222279532558,4.1e-05
1401-07,مهر 1401,سبدگردان توسعه فیروزه,خصوصی,1085988126854,0.000199
1401-07,مهر 1401,سبدگردان توسعه فیروزه,درآمد ثابت,13035210556539,0.002388
1401-07,مهر 1401,سبدگردان توسعه فیروزه,سهامی,2432747213270,0.000446
1401-07,مهر 1401,سبدگردان توسعه فیروزه,شاخصی,2144478652541,0.000393
1401-07,مهر 1401,سبدگردان فارابی,درآمد ثابت,16103844151247,0.00295
1401-07,مهر 1401,سبدگردان فارابی,سهامی,5204803120872,0.000953
1401-07,مهر 1401,سبدگردان مفید,درآمد ثابت,214335362748767,0.039259
1401-07,مهر 1401,سبدگردان مفید,سهامی,92644280928101,0.016969
1401-07,مهر 1401,سبدگردان مفید,شاخصی,3410105584644,0.000625
1401-07,مهر 1401,سبدگردان مفید,مختلط,3320644830350,0.000608
1401-07,مهر 1401,سبدگردان مفید,کالایی,6770635321652,0.00124
1401-07,مهر 1401,مشاور سرمایه گذاری ترنج,درآمد ثابت,69887240433976,0.012801
1401-07,مهر 1401,مشاور سرمایه گذاری ترنج,سهامی,7390349580114,0.001354
1401-07,مهر 1401,مشاور سرمایه گذاری ترنج,مختلط,1514198559947,0.000277
1401-08,آبان 1401,تامین سرمایه,اهرمی,1278078011905,0.00024
1401-08,آبان 1401,تامین سرمایه,بازنشستگی,13179419111121,0.002479
1401-08,آبان 1401,تامین سرمایه,بخشی,244626811527780,0.046016
1401-08,آبان 1401,تامین سرمایه,جسورانه,568534289551,0.000107
1401-08,آبان 1401,تامین سرمایه,درآمد ثابت,2934306955669007,0.55196
1401-08,آبان 1401,تامین سرمایه,سهامی,36232792588260,0.006816
1401-08,آبان 1401,تامین سرمایه,شاخصی,4920718065463,0.000926
1401-08,آبان 1401,تامین سرمایه,مختلط,3633226457259,0.000683
1401-08,آبان 1401,تامین سرمایه,کالایی,41710549545791,0.007846
1401-08,آبان 1401,سایر مدیران,املاک و مستغلات,1648925292464,0.00031
1401-08,آبان 1401,سایر مدیران,بخشی,1699086468893,0.00032
1401-08,آبان 1401,سایر مدیران,جسورانه,2435605537132,0.000458
1401-08,آبان 1401,سایر مدیران,خصوصی,13480116012181,0.002536
1401-08,آبان 1401,سایر مدیران,درآمد ثابت,1030844706439526,0.193908
1401-08,آبان 1401,سایر مدیران,سهامی,90197478223035,0.016967
1401-08,آبان 1401,سایر مدیران,شاخصی,4873035144927,0.000917
1401-08,آبان 1401,سایر مدیران,صندوق در صندوق,2372833176064,0.000446
1401-08,آبان 1401,سایر مدیران,مختلط,6699609245321,0.00126
1401-08,آبان 1401,سایر مدیران,پروژه‌ای,10897912488988,0.00205
1401-08,آبان 1401,سایر مدیران,کالایی,11003568500833,0.00207
1401-08,آبان 1401,سبد گردان اقتصاد بیدار,درآمد ثابت,14754810070798,0.002775
1401-08,آبان 1401,سبد گردان اقتصاد بیدار,سهامی,3145294607605,0.000592
1401-08,آبان 1401,سبد گردان کاریزما,اهرمی,18407470391069,0.003463
1401-08,آبان 1401,سبد گردان کاریزما,تضمین اصل سرمایه,5406395098814,0.001017
1401-08,آبان 1401,سبد گردان کاریزما,درآمد ثابت,259193265532160,0.048756
1401-08,آبان 1401,سبد گردان کاریزما,سهامی,8433704648956,0.001586
1401-08,آبان 1401,سبد گردان کاریزما,شاخصی,2070908120675,0.00039
1401-08,آبان 1401,سبد گردان کاریزما,صندوق در صندوق,1057946422638,0.000199
1401-08,آبان 1401,سبد گردان کاریزما,مختلط,1067982603693,0.000201
1401-08,آبان 1401,سبد گردان کاریزما,کالایی,4515141069257,0.000849
1401-08,آبان 1401,سبدگردان آگاه,درآمد ثابت,63436083476641,0.011933
1401-08,آبان 1401,سبدگردان آگاه,سهامی,21576640646304,0.004059
1401-08,آبان 1401,سبدگردان آگاه,مختلط,220362393989,4.1e-05
1401-08,آبان 1401,سبدگردان توسعه فیروزه,جسورانه,222136409764,4.2e-05
1401-08,آبان 1401,سبدگردان توسعه فیروزه,خصوصی,1084964330304,0.000204
1401-08,آبان 1401,سبدگردان توسعه فیروزه,درآمد ثابت,14760778661483,0.002777
1401-08,آبان 1401,سبدگردان توسعه فیروزه,سهامی,2368092607207,0.000445
1401-08,آبان 1401,سبدگردان توسعه فیروزه,شاخصی,2294658267126,0.000432
1401-08,آبان 1401,سبدگردان فارابی,درآمد ثابت,17825500178550,0.003353
1401-08,آبان 1401,سبدگردان فارابی,سهامی,5629604629134,0.001059
1401-08,آبان 1401,سبدگردان مفید,اهرمی,6774528686454,0.001274
1401-08,آبان 1401,سبدگردان مفید,تضمین اصل سرمایه,2291003507460,0.000431
1401-08,آبان 1401,سبدگردان مفید,درآمد ثابت,210826633260990,0.039658
1401-08,آبان 1401,سبدگردان مفید,سهامی,98580001885136,0.018543
1401-08,آبان 1401,سبدگردان مفید,شاخصی,3642043735388,0.000685
1401-08,آبان 1401,سبدگردان مفید,مختلط,3488962755028,0.000656
1401-08,آبان 1401,سبدگردان مفید,کالایی,8867777864508,0.001668
1401-08,آبان 1401,مشاور سرمایه گذاری ترنج,درآمد ثابت,68102175905540,0.01281
1401-08,آبان 1401,مشاور سرمایه گذاری ترنج,سهامی,7631231561998,0.001435
1401-08,آبان 1401,مشاور سرمایه گذاری ترنج,مختلط,1876005570929,0.000353
1401-09,آذر 1401,تامین سرمایه,اهرمی,1342777704943,0.000257
1401-09,آذر 1401,تامین سرمایه,بازنشستگی,13688879886594,0.002623
1401-09,آذر 1401,تامین سرمایه,بخشی,242109370630807,0.046387
1401-09,آذر 1401,تامین سرمایه,جسورانه,569888099937,0.000109
1401-09,آذر 1401,تامین سرمایه,درآمد ثابت,2877823359139546,0.551382
1401-09,آذر 1401,تامین سرمایه,سهامی,38087869403395,0.007298
1401-09,آذر 1401,تامین سرمایه,شاخصی,5373312811280,0.00103
1401-09,آذر 1401,تامین سرمایه,مختلط,3740050941519,0.000717
1401-09,آذر 1401,تامین سرمایه,کالایی,48347455732295,0.009263
1401-09,آذر 1401,سایر مدیران,املاک و مستغلات,1657895185521,0.000318
1401-09,آذر 1401,سایر مدیران,بخشی,1584841343368,0.000304
1401-09,آذر 1401,سایر مدیران,جسورانه,3523767839227,0.000675
1401-09,آذر 1401,سایر مدیران,خصوصی,14821716051330,0.00284
1401-09,آذر 1401,سایر مدیران,درآمد ثابت,980524097004742,0.187865
1401-09,آذر 1401,سایر مدیران,سهامی,96287708504661,0.018448
1401-09,آذر 1401,سایر مدیران,شاخصی,4917863080646,0.000942
1401-09,آذر 1401,سایر مدیران,صندوق در صندوق,2605714518457,0.000499
1401-09,آذر 1401,سایر مدیران,مختلط,6868059171828,0.001316
1401-09,آذر 1401,سایر مدیران,پروژه‌ای,10897439570724,0.002088
1401-09,آذر 1401,سایر مدیران,کالایی,13186116072580,0.002526
1401-09,آذر 1401,سبد گردان اقتصاد بیدار,درآمد ثابت,15102403291742,0.002894
1401-09,آذر 1401,سبد گردان اقتصاد بیدار,سهامی,3327360817499,0.000638
1401-09,آذر 1401,سبد گردان کاریزما,اهرمی,25445525301473,0.004875
1401-09,آذر 1401,سبد گردان کاریزما,تضمین اصل سرمایه,6596736400138,0.001264
1401-09,آذر 1401,سبد گردان کاریزما,درآمد ثابت,227660360026929,0.043619
1401-09,آذر 1401,سبد گردان کاریزما,سهامی,8731513061312,0.001673
1401-09,آذر 1401,سبد گردان کاریزما,شاخصی,2082456355457,0.000399
1401-09,آذر 1401,سبد گردان کاریزما,صندوق در صندوق,867183692364,0.000166
1401-09,آذر 1401,سبد گردان کاریزما,مختلط,1049314939681,0.000201
1401-09,آذر 1401,سبد گردان کاریزما,کالایی,6050583555856,0.001159
1401-09,آذر 1401,سبدگردان آگاه,درآمد ثابت,60000740116544,0.011496
1401-09,آذر 1401,سبدگردان آگاه,سهامی,24239053790581,0.004644
1401-09,آذر 1401,سبدگردان آگاه,مختلط,230133294072,4.4e-05
1401-09,آذر 1401,سبدگردان توسعه فیروزه,جسورانه,222580124461,4.3e-05
1401-09,آذر 1401,سبدگردان توسعه فیروزه,خصوصی,1086858694329,0.000208
1401-09,آذر 1401,سبدگردان توسعه فیروزه,درآمد ثابت,17184266007739,0.003292
1401-09,آذر 1401,سبدگردان توسعه فیروزه,سهامی,4792568309413,0.000918
1401-09,آذر 1401,سبدگردان توسعه فیروزه,شاخصی,2341735703401,0.000449
1401-09,آذر 1401,سبدگردان فارابی,درآمد ثابت,18700874484803,0.003583
1401-09,آذر 1401,سبدگردان فارابی,سهامی,6039106836015,0.001157
1401-09,آذر 1401,سبدگردان مفید,اهرمی,8000907093220,0.001533
1401-09,آذر 1401,سبدگردان مفید,تضمین اصل سرمایه,2465763368896,0.000472
1401-09,آذر 1401,سبدگردان مفید,درآمد ثابت,201449461378050,0.038597
1401-09,آذر 1401,سبدگردان مفید,سهامی,102957916396404,0.019726
1401-09,آذر 1401,سبدگردان مفید,شاخصی,3637675696493,0.000697
1401-09,آذر 1401,سبدگردان مفید,مختلط,3435574273893,0.000658
1401-09,آذر 1401,سبدگردان مفید,کالایی,11425035125635,0.002189
1401-09,آذر 1401,مشاور سرمایه گذاری ترنج,درآمد ثابت,75561409199448,0.014477
1401-09,آذر 1401,مشاور سرمایه گذاری ترنج,سهامی,7950137603397,0.001523
1401-09,آذر 1401,مشاور سرمایه گذاری ترنج,مختلط,2698108469077,0.000517
1401-10,دی 1401,تامین سرمایه,اهرمی,1532826367955,0.00029
1401-10,دی 1401,تامین سرمایه,بازنشستگی,14938570116825,0.00283
1401-10,دی 1401,تامین سرمایه,بخشی,273004007644854,0.051726
1401-10,دی 1401,تامین سرمایه,جسورانه,568191336434,0.000108
1401-10,دی 1401,تامین سرمایه,درآمد ثابت,2860511630191617,0.54198
1401-10,دی 1401,تامین سرمایه,سهامی,41846948355890,0.007929
1401-10,دی 1401,تامین سرمایه,شاخصی,5790199093961,0.001097
1401-10,دی 1401,تامین سرمایه,مختلط,4008306123858,0.000759
1401-10,دی 1401,تامین سرمایه,کالایی,54527132851144,0.010331
1401-10,دی 1401,سایر مدیران,املاک و مستغلات,1661313477066,0.000315
1401-10,دی 1401,سایر مدیران,بخشی,1465331973888,0.000278
1401-10,دی 1401,سایر مدیران,جسورانه,3535598148381,0.00067
1401-10,دی 1401,سایر مدیران,خصوصی,15038787109466,0.002849
1401-10,دی 1401,سایر مدیران,درآمد ثابت,918391318897766,0.174007
1401-10,دی 1401,سایر مدیران,سهامی,109974779993545,0.020837
1401-10,دی 1401,سایر مدیران,شاخصی,7007287607828,0.001328
1401-10,دی 1401,سایر مدیران,صندوق در صندوق,2732176225541,0.000518
1401-10,دی 1401,سایر مدیران,مختلط,7216821240555,0.001367
1401-10,دی 1401,سایر مدیران,پروژه‌ای,10896971436561,0.002065
1401-10,دی 1401,سایر مدیران,کالایی,15245286525423,0.002889
1401-10,دی 1401,سبد گردان اقتصاد بیدار,درآمد ثابت,16763862128384,0.003176
1401-10,دی 1401,سبد گردان اقتصاد بیدار,سهامی,3713390770188,0.000704
1401-10,دی 1401,سبد گردان کاریزما,اهرمی,36092896644047,0.006839
1401-10,دی 1401,سبد گردان کاریزما,تضمین اصل سرمایه,9255731567741,0.001754
1401-10,دی 1401,سبد گردان کاریزما,درآمد ثابت,231248330961362,0.043815
1401-10,دی 1401,سبد گردان کاریزما,سهامی,10182898026574,0.001929
1401-10,دی 1401,سبد گردان کاریزما,شاخصی,2335549471739,0.000443
1401-10,دی 1401,سبد گردان کاریزما,صندوق در صندوق,980277399440,0.000186
1401-10,دی 1401,سبد گردان کاریزما,مختلط,1182859769797,0.000224
1401-10,دی 1401,سبد گردان کاریزما,کالایی,6602285889297,0.001251
1401-10,دی 1401,سبدگردان آگاه,درآمد ثابت,61323401391568,0.011619
1401-10,دی 1401,سبدگردان آگاه,سهامی,28035021633297,0.005312
1401-10,دی 1401,سبدگردان آگاه,مختلط,253877489784,4.8e-05
1401-10,دی 1401,سبدگردان توسعه فیروزه,جسورانه,224816445883,4.3e-05
1401-10,دی 1401,سبدگردان توسعه فیروزه,خصوصی,1089789407484,0.000206
1401-10,دی 1401,سبدگردان توسعه فیروزه,درآمد ثابت,16900655362343,0.003202
1401-10,دی 1401,سبدگردان توسعه فیروزه,سهامی,5586798632598,0.001059
1401-10,دی 1401,سبدگردان توسعه فیروزه,شاخصی,2639730427352,0.0005
1401-10,دی 1401,سبدگردان فارابی,درآمد ثابت,29394375232079,0.005569
1401-10,دی 1401,سبدگردان فارابی,سهامی,7065574419952,0.001339
1401-10,دی 1401,سبدگردان مفید,اهرمی,13337846256168,0.002527
1401-10,دی 1401,سبدگردان مفید,تضمین اصل سرمایه,2712245475400,0.000514
1401-10,دی 1401,سبدگردان مفید,درآمد ثابت,211106089795155,0.039998
1401-10,دی 1401,سبدگردان مفید,سهامی,112215589461926,0.021261
1401-10,دی 1401,سبدگردان مفید,شاخصی,4448489203224,0.000843
1401-10,دی 1401,سبدگردان مفید,مختلط,3658081145845,0.000693
1401-10,دی 1401,سبدگردان مفید,کالایی,12260991302636,0.002323
1401-10,دی 1401,مشاور سرمایه گذاری ترنج,درآمد ثابت,81730741302710,0.015485
1401-10,دی 1401,مشاور سرمایه گذاری ترنج,سهامی,9940620397777,0.001883
1401-10,دی 1401,مشاور سرمایه گذاری ترنج,صندوق در صندوق,2022908778291,0.000383
1401-10,دی 1401,مشاور سرمایه گذاری ترنج,مختلط,3694293375436,0.0007
1401-11,بهمن 1401,تامین سرمایه,اهرمی,1370662642203,0.000261
1401-11,بهمن 1401,تامین سرمایه,بازنشستگی,13194404226463,0.002516
1401-11,بهمن 1401,تامین سرمایه,بخشی,229689412569762,0.043795
1401-11,بهمن 1401,تامین سرمایه,جسورانه,568337890981,0.000108
1401-11,بهمن 1401,تامین سرمایه,درآمد ثابت,2791842197869111,0.532323
1401-11,بهمن 1401,تامین سرمایه,سهامی,38815929247410,0.007401
1401-11,بهمن 1401,تامین سرمایه,شاخصی,5083227370483,0.000969
1401-11,بهمن 1401,تامین سرمایه,مختلط,4107032599414,0.000783
1401-11,بهمن 1401,تامین سرمایه,کالایی,72649622910370,0.013852
1401-11,بهمن 1401,سایر مدیران,املاک و مستغلات,1667133440275,0.000318
1401-11,بهمن 1401,سایر مدیران,بخشی,1348391883831,0.000257
1401-11,بهمن 1401,سایر مدیران,جسورانه,3700814051556,0.000706
1401-11,بهمن 1401,سایر مدیران,خصوصی,14977522424509,0.002856
1401-11,بهمن 1401,سایر مدیران,درآمد ثابت,970155312709687,0.18498
1401-11,بهمن 1401,سایر مدیران,سهامی,97857248727487,0.018659
1401-11,بهمن 1401,سایر مدیران,شاخصی,5891751376161,0.001123
1401-11,بهمن 1401,سایر مدیران,صندوق در صندوق,2681883660251,0.000511
1401-11,بهمن 1401,سایر مدیران,مختلط,6744464448552,0.001286
1401-11,بهمن 1401,سایر مدیران,پروژه‌ای,10896493347295,0.002078
1401-11,بهمن 1401,سایر مدیران,کالایی,25000298271413,0.004767
1401-11,بهمن 1401,سبد گردان اقتصاد بیدار,درآمد ثابت,24574891428964,0.004686
1401-11,بهمن 1401,سبد گردان اقتصاد بیدار,سهامی,3476585612215,0.000663
1401-11,بهمن 1401,سبد گردان کاریزما,اهرمی,37694198864768,0.007187
1401-11,بهمن 1401,سبد گردان کاریزما,تضمین اصل سرمایه,8674587371737,0.001654
1401-11,بهمن 1401,سبد گردان کاریزما,درآمد ثابت,231607142470091,0.044161
1401-11,بهمن 1401,سبد گردان کاریزما,سهامی,9382794718095,0.001789
1401-11,بهمن 1401,سبد گردان کاریزما,شاخصی,2111813506175,0.000403
1401-11,بهمن 1401,سبد گردان کاریزما,صندوق در صندوق,932184020943,0.000178
1401-11,بهمن 1401,سبد گردان کاریزما,مختلط,1124578705758,0.000214
1401-11,بهمن 1401,سبد گردان کاریزما,کالایی,9490589951913,0.00181
1401-11,بهمن 1401,سبدگردان آگاه,بخشی,4010013333944,0.000765
1401-11,بهمن 1401,سبدگردان آگاه,درآمد ثابت,55749615409847,0.01063
1401-11,بهمن 1401,سبدگردان آگاه,سهامی,25583351130133,0.004878
1401-11,بهمن 1401,سبدگردان آگاه,مختلط,239955758646,4.6e-05
1401-11,بهمن 1401,سبدگردان توسعه فیروزه,جسورانه,227480895198,4.3e-05
1401-11,بهمن 1401,سبدگردان توسعه فیروزه,خصوصی,1091745308196,0.000208
1401-11,بهمن 1401,سبدگردان توسعه فیروزه,درآمد ثابت,20843253501851,0.003974
1401-11,بهمن 1401,سبدگردان توسعه فیروزه,سهامی,5674458117925,0.001082
1401-11,بهمن 1401,سبدگردان توسعه فیروزه,شاخصی,2275232249558,0.000434
1401-11,بهمن 1401,سبدگردان فارابی,درآمد ثابت,34401600240861,0.006559
1401-11,بهمن 1401,سبدگردان فارابی,سهامی,6288296545941,0.001199
1401-11,بهمن 1401,سبدگردان مفید,اهرمی,12900495409525,0.00246
1401-11,بهمن 1401,سبدگردان مفید,تضمین اصل سرمایه,2342641446730,0.000447
1401-11,بهمن 1401,سبدگردان مفید,درآمد ثابت,211802604542183,0.040385
1401-11,بهمن 1401,سبدگردان مفید,سهامی,101802791899056,0.019411
1401-11,بهمن 1401,سبدگردان مفید,شاخصی,4022906386304,0.000767
1401-11,بهمن 1401,سبدگردان مفید,مختلط,3533699188841,0.000674
1401-11,بهمن 1401,سبدگردان مفید,کالایی,18434193651699,0.003515
1401-11,بهمن 1401,مشاور سرمایه گذاری ترنج,درآمد ثابت,91476652792476,0.017442
1401-11,بهمن 1401,مشاور سرمایه گذاری ترنج,سهامی,8779604508718,0.001674
1401-11,بهمن 1401,مشاور سرمایه گذاری ترنج,صندوق در صندوق,1842605260634,0.000351
1401-11,بهمن 1401,مشاور سرمایه گذاری ترنج,مختلط,4007635390152,0.000764
1401-12,اسفند 1401,تامین سرمایه,اهرمی,1632580425646,0.000293
1401-12,اسفند 1401,تامین سرمایه,بازنشستگی,17025100688085,0.003051
1401-12,اسفند 1401,تامین سرمایه,بخشی,276074087454609,0.049478
1401-12,اسفند 1401,تامین سرمایه,جسورانه,566789794145,0.000102
1401-12,اسفند 1401,تامین سرمایه,درآمد ثابت,2890650188468107,0.518064
1401-12,اسفند 1401,تامین سرمایه,سهامی,50677045277956,0.009082
1401-12,اسفند 1401,تامین سرمایه,شاخصی,9487063884792,0.0017
1401-12,اسفند 1401,تامین سرمایه,مختلط,5409965580562,0.00097
1401-12,اسفند 1401,تامین سرمایه,کالایی,76757191433386,0.013756
1401-12,اسفند 1401,سایر مدیران,املاک و مستغلات,1669392589081,0.000299
1401-12,اسفند 1401,سایر مدیران,بخشی,1379677239052,0.000247
1401-12,اسفند 1401,سایر مدیران,جسورانه,2682282584607,0.000481
1401-12,اسفند 1401,سایر مدیران,خصوصی,15683656285923,0.002811
1401-12,اسفند 1401,سایر مدیران,درآمد ثابت,980053653406276,0.175646
1401-12,اسفند 1401,سایر مدیران,سهامی,130458360187780,0.023381
1401-12,اسفند 1401,سایر مدیران,شاخصی,11371448740766,0.002038
1401-12,اسفند 1401,سایر مدیران,صندوق در صندوق,3067271791580,0.00055
1401-12,اسفند 1401,سایر مدیران,مختلط,7310549136863,0.00131
1401-12,اسفند 1401,سایر مدیران,پروژه‌ای,11262558362932,0.002018
1401-12,اسفند 1401,سایر مدیران,کالایی,25114091409803,0.004501
1401-12,اسفند 1401,سبد گردان اقتصاد بیدار,درآمد ثابت,35095635562100,0.00629
1401-12,اسفند 1401,سبد گردان اقتصاد بیدار,سهامی,4805596241176,0.000861
1401-12,اسفند 1401,سبد گردان کاریزما,اهرمی,55174800252764,0.009888
1401-12,اسفند 1401,سبد گردان کاریزما,تضمین اصل سرمایه,11759591451358,0.002108
1401-12,اسفند 1401,سبد گردان کاریزما,درآمد ثابت,213755029987710,0.038309
1401-12,اسفند 1401,سبد گردان کاریزما,سهامی,18286716344688,0.003277
1401-12,اسفند 1401,سبد گردان کاریزما,شاخصی,2800953414323,0.000502
1401-12,اسفند 1401,سبد گردان کاریزما,صندوق در صندوق,1066322238569,0.000191
1401-12,اسفند 1401,سبد گردان کاریزما,مختلط,1365685365645,0.000245
1401-12,اسفند 1401,سبد گردان کاریزما,کالایی,10308216208148,0.001847
1401-12,اسفند 1401,سبدگردان آگاه,بخشی,11845334949084,0.002123
1401-12,اسفند 1401,سبدگردان آگاه,درآمد ثابت,55730579761561,0.009988
1401-12,اسفند 1401,سبدگردان آگاه,سهامی,39574802758798,0.007093
1401-12,اسفند 1401,سبدگردان آگاه,مختلط,282878150862,5.1e-05
1401-12,اسفند 1401,سبدگردان توسعه فیروزه,جسورانه,229343320275,4.1e-05
1401-12,اسفند 1401,سبدگردان توسعه فیروزه,خصوصی,1106849423212,0.000198
1401-12,اسفند 1401,سبدگردان توسعه فیروزه,درآمد ثابت,20310999731137,0.00364
1401-12,اسفند 1401,سبدگردان توسعه فیروزه,سهامی,8672409618030,0.001554
1401-12,اسفند 1401,سبدگردان توسعه فیروزه,شاخصی,4438738099759,0.000796
1401-12,اسفند 1401,سبدگردان فارابی,درآمد ثابت,27967580958309,0.005012
1401-12,اسفند 1401,سبدگردان فارابی,سهامی,9090008577268,0.001629
1401-12,اسفند 1401,سبدگردان مفید,اهرمی,23279228827441,0.004172
1401-12,اسفند 1401,سبدگردان مفید,تضمین اصل سرمایه,2832540078287,0.000508
1401-12,اسفند 1401,سبدگردان مفید,درآمد ثابت,199065231672717,0.035677
1401-12,اسفند 1401,سبدگردان مفید,سهامی,137692163108742,0.024677
1401-12,اسفند 1401,سبدگردان مفید,شاخصی,8165376792298,0.001463
1401-12,اسفند 1401,سبدگردان مفید,مختلط,4142775167297,0.000742
1401-12,اسفند 1401,سبدگردان مفید,کالایی,20541204129576,0.003681
1401-12,اسفند 1401,مشاور سرمایه گذاری ترنج,درآمد ثابت,106448210880976,0.019078
1401-12,اسفند 1401,مشاور سرمایه گذاری ترنج,سهامی,15770498035624,0.002826
1401-12,اسفند 1401,مشاور سرمایه گذاری ترنج,صندوق در صندوق,3967460179129,0.000711
1401-12,اسفند 1401,مشاور سرمایه گذاری ترنج,مختلط,5813171874528,0.001042
1402-01,فروردین 1402,تامین سرمایه,اهرمی,1973134427890,0.000327
1402-01,فروردین 1402,تامین سرمایه,بازنشستگی,20585411539104,0.003413
1402-01,فروردین 1402,تامین سرمایه,بخشی,322665138379121,0.053501
1402-01,فروردین 1402,تامین سرمایه,جسورانه,569062636269,9.4e-05
1402-01,فروردین 1402,تامین سرمایه,درآمد ثابت,3032051682329353,0.502744
1402-01,فروردین 1402,تامین سرمایه,سهامی,62831089712866,0.010418
1402-01,فروردین 1402,تامین سرمایه,شاخصی,10746282686864,0.001782
1402-01,فروردین 1402,تامین سرمایه,مختلط,6119004199165,0.001015
1402-01,فروردین 1402,تامین سرمایه,کالایی,79445126621589,0.013173
1402-01,فروردین 1402,سایر مدیران,املاک و مستغلات,1924674624824,0.000319
1402-01,فروردین 1402,سایر مدیران,بخشی,1539334058286,0.000255
1402-01,فروردین 1402,سایر مدیران,جسورانه,2890170256222,0.000479
1402-01,فروردین 1402,سایر مدیران,خصوصی,16335516697859,0.002709
1402-01,فروردین 1402,سایر مدیران,درآمد ثابت,1007780166001983,0.1671
1402-01,فروردین 1402,سایر مدیران,سهامی,160191502865385,0.026561
1402-01,فروردین 1402,سایر مدیران,شاخصی,18103529402720,0.003002
1402-01,فروردین 1402,سایر مدیران,صندوق در صندوق,3313134344371,0.000549
1402-01,فروردین 1402,سایر مدیران,مختلط,8179639328950,0.001356
1402-01,فروردین 1402,سایر مدیران,پروژه‌ای,11262059132063,0.001867
1402-01,فروردین 1402,سایر مدیران,کالایی,26212054580759,0.004346
1402-01,فروردین 1402,سبد گردان اقتصاد بیدار,درآمد ثابت,34063642677200,0.005648
1402-01,فروردین 1402,سبد گردان اقتصاد بیدار,سهامی,5950007931777,0.000987
1402-01,فروردین 1402,سبد گردان کاریزما,اهرمی,78281968177952,0.01298
1402-01,فروردین 1402,سبد گردان کاریزما,تضمین اصل سرمایه,19385843936193,0.003214
1402-01,فروردین 1402,سبد گردان کاریزما,درآمد ثابت,231838026308965,0.038441
1402-01,فروردین 1402,سبد گردان کاریزما,سهامی,22848982577622,0.003789
1402-01,فروردین 1402,سبد گردان کاریزما,شاخصی,4072136515035,0.000675
1402-01,فروردین 1402,سبد گردان کاریزما,صندوق در صندوق,1242466253448,0.000206
1402-01,فروردین 1402,سبد گردان کاریزما,مختلط,1714096364257,0.000284
1402-01,فروردین 1402,سبد گردان کاریزما,کالایی,11849466090341,0.001965
1402-01,فروردین 1402,سبدگردان آگاه,بخشی,12916036002652,0.002142
1402-01,فروردین 1402,سبدگردان آگاه,درآمد ثابت,53252986261992,0.00883
1402-01,فروردین 1402,سبدگردان آگاه,سهامی,46155566025446,0.007653
1402-01,فروردین 1402,سبدگردان آگاه,مختلط,320726811620,5.3e-05
1402-01,فروردین 1402,سبدگردان توسعه فیروزه,جسورانه,230216219834,3.8e-05
1402-01,فروردین 1402,سبدگردان توسعه فیروزه,خصوصی,812940151695,0.000135
1402-01,فروردین 1402,سبدگردان توسعه فیروزه,درآمد ثابت,27195450826638,0.004509
1402-01,فروردین 1402,سبدگردان توسعه فیروزه,سهامی,12529570663823,0.002078
1402-01,فروردین 1402,سبدگردان توسعه فیروزه,شاخصی,5115170730754,0.000848
1402-01,فروردین 1402,سبدگردان فارابی,درآمد ثابت,32438020201651,0.005379
1402-01,فروردین 1402,سبدگردان فارابی,سهامی,11479940580974,0.001903
1402-01,فروردین 1402,سبدگردان مفید,اهرمی,35202838677465,0.005837
1402-01,فروردین 1402,سبدگردان مفید,تضمین اصل سرمایه,4168706210688,0.000691
1402-01,فروردین 1402,سبدگردان مفید,درآمد ثابت,232095425165100,0.038484
1402-01,فروردین 1402,سبدگردان مفید,سهامی,165590353750722,0.027457
1402-01,فروردین 1402,سبدگردان مفید,شاخصی,10298699089437,0.001708
1402-01,فروردین 1402,سبدگردان مفید,مختلط,4385739277530,0.000727
1402-01,فروردین 1402,سبدگردان مفید,کالایی,23102951342706,0.003831
1402-01,فروردین 1402,مشاور سرمایه گذاری ترنج,درآمد ثابت,114086828651705,0.018917
1402-01,فروردین 1402,مشاور سرمایه گذاری ترنج,سهامی,20496060144826,0.003398
1402-01,فروردین 1402,مشاور سرمایه گذاری ترنج,صندوق در صندوق,5986677308957,0.000993
1402-01,فروردین 1402,مشاور سرمایه گذاری ترنج,مختلط,7180359267539,0.001191
1402-02,اردیبهشت 1402,تامین سرمایه,اهرمی,1914927013755,0.000313
1402-02,اردیبهشت 1402,تامین سرمایه,بازنشستگی,19876298954197,0.003246
1402-02,اردیبهشت 1402,تامین سرمایه,بخشی,346359267778633,0.056565
1402-02,اردیبهشت 1402,تامین سرمایه,جسورانه,567124078874,9.3e-05
1402-02,اردیبهشت 1402,تامین سرمایه,درآمد ثابت,3018047173611767,0.492883
1402-02,اردیبهشت 1402,تامین سرمایه,سهامی,65382676173975,0.010678
1402-02,اردیبهشت 1402,تامین سرمایه,شاخصی,12902250371746,0.002107
1402-02,اردیبهشت 1402,تامین سرمایه,مختلط,6493032734504,0.00106
1402-02,اردیبهشت 1402,تامین سرمایه,کالایی,90426023547460,0.014768
1402-02,اردیبهشت 1402,سایر مدیران,املاک و مستغلات,1680860028929,0.000275
1402-02,اردیبهشت 1402,سایر مدیران,بخشی,1312832852431,0.000214
1402-02,اردیبهشت 1402,سایر مدیران,جسورانه,2942641245194,0.000481
1402-02,اردیبهشت 1402,سایر مدیران,خصوصی,16522601834561,0.002698
1402-02,اردیبهشت 1402,سایر مدیران,درآمد ثابت,1004472065692043,0.164042
1402-02,اردیبهشت 1402,سایر مدیران,سهامی,161094948628720,0.026309
1402-02,اردیبهشت 1402,سایر مدیران,شاخصی,16962600758167,0.00277
1402-02,اردیبهشت 1402,سایر مدیران,صندوق در صندوق,3392589034915,0.000554
1402-02,اردیبهشت 1402,سایر مدیران,مختلط,8221474439987,0.001343
1402-02,اردیبهشت 1402,سایر مدیران,پروژه‌ای,11261560427118,0.001839
1402-02,اردیبهشت 1402,سایر مدیران,کالایی,32018077866253,0.005229
1402-02,اردیبهشت 1402,سبد گردان اقتصاد بیدار,درآمد ثابت,30835710495864,0.005036
1402-02,اردیبهشت 1402,سبد گردان اقتصاد بیدار,سهامی,6749382024290,0.001102
1402-02,اردیبهشت 1402,سبد گردان کاریزما,اهرمی,79139457442627,0.012924
1402-02,اردیبهشت 1402,سبد گردان کاریزما,تضمین اصل سرمایه,21575355569117,0.003524
1402-02,اردیبهشت 1402,سبد گردان کاریزما,درآمد ثابت,270303317985323,0.044144
1402-02,اردیبهشت 1402,سبد گردان کاریزما,سهامی,22914286032918,0.003742
1402-02,اردیبهشت 1402,سبد گردان کاریزما,شاخصی,4093008055427,0.000668
1402-02,اردیبهشت 1402,سبد گردان کاریزما,صندوق در صندوق,1180554117904,0.000193
1402-02,اردیبهشت 1402,سبد گردان کاریزما,مختلط,1692092054218,0.000276
1402-02,اردیبهشت 1402,سبد گردان کاریزما,کالایی,19350332046545,0.00316
1402-02,اردیبهشت 1402,سبدگردان آگاه,بخشی,11891222224074,0.001942
1402-02,اردیبهشت 1402,سبدگردان آگاه,درآمد ثابت,54620420549245,0.00892
1402-02,اردیبهشت 1402,سبدگردان آگاه,سهامی,44106588115576,0.007203
1402-02,اردیبهشت 1402,سبدگردان آگاه,مختلط,319399477877,5.2e-05
1402-02,اردیبهشت 1402,سبدگردان توسعه فیروزه,جسورانه,236494056410,3.9e-05
1402-02,اردیبهشت 1402,سبدگردان توسعه فیروزه,خصوصی,820091851055,0.000134
1402-02,اردیبهشت 1402,سبدگردان توسعه فیروزه,درآمد ثابت,21560267251713,0.003521
1402-02,اردیبهشت 1402,سبدگردان توسعه فیروزه,سهامی,12771589329667,0.002086
1402-02,اردیبهشت 1402,سبدگردان توسعه فیروزه,شاخصی,5289387243754,0.000864
1402-02,اردیبهشت 1402,سبدگردان فارابی,درآمد ثابت,34520455520154,0.005638
1402-02,اردیبهشت 1402,سبدگردان فارابی,سهامی,13181500985287,0.002153
1402-02,اردیبهشت 1402,سبدگردان مفید,اهرمی,41693815035059,0.006809
1402-02,اردیبهشت 1402,سبدگردان مفید,تضمین اصل سرمایه,5105904511455,0.000834
1402-02,اردیبهشت 1402,سبدگردان مفید,درآمد ثابت,242292012156607,0.039569
1402-02,اردیبهشت 1402,سبدگردان مفید,سهامی,165916904214445,0.027096
1402-02,اردیبهشت 1402,سبدگردان مفید,شاخصی,9560971972436,0.001561
1402-02,اردیبهشت 1402,سبدگردان مفید,مختلط,4334295251071,0.000708
1402-02,اردیبهشت 1402,سبدگردان مفید,کالایی,30452417053535,0.004973
1402-02,اردیبهشت 1402,مشاور سرمایه گذاری ترنج,درآمد ثابت,110192009328648,0.017996
1402-02,اردیبهشت 1402,مشاور سرمایه گذاری ترنج,سهامی,21178355915501,0.003459
1402-02,اردیبهشت 1402,مشاور سرمایه گذاری ترنج,صندوق در صندوق,6627716707947,0.001082
1402-02,اردیبهشت 1402,مشاور سرمایه گذاری ترنج,مختلط,6897222550536,0.001126
1402-03,خرداد 1402,تامین سرمایه,اهرمی,1835123031329,0.000296
1402-03,خرداد 1402,تامین سرمایه,بازنشستگی,18467067888252,0.002982
1402-03,خرداد 1402,تامین سرمایه,بخشی,333198744692165,0.053797
1402-03,خرداد 1402,تامین سرمایه,جسورانه,559046410065,9e-05
1402-03,خرداد 1402,تامین سرمایه,درآمد ثابت,3078454501500805,0.497039
1402-03,خرداد 1402,تامین سرمایه,سهامی,61487821448283,0.009928
1402-03,خرداد 1402,تامین سرمایه,شاخصی,12345294375329,0.001993
1402-03,خرداد 1402,تامین سرمایه,مختلط,6279871735485,0.001014
1402-03,خرداد 1402,تامین سرمایه,کالایی,78046691350741,0.012601
1402-03,خرداد 1402,سایر مدیران,املاک و مستغلات,1676244227986,0.000271
1402-03,خرداد 1402,سایر مدیران,بخشی,1211263850465,0.000196
1402-03,خرداد 1402,سایر مدیران,تضمین اصل سرمایه,268306794696,4.3e-05
1402-03,خرداد 1402,سایر مدیران,جسورانه,3007366665247,0.000486
1402-03,خرداد 1402,سایر مدیران,خصوصی,16225220541824,0.00262
1402-03,خرداد 1402,سایر مدیران,درآمد ثابت,1031862990975628,0.166602
1402-03,خرداد 1402,سایر مدیران,سهامی,147191925878740,0.023765
1402-03,خرداد 1402,سایر مدیران,شاخصی,14157157661272,0.002286
1402-03,خرداد 1402,سایر مدیران,صندوق در صندوق,3116936650562,0.000503
1402-03,خرداد 1402,سایر مدیران,مختلط,8185714020773,0.001322
1402-03,خرداد 1402,سایر مدیران,پروژه‌ای,11261062017011,0.001818
1402-03,خرداد 1402,سایر مدیران,کالایی,28551464453712,0.00461
1402-03,خرداد 1402,سبد گردان اقتصاد بیدار,درآمد ثابت,33811688821245,0.005459
1402-03,خرداد 1402,سبد گردان اقتصاد بیدار,سهامی,5437018119608,0.000878
1402-03,خرداد 1402,سبد گردان کاریزما,اهرمی,74759136903551,0.01207
1402-03,خرداد 1402,سبد گردان کاریزما,تضمین اصل سرمایه,22606234942974,0.00365
1402-03,خرداد 1402,سبد گردان کاریزما,درآمد ثابت,294175018260558,0.047497
1402-03,خرداد 1402,سبد گردان کاریزما,سهامی,20190754637751,0.00326
1402-03,خرداد 1402,سبد گردان کاریزما,شاخصی,3922716081292,0.000633
1402-03,خرداد 1402,سبد گردان کاریزما,صندوق در صندوق,1106442848274,0.000179
1402-03,خرداد 1402,سبد گردان کاریزما,مختلط,1692384244414,0.000273
1402-03,خرداد 1402,سبد گردان کاریزما,کالایی,17041428091637,0.002751
1402-03,خرداد 1402,سبدگردان آگاه,اهرمی,7417179222173,0.001198
1402-03,خرداد 1402,سبدگردان آگاه,بخشی,9637521966999,0.001556
1402-03,خرداد 1402,سبدگردان آگاه,درآمد ثابت,56993032569875,0.009202
1402-03,خرداد 1402,سبدگردان آگاه,سهامی,39011301763316,0.006299
1402-03,خرداد 1402,سبدگردان آگاه,مختلط,306788102596,5e-05
1402-03,خرداد 1402,سبدگردان توسعه فیروزه,جسورانه,231977002725,3.7e-05
1402-03,خرداد 1402,سبدگردان توسعه فیروزه,خصوصی,829972126929,0.000134
1402-03,خرداد 1402,سبدگردان توسعه فیروزه,درآمد ثابت,27010132675583,0.004361
1402-03,خرداد 1402,سبدگردان توسعه فیروزه,سهامی,11575083486683,0.001869
1402-03,خرداد 1402,سبدگردان توسعه فیروزه,شاخصی,4731166047603,0.000764
1402-03,خرداد 1402,سبدگردان فارابی,درآمد ثابت,40440705009449,0.006529
1402-03,خرداد 1402,سبدگردان فارابی,سهامی,12363835892420,0.001996
1402-03,خرداد 1402,سبدگردان مفید,اهرمی,38985321236652,0.006294
1402-03,خرداد 1402,سبدگردان مفید,تضمین اصل سرمایه,5209163186847,0.000841
1402-03,خرداد 1402,سبدگردان مفید,درآمد ثابت,250212387700487,0.040399
1402-03,خرداد 1402,سبدگردان مفید,سهامی,153413829506675,0.02477
1402-03,خرداد 1402,سبدگردان مفید,شاخصی,8453194999106,0.001365
1402-03,خرداد 1402,سبدگردان مفید,مختلط,4109330877854,0.000663
1402-03,خرداد 1402,سبدگردان مفید,کالایی,30283234315915,0.004889
1402-03,خرداد 1402,مشاور سرمایه گذاری ترنج,درآمد ثابت,130208261099914,0.021023
1402-03,خرداد 1402,مشاور سرمایه گذاری ترنج,سهامی,17922216688215,0.002894
1402-03,خرداد 1402,مشاور سرمایه گذاری ترنج,صندوق در صندوق,5468157357566,0.000883
1402-03,خرداد 1402,مشاور سرمایه گذاری ترنج,مختلط,6635727399292,0.001071
1402-04,تیر 1402,تامین سرمایه,اهرمی,1606471711981,0.000255
1402-04,تیر 1402,تامین سرمایه,بازنشستگی,16728993943901,0.002651
1402-04,تیر 1402,تامین سرمایه,بخشی,281599881235065,0.04463
1402-04,تیر 1402,تامین سرمایه,تضمین اصل سرمایه,1499986096808,0.000238
1402-04,تیر 1402,تامین سرمایه,جسورانه,556571491395,8.8e-05
1402-04,تیر 1402,تامین سرمایه,درآمد ثابت,3175368007012431,0.50326
1402-04,تیر 1402,تامین سرمایه,سهامی,57524979461541,0.009117
1402-04,تیر 1402,تامین سرمایه,شاخصی,9008897377455,0.001428
1402-04,تیر 1402,تامین سرمایه,مختلط,6290395277255,0.000997
1402-04,تیر 1402,تامین سرمایه,کالایی,75804571117227,0.012014
1402-04,تیر 1402,سایر مدیران,املاک و مستغلات,1682595465285,0.000267
1402-04,تیر 1402,سایر مدیران,بخشی,1188109041852,0.000188
1402-04,تیر 1402,سایر مدیران,تضمین اصل سرمایه,258679160231,4.1e-05
1402-04,تیر 1402,سایر مدیران,جسورانه,3158424893150,0.000501
1402-04,تیر 1402,سایر مدیران,خصوصی,16028090079471,0.00254
1402-04,تیر 1402,سایر مدیران,درآمد ثابت,1069136171906013,0.169446
1402-04,تیر 1402,سایر مدیران,سهامی,137144561472339,0.021736
1402-04,تیر 1402,سایر مدیران,شاخصی,13458031354952,0.002133
1402-04,تیر 1402,سایر مدیران,صندوق در صندوق,3038953219931,0.000482
1402-04,تیر 1402,سایر مدیران,مختلط,8361383153901,0.001325
1402-04,تیر 1402,سایر مدیران,پروژه‌ای,11260563921552,0.001785
1402-04,تیر 1402,سایر مدیران,کالایی,27251564659524,0.004319
1402-04,تیر 1402,سبد گردان اقتصاد بیدار,درآمد ثابت,35054699542487,0.005556
1402-04,تیر 1402,سبد گردان اقتصاد بیدار,سهامی,5280274671468,0.000837
1402-04,تیر 1402,سبد گردان کاریزما,اهرمی,73391431155577,0.011632
1402-04,تیر 1402,سبد گردان کاریزما,تضمین اصل سرمایه,22128909280711,0.003507
1402-04,تیر 1402,سبد گردان کاریزما,درآمد ثابت,331712066213405,0.052573
1402-04,تیر 1402,سبد گردان کاریزما,سهامی,17254518245802,0.002735
1402-04,تیر 1402,سبد گردان کاریزما,شاخصی,4006774300027,0.000635
1402-04,تیر 1402,سبد گردان کاریزما,صندوق در صندوق,1070059219377,0.00017
1402-04,تیر 1402,سبد گردان کاریزما,مختلط,1712043884505,0.000271
1402-04,تیر 1402,سبد گردان کاریزما,کالایی,18234069575879,0.00289
1402-04,تیر 1402,سبدگردان آگاه,اهرمی,8490015397109,0.001346
1402-04,تیر 1402,سبدگردان آگاه,بخشی,7567826694858,0.001199
1402-04,تیر 1402,سبدگردان آگاه,درآمد ثابت,60462681474323,0.009583
1402-04,تیر 1402,سبدگردان آگاه,سهامی,36466910175129,0.00578
1402-04,تیر 1402,سبدگردان آگاه,مختلط,315229295115,5e-05
1402-04,تیر 1402,سبدگردان توسعه فیروزه,جسورانه,348803986059,5.5e-05
1402-04,تیر 1402,سبدگردان توسعه فیروزه,خصوصی,835870525785,0.000132
1402-04,تیر 1402,سبدگردان توسعه فیروزه,درآمد ثابت,30366182348534,0.004813
1402-04,تیر 1402,سبدگردان توسعه فیروزه,سهامی,12083023854796,0.001915
1402-04,تیر 1402,سبدگردان توسعه فیروزه,شاخصی,4109715706106,0.000651
1402-04,تیر 1402,سبدگردان فارابی,اهرمی,4980737845506,0.000789
1402-04,تیر 1402,سبدگردان فارابی,درآمد ثابت,32044295937852,0.005079
1402-04,تیر 1402,سبدگردان فارابی,سهامی,10745260752098,0.001703
1402-04,تیر 1402,سبدگردان مفید,اهرمی,37937172984810,0.006013
1402-04,تیر 1402,سبدگردان مفید,بخشی,10016178040060,0.001587
1402-04,تیر 1402,سبدگردان مفید,تضمین اصل سرمایه,4959158622160,0.000786
1402-04,تیر 1402,سبدگردان مفید,درآمد ثابت,269819986530414,0.042763
1402-04,تیر 1402,سبدگردان مفید,سهامی,141356055847961,0.022403
1402-04,تیر 1402,سبدگردان مفید,شاخصی,7515151429137,0.001191
1402-04,تیر 1402,سبدگردان مفید,مختلط,3921800094709,0.000622
1402-04,تیر 1402,سبدگردان مفید,کالایی,31827968385034,0.005044
1402-04,تیر 1402,مشاور سرمایه گذاری ترنج,درآمد ثابت,138595576956251,0.021966
1402-04,تیر 1402,مشاور سرمایه گذاری ترنج,سهامی,16122267848993,0.002555
1402-04,تیر 1402,مشاور سرمایه گذاری ترنج,صندوق در صندوق,4762311067689,0.000755
1402-04,تیر 1402,مشاور سرمایه گذاری ترنج,مختلط,6149744145489,0.000975
1402-05,مرداد 1402,تامین سرمایه,اهرمی,1442548390326,0.000223
1402-05,مرداد 1402,تامین سرمایه,بازنشستگی,16574798731003,0.002566
1402-05,مرداد 1402,تامین سرمایه,بخشی,279241700916120,0.043238
1402-05,مرداد 1402,تامین سرمایه,تضمین اصل سرمایه,1563987997452,0.000242
1402-05,مرداد 1402,تامین سرمایه,جسورانه,556032484556,8.6e-05
1402-05,مرداد 1402,تامین سرمایه,درآمد ثابت,3236998305961229,0.501221
1402-05,مرداد 1402,تامین سرمایه,سهامی,56028645356366,0.008676
1402-05,مرداد 1402,تامین سرمایه,شاخصی,8889193327458,0.001376
1402-05,مرداد 1402,تامین سرمایه,مختلط,6039508670375,0.000935
1402-05,مرداد 1402,تامین سرمایه,کالایی,80087649372772,0.012401
1402-05,مرداد 1402,سایر مدیران,املاک و مستغلات,1689233685094,0.000262
1402-05,مرداد 1402,سایر مدیران,بخشی,1156726346804,0.000179
1402-05,مرداد 1402,سایر مدیران,تضمین اصل سرمایه,205541791225,3.2e-05
1402-05,مرداد 1402,سایر مدیران,جسورانه,3170061989746,0.000491
1402-05,مرداد 1402,سایر مدیران,خصوصی,15104307567859,0.002339
1402-05,مرداد 1402,سایر مدیران,درآمد ثابت,1099788117725413,0.170293
1402-05,مرداد 1402,سایر مدیران,سهامی,131437781026420,0.020352
1402-05,مرداد 1402,سایر مدیران,شاخصی,12819065621876,0.001985
1402-05,مرداد 1402,سایر مدیران,صندوق در صندوق,2985781638211,0.000462
1402-05,مرداد 1402,سایر مدیران,مختلط,7964809323406,0.001233
1402-05,مرداد 1402,سایر مدیران,پروژه‌ای,11260066142022,0.001744
1402-05,مرداد 1402,سایر مدیران,کالایی,26864791820486,0.00416
1402-05,مرداد 1402,سبد گردان اقتصاد بیدار,درآمد ثابت,38522656892761,0.005965
1402-05,مرداد 1402,سبد گردان اقتصاد بیدار,سهامی,5465542399674,0.000846
1402-05,مرداد 1402,سبد گردان کاریزما,اهرمی,89962429460265,0.01393
1402-05,مرداد 1402,سبد گردان کاریزما,تضمین اصل سرمایه,21500029398911,0.003329
1402-05,مرداد 1402,سبد گردان کاریزما,درآمد ثابت,338272778063656,0.052379
1402-05,مرداد 1402,سبد گردان کاریزما,سهامی,16443765308014,0.002546
1402-05,مرداد 1402,سبد گردان کاریزما,شاخصی,4067915302587,0.00063
1402-05,مرداد 1402,سبد گردان کاریزما,صندوق در صندوق,1076872731497,0.000167
1402-05,مرداد 1402,سبد گردان کاریزما,مختلط,1699935730821,0.000263
1402-05,مرداد 1402,سبد گردان کاریزما,کالایی,19315031222013,0.002991
1402-05,مرداد 1402,سبدگردان آگاه,اهرمی,8850010783773,0.00137
1402-05,مرداد 1402,سبدگردان آگاه,بخشی,6869338433266,0.001064
1402-05,مرداد 1402,سبدگردان آگاه,درآمد ثابت,68657155509108,0.010631
1402-05,مرداد 1402,سبدگردان آگاه,سهامی,32596694873541,0.005047
1402-05,مرداد 1402,سبدگردان آگاه,مختلط,313760602586,4.9e-05
1402-05,مرداد 1402,سبدگردان توسعه فیروزه,جسورانه,381545187801,5.9e-05
1402-05,مرداد 1402,سبدگردان توسعه فیروزه,خصوصی,835528313007,0.000129
1402-05,مرداد 1402,سبدگردان توسعه فیروزه,درآمد ثابت,37275754254942,0.005772
1402-05,مرداد 1402,سبدگردان توسعه فیروزه,سهامی,12066163354790,0.001868
1402-05,مرداد 1402,سبدگردان توسعه فیروزه,شاخصی,3911232142561,0.000606
1402-05,مرداد 1402,سبدگردان فارابی,اهرمی,5418212124862,0.000839
1402-05,مرداد 1402,سبدگردان فارابی,درآمد ثابت,34763759986996,0.005383
1402-05,مرداد 1402,سبدگردان فارابی,سهامی,9658423371085,0.001496
1402-05,مرداد 1402,سبدگردان مفید,اهرمی,40125610817261,0.006213
1402-05,مرداد 1402,سبدگردان مفید,بخشی,8336796313679,0.001291
1402-05,مرداد 1402,سبدگردان مفید,تضمین اصل سرمایه,4860012022168,0.000753
1402-05,مرداد 1402,سبدگردان مفید,درآمد ثابت,289559766644882,0.044836
1402-05,مرداد 1402,سبدگردان مفید,سهامی,136762140034066,0.021176
1402-05,مرداد 1402,سبدگردان مفید,شاخصی,6963104715142,0.001078
1402-05,مرداد 1402,سبدگردان مفید,مختلط,3763492354973,0.000583
1402-05,مرداد 1402,سبدگردان مفید,کالایی,35897145970396,0.005558
1402-05,مرداد 1402,مشاور سرمایه گذاری ترنج,درآمد ثابت,146443917000694,0.022676
1402-05,مرداد 1402,مشاور سرمایه گذاری ترنج,سهامی,15629550115917,0.00242
1402-05,مرداد 1402,مشاور سرمایه گذاری ترنج,صندوق در صندوق,4184894640753,0.000648
1402-05,مرداد 1402,مشاور سرمایه گذاری ترنج,مختلط,5902224410123,0.000914
1402-06,شهریور 1402,تامین سرمایه,اهرمی,2126484302038,0.000322
1402-06,شهریور 1402,تامین سرمایه,بازنشستگی,18207980773947,0.002761
1402-06,شهریور 1402,تامین سرمایه,بخشی,321045398337769,0.048689
1402-06,شهریور 1402,تامین سرمایه,تضمین اصل سرمایه,2645505721490,0.000401
1402-06,شهریور 1402,تامین سرمایه,جسورانه,553928830501,8.4e-05
1402-06,شهریور 1402,تامین سرمایه,درآمد ثابت,3214507458014317,0.4875
1402-06,شهریور 1402,تامین سرمایه,سهامی,62210989261815,0.009435
1402-06,شهریور 1402,تامین سرمایه,شاخصی,9622480095791,0.001459
1402-06,شهریور 1402,تامین سرمایه,مختلط,6351173671818,0.000963
1402-06,شهریور 1402,تامین سرمایه,کالایی,81730659009805,0.012395
1402-06,شهریور 1402,سایر مدیران,املاک و مستغلات,1691417209948,0.000257
1402-06,شهریور 1402,سایر مدیران,بخشی,2448243009172,0.000371
1402-06,شهریور 1402,سایر مدیران,تضمین اصل سرمایه,194446289136,2.9e-05
1402-06,شهریور 1402,سایر مدیران,جسورانه,3183282043260,0.000483
1402-06,شهریور 1402,سایر مدیران,خصوصی,15673950432936,0.002377
1402-06,شهریور 1402,سایر مدیران,درآمد ثابت,1128119579284406,0.171086
1402-06,شهریور 1402,سایر مدیران,سهامی,144639996503213,0.021936
1402-06,شهریور 1402,سایر مدیران,شاخصی,15795020474674,0.002395
1402-06,شهریور 1402,سایر مدیران,صندوق در صندوق,3151339204698,0.000478
1402-06,شهریور 1402,سایر مدیران,مختلط,8403849865380,0.001274
1402-06,شهریور 1402,سایر مدیران,پروژه‌ای,11259568175706,0.001708
1402-06,شهریور 1402,سایر مدیران,کالایی,25549601628413,0.003875
1402-06,شهریور 1402,سبد گردان اقتصاد بیدار,درآمد ثابت,40891945346487,0.006202
1402-06,شهریور 1402,سبد گردان اقتصاد بیدار,سهامی,5984853753554,0.000908
1402-06,شهریور 1402,سبد گردان کاریزما,اهرمی,97973671148058,0.014858
1402-06,شهریور 1402,سبد گردان کاریزما,تضمین اصل سرمایه,23417776141084,0.003551
1402-06,شهریور 1402,سبد گردان کاریزما,درآمد ثابت,318754394412428,0.048341
1402-06,شهریور 1402,سبد گردان کاریزما,سهامی,17518501960656,0.002657
1402-06,شهریور 1402,سبد گردان کاریزما,شاخصی,4279558738713,0.000649
1402-06,شهریور 1402,سبد گردان کاریزما,صندوق در صندوق,1129523405903,0.000171
1402-06,شهریور 1402,سبد گردان کاریزما,مختلط,1769232576405,0.000268
1402-06,شهریور 1402,سبد گردان کاریزما,کالایی,20294368963052,0.003078
1402-06,شهریور 1402,سبدگردان آگاه,اهرمی,12659751911954,0.00192
1402-06,شهریور 1402,سبدگردان آگاه,بخشی,7846681307608,0.00119
1402-06,شهریور 1402,سبدگردان آگاه,درآمد ثابت,73925102091895,0.011211
1402-06,شهریور 1402,سبدگردان آگاه,سهامی,35060075917444,0.005317
1402-06,شهریور 1402,سبدگردان آگاه,مختلط,327740267472,5e-05
1402-06,شهریور 1402,سبدگردان توسعه فیروزه,جسورانه,383772367186,5.8e-05
1402-06,شهریور 1402,سبدگردان توسعه فیروزه,خصوصی,963843150420,0.000146
1402-06,شهریور 1402,سبدگردان توسعه فیروزه,درآمد ثابت,36392012873405,0.005519
1402-06,شهریور 1402,سبدگردان توسعه فیروزه,سهامی,12454329683986,0.001889
1402-06,شهریور 1402,سبدگردان توسعه فیروزه,شاخصی,4260599692225,0.000646
1402-06,شهریور 1402,سبدگردان فارابی,اهرمی,7239460303542,0.001098
1402-06,شهریور 1402,سبدگردان فارابی,درآمد ثابت,38645760412596,0.005861
1402-06,شهریور 1402,سبدگردان فارابی,سهامی,9945994345229,0.001508
1402-06,شهریور 1402,سبدگردان مفید,اهرمی,46685140500785,0.00708
1402-06,شهریور 1402,سبدگردان مفید,بخشی,8258742437548,0.001252
1402-06,شهریور 1402,سبدگردان مفید,تضمین اصل سرمایه,5565471371152,0.000844
1402-06,شهریور 1402,سبدگردان مفید,درآمد ثابت,317731906413760,0.048186
1402-06,شهریور 1402,سبدگردان مفید,سهامی,148078162502150,0.022457
1402-06,شهریور 1402,سبدگردان مفید,شاخصی,7596938278312,0.001152
1402-06,شهریور 1402,سبدگردان مفید,مختلط,4007264014186,0.000608
1402-06,شهریور 1402,سبدگردان مفید,کالایی,36578499980593,0.005547
1402-06,شهریور 1402,مشاور سرمایه گذاری ترنج,درآمد ثابت,140703533700941,0.021339
1402-06,شهریور 1402,مشاور سرمایه گذاری ترنج,سهامی,16963108104009,0.002573
1402-06,شهریور 1402,مشاور سرمایه گذاری ترنج,صندوق در صندوق,4041006631896,0.000613
1402-06,شهریور 1402,مشاور سرمایه گذاری ترنج,مختلط,6414360003532,0.000973
1402-07,مهر 1402,تامین سرمایه,اهرمی,2043894706017,0.000303
1402-07,مهر 1402,تامین سرمایه,بازنشستگی,17294314900437,0.002566
1402-07,مهر 1402,تامین سرمایه,بخشی,310891409679504,0.046128
1402-07,مهر 1402,تامین سرمایه,تضمین اصل سرمایه,2799106982391,0.000415
1402-07,مهر 1402,تامین سرمایه,جسورانه,558066995829,8.3e-05
1402-07,مهر 1402,تامین سرمایه,درآمد ثابت,3259789911446043,0.48367
1402-07,مهر 1402,تامین سرمایه,سهامی,61346105621842,0.009102
1402-07,مهر 1402,تامین سرمایه,شاخصی,9381772958410,0.001392
1402-07,مهر 1402,تامین سرمایه,مختلط,6688396793800,0.000992
1402-07,مهر 1402,تامین سرمایه,کالایی,89319984449869,0.013253
1402-07,مهر 1402,سایر مدیران,املاک و مستغلات,3277856683565,0.000486
1402-07,مهر 1402,سایر مدیران,بخشی,9438373486307,0.0014
1402-07,مهر 1402,سایر مدیران,تضمین اصل سرمایه,181574020650,2.7e-05
1402-07,مهر 1402,سایر مدیران,جسورانه,3251799567672,0.000482
1402-07,مهر 1402,سایر مدیران,خصوصی,15350242612993,0.002278
1402-07,مهر 1402,سایر مدیران,درآمد ثابت,1167465907577026,0.173222
1402-07,مهر 1402,سایر مدیران,سهامی,139581147505002,0.02071
1402-07,مهر 1402,سایر مدیران,شاخصی,14621253877345,0.002169
1402-07,مهر 1402,سایر مدیران,صندوق در صندوق,3067376598813,0.000455
1402-07,مهر 1402,سایر مدیران,مختلط,8114305975197,0.001204
1402-07,مهر 1402,سایر مدیران,پروژه‌ای,11258880514773,0.001671
1402-07,مهر 1402,سایر مدیران,کالایی,26564075273195,0.003941
1402-07,مهر 1402,سبد گردان اقتصاد بیدار,درآمد ثابت,45845365629985,0.006802
1402-07,مهر 1402,سبد گردان اقتصاد بیدار,سهامی,5686097497556,0.000844
1402-07,مهر 1402,سبد گردان کاریزما,اهرمی,87481447425268,0.01298
1402-07,مهر 1402,سبد گردان کاریزما,بخشی,9993603769294,0.001483
1402-07,مهر 1402,سبد گردان کاریزما,تضمین اصل سرمایه,20688023643588,0.00307
1402-07,مهر 1402,سبد گردان کاریزما,درآمد ثابت,333817450948597,0.04953
1402-07,مهر 1402,سبد گردان کاریزما,سهامی,16508303046491,0.002449
1402-07,مهر 1402,سبد گردان کاریزما,شاخصی,3898797473902,0.000578
1402-07,مهر 1402,سبد گردان کاریزما,صندوق در صندوق,1081037936176,0.00016
1402-07,مهر 1402,سبد گردان کاریزما,مختلط,1732558898243,0.000257
1402-07,مهر 1402,سبد گردان کاریزما,کالایی,23330479558406,0.003462
1402-07,مهر 1402,سبدگردان آگاه,اهرمی,12575514677332,0.001866
1402-07,مهر 1402,سبدگردان آگاه,بخشی,6645908608103,0.000986
1402-07,مهر 1402,سبدگردان آگاه,درآمد ثابت,91257175809177,0.01354
1402-07,مهر 1402,سبدگردان آگاه,سهامی,33101855855484,0.004911
1402-07,مهر 1402,سبدگردان آگاه,مختلط,321900671606,4.8e-05
1402-07,مهر 1402,سبدگردان توسعه فیروزه,جسورانه,385732113437,5.7e-05
1402-07,مهر 1402,سبدگردان توسعه فیروزه,خصوصی,983871524150,0.000146
1402-07,مهر 1402,سبدگردان توسعه فیروزه,درآمد ثابت,39067769200070,0.005797
1402-07,مهر 1402,سبدگردان توسعه فیروزه,سهامی,10905602134560,0.001618
1402-07,مهر 1402,سبدگردان توسعه فیروزه,شاخصی,3929624174973,0.000583
1402-07,مهر 1402,سبدگردان فارابی,اهرمی,7694831921686,0.001142
1402-07,مهر 1402,سبدگردان فارابی,بخشی,2032774824317,0.000302
1402-07,مهر 1402,سبدگردان فارابی,درآمد ثابت,43634993957072,0.006474
1402-07,مهر 1402,سبدگردان فارابی,سهامی,9267536065280,0.001375
1402-07,مهر 1402,سبدگردان مفید,اهرمی,45850714809868,0.006803
1402-07,مهر 1402,سبدگردان مفید,بخشی,7761169952318,0.001152
1402-07,مهر 1402,سبدگردان مفید,تضمین اصل سرمایه,5303900997095,0.000787
1402-07,مهر 1402,سبدگردان مفید,درآمد ثابت,335840499461295,0.04983
1402-07,مهر 1402,سبدگردان مفید,سهامی,141488075191768,0.020993
1402-07,مهر 1402,سبدگردان مفید,شاخصی,7145994382567,0.00106
1402-07,مهر 1402,سبدگردان مفید,مختلط,3946666546016,0.000586
1402-07,مهر 1402,سبدگردان مفید,کالایی,41335368858635,0.006133
1402-07,مهر 1402,مشاور سرمایه گذاری ترنج,درآمد ثابت,151712108385946,0.02251
1402-07,مهر 1402,مشاور سرمایه گذاری ترنج,سهامی,15342808443789,0.002276
1402-07,مهر 1402,مشاور سرمایه گذاری ترنج,صندوق در صندوق,3689269006520,0.000547
1402-07,مهر 1402,مشاور سرمایه گذاری ترنج,مختلط,6125876268909,0.000909
1402-08,آبان 1402,تامین سرمایه,اهرمی,2035662704168,0.000298
1402-08,آبان 1402,تامین سرمایه,بازنشستگی,16969734549050,0.002487
1402-08,آبان 1402,تامین سرمایه,بخشی,308570846721572,0.045221
1402-08,آبان 1402,تامین سرمایه,تضمین اصل سرمایه,4595583374438,0.000673
1402-08,آبان 1402,تامین سرمایه,جسورانه,557128564807,8.2e-05
1402-08,آبان 1402,تامین سرمایه,درآمد ثابت,3228622119676467,0.473151
1402-08,آبان 1402,تامین سرمایه,سهامی,61982725717766,0.009084
1402-08,آبان 1402,تامین سرمایه,شاخصی,9137932810247,0.001339
1402-08,آبان 1402,تامین سرمایه,مختلط,6753766685702,0.00099
1402-08,آبان 1402,تامین سرمایه,کالایی,92189969558332,0.01351
1402-08,آبان 1402,سایر مدیران,املاک و مستغلات,3326467158718,0.000487
1402-08,آبان 1402,سایر مدیران,بخشی,9459420786022,0.001386
1402-08,آبان 1402,سایر مدیران,تضمین اصل سرمایه,203622544381,3e-05
1402-08,آبان 1402,سایر مدیران,جسورانه,2660281875556,0.00039
1402-08,آبان 1402,سایر مدیران,خصوصی,15224871958666,0.002231
1402-08,آبان 1402,سایر مدیران,درآمد ثابت,1206874291214377,0.176866
1402-08,آبان 1402,سایر مدیران,سهامی,140219609096160,0.020549
1402-08,آبان 1402,سایر مدیران,شاخصی,14203805737643,0.002082
1402-08,آبان 1402,سایر مدیران,صندوق در صندوق,3108956536691,0.000456
1402-08,آبان 1402,سایر مدیران,مختلط,8097665977598,0.001187
1402-08,آبان 1402,سایر مدیران,پروژه‌ای,11258300685720,0.00165
1402-08,آبان 1402,سایر مدیران,کالایی,29218304198495,0.004282
1402-08,آبان 1402,سبد گردان اقتصاد بیدار,درآمد ثابت,49269169456900,0.00722
1402-08,آبان 1402,سبد گردان اقتصاد بیدار,سهامی,5490734111036,0.000805
1402-08,آبان 1402,سبد گردان کاریزما,اهرمی,87727775218761,0.012856
1402-08,آبان 1402,سبد گردان کاریزما,بخشی,8089996555254,0.001186
1402-08,آبان 1402,سبد گردان کاریزما,تضمین اصل سرمایه,20301582770044,0.002975
1402-08,آبان 1402,سبد گردان کاریزما,درآمد ثابت,336738383787365,0.049349
1402-08,آبان 1402,سبد گردان کاریزما,سهامی,16051290479103,0.002352
1402-08,آبان 1402,سبد گردان کاریزما,شاخصی,3801285762709,0.000557
1402-08,آبان 1402,سبد گردان کاریزما,صندوق در صندوق,1087923944113,0.000159
1402-08,آبان 1402,سبد گردان کاریزما,مختلط,1723141662630,0.000253
1402-08,آبان 1402,سبد گردان کاریزما,کالایی,24027970213381,0.003521
1402-08,آبان 1402,سبدگردان آگاه,اهرمی,12801746600562,0.001876
1402-08,آبان 1402,سبدگردان آگاه,بخشی,9962626276199,0.00146
1402-08,آبان 1402,سبدگردان آگاه,درآمد ثابت,104111769272605,0.015257
1402-08,آبان 1402,سبدگردان آگاه,سهامی,32454920521981,0.004756
1402-08,آبان 1402,سبدگردان آگاه,مختلط,317278483790,4.6e-05
1402-08,آبان 1402,سبدگردان توسعه فیروزه,اهرمی,5785894728111,0.000848
1402-08,آبان 1402,سبدگردان توسعه فیروزه,جسورانه,386316285298,5.7e-05
1402-08,آبان 1402,سبدگردان توسعه فیروزه,خصوصی,993536627411,0.000146
1402-08,آبان 1402,سبدگردان توسعه فیروزه,درآمد ثابت,44612604581023,0.006538
1402-08,آبان 1402,سبدگردان توسعه فیروزه,سهامی,10435324642615,0.001529
1402-08,آبان 1402,سبدگردان توسعه فیروزه,شاخصی,2812355205230,0.000412
1402-08,آبان 1402,سبدگردان فارابی,اهرمی,10684470647924,0.001566
1402-08,آبان 1402,سبدگردان فارابی,بخشی,1307979419521,0.000192
1402-08,آبان 1402,سبدگردان فارابی,درآمد ثابت,47767270227869,0.007
1402-08,آبان 1402,سبدگردان فارابی,سهامی,8888597908045,0.001303
1402-08,آبان 1402,سبدگردان مفید,اهرمی,43908378878838,0.006435
1402-08,آبان 1402,سبدگردان مفید,بخشی,7494911311645,0.001098
1402-08,آبان 1402,سبدگردان مفید,تضمین اصل سرمایه,5241970496206,0.000768
1402-08,آبان 1402,سبدگردان مفید,درآمد ثابت,372333096212408,0.054565
1402-08,آبان 1402,سبدگردان مفید,سهامی,138674209976449,0.020323
1402-08,آبان 1402,سبدگردان مفید,شاخصی,7033952493306,0.001031
1402-08,آبان 1402,سبدگردان مفید,مختلط,3903061084990,0.000572
1402-08,آبان 1402,سبدگردان مفید,کالایی,45140577055755,0.006615
1402-08,آبان 1402,مشاور سرمایه گذاری ترنج,درآمد ثابت,152523174954106,0.022352
1402-08,آبان 1402,مشاور سرمایه گذاری ترنج,سهامی,15383747448312,0.002254
1402-08,آبان 1402,مشاور سرمایه گذاری ترنج,صندوق در صندوق,3577826861673,0.000524
1402-08,آبان 1402,مشاور سرمایه گذاری ترنج,مختلط,5541463711466,0.000812
1402-09,آذر 1402,تامین سرمایه,اهرمی,2195630829584,0.000311
1402-09,آذر 1402,تامین سرمایه,بازنشستگی,18620634408480,0.00264
1402-09,آذر 1402,تامین سرمایه,بخشی,317089036576981,0.04495
1402-09,آذر 1402,تامین سرمایه,تضمین اصل سرمایه,4791428457611,0.000679
1402-09,آذر 1402,تامین سرمایه,جسورانه,556755887663,7.9e-05
1402-09,آذر 1402,تامین سرمایه,درآمد ثابت,3233205591629966,0.458332
1402-09,آذر 1402,تامین سرمایه,سهامی,68915146079572,0.009769
1402-09,آذر 1402,تامین سرمایه,شاخصی,10018360483380,0.00142
1402-09,آذر 1402,تامین سرمایه,مختلط,6932728685004,0.000983
1402-09,آذر 1402,تامین سرمایه,کالایی,95125969679883,0.013485
1402-09,آذر 1402,سایر مدیران,املاک و مستغلات,3347086027956,0.000474
1402-09,آذر 1402,سایر مدیران,بخشی,10790340811353,0.00153
1402-09,آذر 1402,سایر مدیران,تضمین اصل سرمایه,194281152106,2.8e-05
1402-09,آذر 1402,سایر مدیران,جسورانه,2723386727269,0.000386
1402-09,آذر 1402,سایر مدیران,خصوصی,15751493589526,0.002233
1402-09,آذر 1402,سایر مدیران,درآمد ثابت,1247262627459683,0.176809
1402-09,آذر 1402,سایر مدیران,سهامی,169948099028479,0.024091
1402-09,آذر 1402,سایر مدیران,شاخصی,17592118225811,0.002494
1402-09,آذر 1402,سایر مدیران,صندوق در صندوق,3268800984026,0.000463
1402-09,آذر 1402,سایر مدیران,مختلط,9124383491467,0.001293
1402-09,آذر 1402,سایر مدیران,پروژه‌ای,11257713998663,0.001596
1402-09,آذر 1402,سایر مدیران,کالایی,28811886303867,0.004084
1402-09,آذر 1402,سبد گردان اقتصاد بیدار,درآمد ثابت,60420299677440,0.008565
1402-09,آذر 1402,سبد گردان اقتصاد بیدار,سهامی,6632222805630,0.00094
1402-09,آذر 1402,سبد گردان کاریزما,اهرمی,111631508963769,0.015825
1402-09,آذر 1402,سبد گردان کاریزما,بخشی,7687292596660,0.00109
1402-09,آذر 1402,سبد گردان کاریزما,تضمین اصل سرمایه,20438317640637,0.002897
1402-09,آذر 1402,سبد گردان کاریزما,درآمد ثابت,330589792516854,0.046864
1402-09,آذر 1402,سبد گردان کاریزما,سهامی,17477314130697,0.002478
1402-09,آذر 1402,سبد گردان کاریزما,شاخصی,4119807071039,0.000584
1402-09,آذر 1402,سبد گردان کاریزما,صندوق در صندوق,1157860954069,0.000164
1402-09,آذر 1402,سبد گردان کاریزما,مختلط,1781284076545,0.000253
1402-09,آذر 1402,سبد گردان کاریزما,کالایی,26132781568776,0.003705
1402-09,آذر 1402,سبدگردان آگاه,اهرمی,14849105335036,0.002105
1402-09,آذر 1402,سبدگردان آگاه,بخشی,10595966419788,0.001502
1402-09,آذر 1402,سبدگردان آگاه,درآمد ثابت,118817787431989,0.016843
1402-09,آذر 1402,سبدگردان آگاه,سهامی,34921356638578,0.00495
1402-09,آذر 1402,سبدگردان آگاه,مختلط,339376527653,4.8e-05
1402-09,آذر 1402,سبدگردان توسعه فیروزه,اهرمی,14574052874487,0.002066
1402-09,آذر 1402,سبدگردان توسعه فیروزه,جسورانه,389458409503,5.5e-05
1402-09,آذر 1402,سبدگردان توسعه فیروزه,خصوصی,996250019321,0.000141
1402-09,آذر 1402,سبدگردان توسعه فیروزه,درآمد ثابت,47792577557432,0.006775
1402-09,آذر 1402,سبدگردان توسعه فیروزه,سهامی,11153898809679,0.001581
1402-09,آذر 1402,سبدگردان توسعه فیروزه,شاخصی,2964273166294,0.00042
1402-09,آذر 1402,سبدگردان فارابی,اهرمی,14025575552496,0.001988
1402-09,آذر 1402,سبدگردان فارابی,بخشی,1510335643171,0.000214
1402-09,آذر 1402,سبدگردان فارابی,درآمد ثابت,53324698958491,0.007559
1402-09,آذر 1402,سبدگردان فارابی,سهامی,8824472432017,0.001251
1402-09,آذر 1402,سبدگردان مفید,اهرمی,48845203030476,0.006924
1402-09,آذر 1402,سبدگردان مفید,بازنشستگی,5080056277375,0.00072
1402-09,آذر 1402,سبدگردان مفید,بخشی,8037980039095,0.001139
1402-09,آذر 1402,سبدگردان مفید,تضمین اصل سرمایه,6515162004943,0.000924
1402-09,آذر 1402,سبدگردان مفید,درآمد ثابت,395127982528523,0.056012
1402-09,آذر 1402,سبدگردان مفید,سهامی,151166129208712,0.021429
1402-09,آذر 1402,سبدگردان مفید,شاخصی,8072002179057,0.001144
1402-09,آذر 1402,سبدگردان مفید,مختلط,4135704003755,0.000586
1402-09,آذر 1402,سبدگردان مفید,کالایی,48822646389547,0.006921
1402-09,آذر 1402,مشاور سرمایه گذاری ترنج,درآمد ثابت,150400848586661,0.02132
1402-09,آذر 1402,مشاور سرمایه گذاری ترنج,سهامی,17524254899370,0.002484
1402-09,آذر 1402,مشاور سرمایه گذاری ترنج,صندوق در صندوق,3695069355879,0.000524
1402-09,آذر 1402,مشاور سرمایه گذاری ترنج,مختلط,6195855373185,0.000878
1402-10,دی 1402,تامین سرمایه,اهرمی,2181036084922,0.000307
1402-10,دی 1402,تامین سرمایه,بازنشستگی,18233234241780,0.002568
1402-10,دی 1402,تامین سرمایه,بخشی,310032168224607,0.043658
1402-10,دی 1402,تامین سرمایه,تضمین اصل سرمایه,4927193075856,0.000694
1402-10,دی 1402,تامین سرمایه,جسورانه,556422269873,7.8e-05
1402-10,دی 1402,تامین سرمایه,درآمد ثابت,3171708675171814,0.446632
1402-10,دی 1402,تامین سرمایه,سهامی,71033297820148,0.010003
1402-10,دی 1402,تامین سرمایه,شاخصی,9797229034347,0.00138
1402-10,دی 1402,تامین سرمایه,مختلط,6914991368132,0.000974
1402-10,دی 1402,تامین سرمایه,کالایی,112067525752289,0.015781
1402-10,دی 1402,سایر مدیران,املاک و مستغلات,20429558284138,0.002877
1402-10,دی 1402,سایر مدیران,بخشی,11434055447825,0.00161
1402-10,دی 1402,سایر مدیران,تضمین اصل سرمایه,163869045460,2.3e-05
1402-10,دی 1402,سایر مدیران,جسورانه,2739183402657,0.000386
1402-10,دی 1402,سایر مدیران,خصوصی,15692974730735,0.00221
1402-10,دی 1402,سایر مدیران,درآمد ثابت,1312389641108549,0.184808
1402-10,دی 1402,سایر مدیران,سهامی,169333977107587,0.023845
1402-10,دی 1402,سایر مدیران,شاخصی,16596179252091,0.002337
1402-10,دی 1402,سایر مدیران,صندوق در صندوق,3042880906341,0.000428
1402-10,دی 1402,سایر مدیران,مختلط,8822081239947,0.001242
1402-10,دی 1402,سایر مدیران,پروژه‌ای,11257064254818,0.001585
1402-10,دی 1402,سایر مدیران,کالایی,36870295946484,0.005192
1402-10,دی 1402,سبد گردان اقتصاد بیدار,درآمد ثابت,61922846549823,0.00872
1402-10,دی 1402,سبد گردان اقتصاد بیدار,سهامی,6758589898626,0.000952
1402-10,دی 1402,سبد گردان کاریزما,اهرمی,112723390768603,0.015873
1402-10,دی 1402,سبد گردان کاریزما,بخشی,6610823875668,0.000931
1402-10,دی 1402,سبد گردان کاریزما,تضمین اصل سرمایه,20406845595668,0.002874
1402-10,دی 1402,سبد گردان کاریزما,درآمد ثابت,308600014937179,0.043456
1402-10,دی 1402,سبد گردان کاریزما,سهامی,15322893526618,0.002158
1402-10,دی 1402,سبد گردان کاریزما,شاخصی,3640775190559,0.000513
1402-10,دی 1402,سبد گردان کاریزما,صندوق در صندوق,1162062545250,0.000164
1402-10,دی 1402,سبد گردان کاریزما,مختلط,1769120292384,0.000249
1402-10,دی 1402,سبد گردان کاریزما,کالایی,32359083581028,0.004557
1402-10,دی 1402,سبدگردان آگاه,اهرمی,16180934898219,0.002279
1402-10,دی 1402,سبدگردان آگاه,بخشی,9960292592738,0.001403
1402-10,دی 1402,سبدگردان آگاه,درآمد ثابت,118454503221236,0.01668
1402-10,دی 1402,سبدگردان آگاه,سهامی,34090198059377,0.004801
1402-10,دی 1402,سبدگردان آگاه,مختلط,341343897922,4.8e-05
1402-10,دی 1402,سبدگردان توسعه فیروزه,اهرمی,15269258820860,0.00215
1402-10,دی 1402,سبدگردان توسعه فیروزه,جسورانه,392424921862,5.5e-05
1402-10,دی 1402,سبدگردان توسعه فیروزه,خصوصی,996410055050,0.00014
1402-10,دی 1402,سبدگردان توسعه فیروزه,درآمد ثابت,48784345196693,0.00687
1402-10,دی 1402,سبدگردان توسعه فیروزه,سهامی,10807161013256,0.001522
1402-10,دی 1402,سبدگردان توسعه فیروزه,شاخصی,2948783285062,0.000415
1402-10,دی 1402,سبدگردان فارابی,اهرمی,19333445689935,0.002722
1402-10,دی 1402,سبدگردان فارابی,بخشی,1558749442397,0.000219
1402-10,دی 1402,سبدگردان فارابی,درآمد ثابت,58727354381770,0.00827
1402-10,دی 1402,سبدگردان فارابی,سهامی,10153325705755,0.00143
1402-10,دی 1402,سبدگردان مفید,اهرمی,48507507881374,0.006831
1402-10,دی 1402,سبدگردان مفید,بازنشستگی,5562693358547,0.000783
1402-10,دی 1402,سبدگردان مفید,بخشی,7615652880336,0.001072
1402-10,دی 1402,سبدگردان مفید,تضمین اصل سرمایه,7187313043328,0.001012
1402-10,دی 1402,سبدگردان مفید,درآمد ثابت,407416141920881,0.057371
1402-10,دی 1402,سبدگردان مفید,سهامی,149409722763611,0.02104
1402-10,دی 1402,سبدگردان مفید,شاخصی,7829644912256,0.001103
1402-10,دی 1402,سبدگردان مفید,مختلط,4150467566182,0.000584
1402-10,دی 1402,سبدگردان مفید,کالایی,61358126607894,0.00864
1402-10,دی 1402,مشاور سرمایه گذاری ترنج,درآمد ثابت,139418840794461,0.019633
1402-10,دی 1402,مشاور سرمایه گذاری ترنج,سهامی,16606343182371,0.002338
1402-10,دی 1402,مشاور سرمایه گذاری ترنج,صندوق در صندوق,3950222459374,0.000556
1402-10,دی 1402,مشاور سرمایه گذاری ترنج,مختلط,6872493022854,0.000968
1402-11,بهمن 1402,تامین سرمایه,اهرمی,2238151664894,0.00033
1402-11,بهمن 1402,تامین سرمایه,بازنشستگی,17995357982472,0.002656
1402-11,بهمن 1402,تامین سرمایه,بخشی,289360842840957,0.042703
1402-11,بهمن 1402,تامین سرمایه,تضمین اصل سرمایه,5223963179940,0.000771
1402-11,بهمن 1402,تامین سرمایه,جسورانه,556393932899,8.2e-05
1402-11,بهمن 1402,تامین سرمایه,درآمد ثابت,2974051242376195,0.438898
1402-11,بهمن 1402,تامین سرمایه,سهامی,68761801261783,0.010148
1402-11,بهمن 1402,تامین سرمایه,شاخصی,9462686795177,0.001396
1402-11,بهمن 1402,تامین سرمایه,مختلط,6827854660306,0.001008
1402-11,بهمن 1402,تامین سرمایه,کالایی,117125680568635,0.017285
1402-11,بهمن 1402,سایر مدیران,املاک و مستغلات,20486863131266,0.003023
1402-11,بهمن 1402,سایر مدیران,بخشی,12378843107160,0.001827
1402-11,بهمن 1402,سایر مدیران,تضمین اصل سرمایه,167398214327,2.5e-05
1402-11,بهمن 1402,سایر مدیران,جسورانه,2759007178514,0.000407
1402-11,بهمن 1402,سایر مدیران,خصوصی,15428766153641,0.002277
1402-11,بهمن 1402,سایر مدیران,درآمد ثابت,1242580013719068,0.183375
1402-11,بهمن 1402,سایر مدیران,سهامی,164135437423093,0.024222
1402-11,بهمن 1402,سایر مدیران,شاخصی,14350592234477,0.002118
1402-11,بهمن 1402,سایر مدیران,صندوق در صندوق,3004010091916,0.000443
1402-11,بهمن 1402,سایر مدیران,مختلط,8833107123994,0.001304
1402-11,بهمن 1402,سایر مدیران,پروژه‌ای,11258983587376,0.001662
1402-11,بهمن 1402,سایر مدیران,کالایی,46224503353502,0.006822
1402-11,بهمن 1402,سبد گردان اقتصاد بیدار,درآمد ثابت,64537760968299,0.009524
1402-11,بهمن 1402,سبد گردان اقتصاد بیدار,سهامی,7161139676535,0.001057
1402-11,بهمن 1402,سبد گردان کاریزما,اهرمی,104284495405818,0.01539
1402-11,بهمن 1402,سبد گردان کاریزما,بخشی,6099977632645,0.0009
1402-11,بهمن 1402,سبد گردان کاریزما,تضمین اصل سرمایه,15888418375200,0.002345
1402-11,بهمن 1402,سبد گردان کاریزما,درآمد ثابت,272781083166734,0.040256
1402-11,بهمن 1402,سبد گردان کاریزما,سهامی,13898493319686,0.002051
1402-11,بهمن 1402,سبد گردان کاریزما,شاخصی,3560153763109,0.000525
1402-11,بهمن 1402,سبد گردان کاریزما,صندوق در صندوق,1236705060461,0.000183
1402-11,بهمن 1402,سبد گردان کاریزما,مختلط,1623101905575,0.00024
1402-11,بهمن 1402,سبد گردان کاریزما,کالایی,35379153071341,0.005221
1402-11,بهمن 1402,سبدگردان آگاه,اهرمی,19006824798116,0.002805
1402-11,بهمن 1402,سبدگردان آگاه,بخشی,9472043474338,0.001398
1402-11,بهمن 1402,سبدگردان آگاه,درآمد ثابت,108676527527712,0.016038
1402-11,بهمن 1402,سبدگردان آگاه,سهامی,30258753923689,0.004465
1402-11,بهمن 1402,سبدگردان آگاه,مختلط,335783599903,5e-05
1402-11,بهمن 1402,سبدگردان توسعه فیروزه,اهرمی,20284939372294,0.002994
1402-11,بهمن 1402,سبدگردان توسعه فیروزه,جسورانه,394302471229,5.8e-05
1402-11,بهمن 1402,سبدگردان توسعه فیروزه,خصوصی,1004847925266,0.000148
1402-11,بهمن 1402,سبدگردان توسعه فیروزه,درآمد ثابت,52978211944275,0.007818
1402-11,بهمن 1402,سبدگردان توسعه فیروزه,سهامی,10021165287151,0.001479
1402-11,بهمن 1402,سبدگردان توسعه فیروزه,شاخصی,3099975585841,0.000457
1402-11,بهمن 1402,سبدگردان فارابی,اهرمی,20724353981922,0.003058
1402-11,بهمن 1402,سبدگردان فارابی,بخشی,1535053990857,0.000227
1402-11,بهمن 1402,سبدگردان فارابی,درآمد ثابت,61411304761413,0.009063
1402-11,بهمن 1402,سبدگردان فارابی,سهامی,9045227493837,0.001335
1402-11,بهمن 1402,سبدگردان مفید,اهرمی,47751320032486,0.007047
1402-11,بهمن 1402,سبدگردان مفید,بازنشستگی,5546163547474,0.000818
1402-11,بهمن 1402,سبدگردان مفید,بخشی,12582679566551,0.001857
1402-11,بهمن 1402,سبدگردان مفید,تضمین اصل سرمایه,6730579489589,0.000993
1402-11,بهمن 1402,سبدگردان مفید,درآمد ثابت,408723488301885,0.060318
1402-11,بهمن 1402,سبدگردان مفید,سهامی,141565622209399,0.020892
1402-11,بهمن 1402,سبدگردان مفید,شاخصی,7152021925195,0.001055
1402-11,بهمن 1402,سبدگردان مفید,مختلط,3992719248528,0.000589
1402-11,بهمن 1402,سبدگردان مفید,کالایی,65713271923486,0.009698
1402-11,بهمن 1402,مشاور سرمایه گذاری ترنج,درآمد ثابت,141888408793335,0.020939
1402-11,بهمن 1402,مشاور سرمایه گذاری ترنج,سهامی,15364819581294,0.002267
1402-11,بهمن 1402,مشاور سرمایه گذاری ترنج,صندوق در صندوق,4372373732125,0.000645
1402-11,بهمن 1402,مشاور سرمایه گذاری ترنج,مختلط,6887364215368,0.001016
1402-12,اسفند 1402,تامین سرمایه,اهرمی,2043936370712,0.000296
1402-12,اسفند 1402,تامین سرمایه,بازنشستگی,19227258715663,0.002786
1402-12,اسفند 1402,تامین سرمایه,بخشی,329330135467489,0.047715
1402-12,اسفند 1402,تامین سرمایه,تضمین اصل سرمایه,5795196258173,0.00084
1402-12,اسفند 1402,تامین سرمایه,درآمد ثابت,2965682312020867,0.429686
1402-12,اسفند 1402,تامین سرمایه,سهامی,72430540712818,0.010494
1402-12,اسفند 1402,تامین سرمایه,شاخصی,10031763568003,0.001453
1402-12,اسفند 1402,تامین سرمایه,مختلط,7078772033348,0.001026
1402-12,اسفند 1402,تامین سرمایه,کالایی,138618008829698,0.020084
1402-12,اسفند 1402,سایر مدیران,املاک و مستغلات,20478904224785,0.002967
1402-12,اسفند 1402,سایر مدیران,بخشی,25825359375548,0.003742
1402-12,اسفند 1402,سایر مدیران,تضمین اصل سرمایه,166117755932,2.4e-05
1402-12,اسفند 1402,سایر مدیران,جسورانه,2832716217763,0.00041
1402-12,اسفند 1402,سایر مدیران,خصوصی,15514775409421,0.002248
1402-12,اسفند 1402,سایر مدیران,درآمد ثابت,1210702109729205,0.175414
1402-12,اسفند 1402,سایر مدیران,سهامی,175248335832986,0.025391
1402-12,اسفند 1402,سایر مدیران,شاخصی,14740880665546,0.002136
1402-12,اسفند 1402,سایر مدیران,صندوق در صندوق,3111574084216,0.000451
1402-12,اسفند 1402,سایر مدیران,مختلط,9173942073348,0.001329
1402-12,اسفند 1402,سایر مدیران,پروژه‌ای,12959144848944,0.001878
1402-12,اسفند 1402,سایر مدیران,کالایی,56180163493884,0.00814
1402-12,اسفند 1402,سبد گردان اقتصاد بیدار,درآمد ثابت,61042384653874,0.008844
1402-12,اسفند 1402,سبد گردان اقتصاد بیدار,سهامی,7885938265918,0.001143
1402-12,اسفند 1402,سبد گردان کاریزما,اهرمی,117747213882466,0.01706
1402-12,اسفند 1402,سبد گردان کاریزما,بخشی,5766018656336,0.000835
1402-12,اسفند 1402,سبد گردان کاریزما,تضمین اصل سرمایه,16472865310611,0.002387
1402-12,اسفند 1402,سبد گردان کاریزما,درآمد ثابت,220610630462303,0.031963
1402-12,اسفند 1402,سبد گردان کاریزما,سهامی,13325607502587,0.001931
1402-12,اسفند 1402,سبد گردان کاریزما,شاخصی,3575442645907,0.000518
1402-12,اسفند 1402,سبد گردان کاریزما,صندوق در صندوق,1293409235615,0.000187
1402-12,اسفند 1402,سبد گردان کاریزما,مختلط,1578062916072,0.000229
1402-12,اسفند 1402,سبد گردان کاریزما,کالایی,45566989713393,0.006602
1402-12,اسفند 1402,سبدگردان آگاه,اهرمی,22957747398794,0.003326
1402-12,اسفند 1402,سبدگردان آگاه,بخشی,12199935704466,0.001768
1402-12,اسفند 1402,سبدگردان آگاه,درآمد ثابت,102218370489818,0.01481
1402-12,اسفند 1402,سبدگردان آگاه,سهامی,33020511755110,0.004784
1402-12,اسفند 1402,سبدگردان آگاه,مختلط,337547783607,4.9e-05
1402-12,اسفند 1402,سبدگردان آگاه,کالایی,24021695729692,0.00348
1402-12,اسفند 1402,سبدگردان توسعه فیروزه,اهرمی,25529747996063,0.003699
1402-12,اسفند 1402,سبدگردان توسعه فیروزه,جسورانه,393891751697,5.7e-05
1402-12,اسفند 1402,سبدگردان توسعه فیروزه,خصوصی,1133337711434,0.000164
1402-12,اسفند 1402,سبدگردان توسعه فیروزه,درآمد ثابت,66108868080862,0.009578
1402-12,اسفند 1402,سبدگردان توسعه فیروزه,سهامی,10051972646670,0.001456
1402-12,اسفند 1402,سبدگردان توسعه فیروزه,شاخصی,3157223103325,0.000457
1402-12,اسفند 1402,سبدگردان فارابی,اهرمی,23009590373347,0.003334
1402-12,اسفند 1402,سبدگردان فارابی,بخشی,1636280786908,0.000237
1402-12,اسفند 1402,سبدگردان فارابی,درآمد ثابت,59824698332253,0.008668
1402-12,اسفند 1402,سبدگردان فارابی,سهامی,8803082169546,0.001275
1402-12,اسفند 1402,سبدگردان مفید,اهرمی,54222263110381,0.007856
1402-12,اسفند 1402,سبدگردان مفید,بازنشستگی,5840786803670,0.000846
1402-12,اسفند 1402,سبدگردان مفید,بخشی,14887995979780,0.002157
1402-12,اسفند 1402,سبدگردان مفید,تضمین اصل سرمایه,6835106613261,0.00099
1402-12,اسفند 1402,سبدگردان مفید,درآمد ثابت,424439940562363,0.061495
1402-12,اسفند 1402,سبدگردان مفید,سهامی,148968067152287,0.021583
1402-12,اسفند 1402,سبدگردان مفید,شاخصی,7716004482587,0.001118
1402-12,اسفند 1402,سبدگردان مفید,مختلط,3974979508784,0.000576
1402-12,اسفند 1402,سبدگردان مفید,کالایی,79883574087083,0.011574
1402-12,اسفند 1402,مشاور سرمایه گذاری ترنج,درآمد ثابت,141015245340063,0.020431
1402-12,اسفند 1402,مشاور سرمایه گذاری ترنج,سهامی,16484879874620,0.002388
1402-12,اسفند 1402,مشاور سرمایه گذاری ترنج,صندوق در صندوق,4334979816078,0.000628
1402-12,اسفند 1402,مشاور سرمایه گذاری ترنج,مختلط,6930864579411,0.001004
1403-01,فروردین 1403,تامین سرمایه,اهرمی,2013319655850,0.000282
1403-01,فروردین 1403,تامین سرمایه,بازنشستگی,19169141235574,0.002689
1403-01,فروردین 1403,تامین سرمایه,بخشی,320228488195760,0.044914
1403-01,فروردین 1403,تامین سرمایه,تضمین اصل سرمایه,6151246174604,0.000863
1403-01,فروردین 1403,تامین سرمایه,درآمد ثابت,2997907316724197,0.420476
1403-01,فروردین 1403,تامین سرمایه,سهامی,71631957393407,0.010047
1403-01,فروردین 1403,تامین سرمایه,شاخصی,10042651812822,0.001409
1403-01,فروردین 1403,تامین سرمایه,مختلط,7125254269969,0.000999
1403-01,فروردین 1403,تامین سرمایه,کالایی,168429446447712,0.023623
1403-01,فروردین 1403,سایر مدیران,املاک و مستغلات,20528413553702,0.002879
1403-01,فروردین 1403,سایر مدیران,بخشی,25456051010284,0.00357
1403-01,فروردین 1403,سایر مدیران,تضمین اصل سرمایه,159037855504,2.2e-05
1403-01,فروردین 1403,سایر مدیران,جسورانه,2864255446626,0.000402
1403-01,فروردین 1403,سایر مدیران,خصوصی,15713059295959,0.002204
1403-01,فروردین 1403,سایر مدیران,درآمد ثابت,1246676615444150,0.174855
1403-01,فروردین 1403,سایر مدیران,سهامی,173877676406824,0.024387
1403-01,فروردین 1403,سایر مدیران,شاخصی,14529223787869,0.002038
1403-01,فروردین 1403,سایر مدیران,صندوق در صندوق,3136099630626,0.00044
1403-01,فروردین 1403,سایر مدیران,مختلط,9080485078581,0.001274
1403-01,فروردین 1403,سایر مدیران,پروژه‌ای,12958776495468,0.001818
1403-01,فروردین 1403,سایر مدیران,کالایی,71422382935270,0.010017
1403-01,فروردین 1403,سبد گردان اقتصاد بیدار,درآمد ثابت,71007459891321,0.009959
1403-01,فروردین 1403,سبد گردان اقتصاد بیدار,سهامی,6953853125295,0.000975
1403-01,فروردین 1403,سبد گردان کاریزما,اهرمی,115420752232657,0.016189
1403-01,فروردین 1403,سبد گردان کاریزما,بازنشستگی,5410812525558,0.000759
1403-01,فروردین 1403,سبد گردان کاریزما,بخشی,6230028357022,0.000874
1403-01,فروردین 1403,سبد گردان کاریزما,تضمین اصل سرمایه,16333306521109,0.002291
1403-01,فروردین 1403,سبد گردان کاریزما,درآمد ثابت,218443573085951,0.030638
1403-01,فروردین 1403,سبد گردان کاریزما,سهامی,12368161757489,0.001735
1403-01,فروردین 1403,سبد گردان کاریزما,شاخصی,3077060621736,0.000432
1403-01,فروردین 1403,سبد گردان کاریزما,صندوق در صندوق,1375135379196,0.000193
1403-01,فروردین 1403,سبد گردان کاریزما,مختلط,1506614100748,0.000211
1403-01,فروردین 1403,سبد گردان کاریزما,کالایی,57622117769901,0.008082
1403-01,فروردین 1403,سبدگردان آگاه,اهرمی,26694010904839,0.003744
1403-01,فروردین 1403,سبدگردان آگاه,بخشی,11636596375649,0.001632
1403-01,فروردین 1403,سبدگردان آگاه,درآمد ثابت,113289970633519,0.01589
1403-01,فروردین 1403,سبدگردان آگاه,سهامی,32289663820438,0.004529
1403-01,فروردین 1403,سبدگردان آگاه,مختلط,341766062901,4.8e-05
1403-01,فروردین 1403,سبدگردان آگاه,کالایی,30256124622916,0.004244
1403-01,فروردین 1403,سبدگردان توسعه فیروزه,اهرمی,25746774776691,0.003611
1403-01,فروردین 1403,سبدگردان توسعه فیروزه,جسورانه,401726402695,5.6e-05
1403-01,فروردین 1403,سبدگردان توسعه فیروزه,خصوصی,1136930614966,0.000159
1403-01,فروردین 1403,سبدگردان توسعه فیروزه,درآمد ثابت,67574379209918,0.009478
1403-01,فروردین 1403,سبدگردان توسعه فیروزه,سهامی,9575699442541,0.001343
1403-01,فروردین 1403,سبدگردان توسعه فیروزه,شاخصی,3005669108826,0.000422
1403-01,فروردین 1403,سبدگردان فارابی,اهرمی,23615935549427,0.003312
1403-01,فروردین 1403,سبدگردان فارابی,بخشی,1636346326238,0.00023
1403-01,فروردین 1403,سبدگردان فارابی,درآمد ثابت,62618669799803,0.008783
1403-01,فروردین 1403,سبدگردان فارابی,سهامی,8733663927002,0.001225
1403-01,فروردین 1403,سبدگردان مفید,اهرمی,56270167048711,0.007892
1403-01,فروردین 1403,سبدگردان مفید,بازنشستگی,6250171426975,0.000877
1403-01,فروردین 1403,سبدگردان مفید,بخشی,14175439193921,0.001988
1403-01,فروردین 1403,سبدگردان مفید,تضمین اصل سرمایه,6407155807077,0.000899
1403-01,فروردین 1403,سبدگردان مفید,درآمد ثابت,472790196847591,0.066312
1403-01,فروردین 1403,سبدگردان مفید,سهامی,150535626669365,0.021114
1403-01,فروردین 1403,سبدگردان مفید,شاخصی,7509501206152,0.001053
1403-01,فروردین 1403,سبدگردان مفید,مختلط,3923242632326,0.00055
1403-01,فروردین 1403,سبدگردان مفید,کالایی,99265837031641,0.013923
1403-01,فروردین 1403,مشاور سرمایه گذاری ترنج,درآمد ثابت,151073076939444,0.021189
1403-01,فروردین 1403,مشاور سرمایه گذاری ترنج,سهامی,16689642275745,0.002341
1403-01,فروردین 1403,مشاور سرمایه گذاری ترنج,صندوق در صندوق,4709330087377,0.000661
1403-01,فروردین 1403,مشاور سرمایه گذاری ترنج,مختلط,6790630401639,0.000952
1403-02,اردیبهشت 1403,تامین سرمایه,املاک و مستغلات,4999677426395,0.000699
1403-02,اردیبهشت 1403,تامین سرمایه,اهرمی,1383474482515,0.000193
1403-02,اردیبهشت 1403,تامین سرمایه,بازنشستگی,18051865855666,0.002524
1403-02,اردیبهشت 1403,تامین سرمایه,بخشی,297472525442436,0.04159
1403-02,اردیبهشت 1403,تامین سرمایه,تضمین اصل سرمایه,10382439420257,0.001452
1403-02,اردیبهشت 1403,تامین سرمایه,درآمد ثابت,3054033632863983,0.426993
1403-02,اردیبهشت 1403,تامین سرمایه,سهامی,67031289766314,0.009372
1403-02,اردیبهشت 1403,تامین سرمایه,شاخصی,9586027483271,0.00134
1403-02,اردیبهشت 1403,تامین سرمایه,مختلط,7054928655925,0.000986
1403-02,اردیبهشت 1403,تامین سرمایه,کالایی,154263297365671,0.021568
1403-02,اردیبهشت 1403,سایر مدیران,املاک و مستغلات,20578165054550,0.002877
1403-02,اردیبهشت 1403,سایر مدیران,بخشی,23682146683745,0.003311
1403-02,اردیبهشت 1403,سایر مدیران,تضمین اصل سرمایه,146239167033,2e-05
1403-02,اردیبهشت 1403,سایر مدیران,جسورانه,2895780950868,0.000405
1403-02,اردیبهشت 1403,سایر مدیران,خصوصی,15296868897018,0.002139
1403-02,اردیبهشت 1403,سایر مدیران,درآمد ثابت,1261552969199541,0.176381
1403-02,اردیبهشت 1403,سایر مدیران,سهامی,164875892824405,0.023052
1403-02,اردیبهشت 1403,سایر مدیران,شاخصی,13801264678585,0.00193
1403-02,اردیبهشت 1403,سایر مدیران,صندوق در صندوق,3072586479047,0.00043
1403-02,اردیبهشت 1403,سایر مدیران,مختلط,8937998916880,0.00125
1403-02,اردیبهشت 1403,سایر مدیران,پروژه‌ای,12958406832943,0.001812
1403-02,اردیبهشت 1403,سایر مدیران,کالایی,66530881167704,0.009302
1403-02,اردیبهشت 1403,سبد گردان اقتصاد بیدار,درآمد ثابت,81266264304017,0.011362
1403-02,اردیبهشت 1403,سبد گردان اقتصاد بیدار,سهامی,7269685536180,0.001016
1403-02,اردیبهشت 1403,سبد گردان کاریزما,اهرمی,108789892156739,0.01521
1403-02,اردیبهشت 1403,سبد گردان کاریزما,بازنشستگی,5216310495663,0.000729
1403-02,اردیبهشت 1403,سبد گردان کاریزما,بخشی,5527119773745,0.000773
1403-02,اردیبهشت 1403,سبد گردان کاریزما,تضمین اصل سرمایه,15730473580703,0.002199
1403-02,اردیبهشت 1403,سبد گردان کاریزما,درآمد ثابت,203211164504740,0.028412
1403-02,اردیبهشت 1403,سبد گردان کاریزما,سهامی,10501001613267,0.001468
1403-02,اردیبهشت 1403,سبد گردان کاریزما,شاخصی,2872928197194,0.000402
1403-02,اردیبهشت 1403,سبد گردان کاریزما,صندوق در صندوق,1184489553680,0.000166
1403-02,اردیبهشت 1403,سبد گردان کاریزما,مختلط,1413394239069,0.000198
1403-02,اردیبهشت 1403,سبد گردان کاریزما,کالایی,52865605119314,0.007391
1403-02,اردیبهشت 1403,سبدگردان آگاه,اهرمی,26666212031363,0.003728
1403-02,اردیبهشت 1403,سبدگردان آگاه,بخشی,10562716403181,0.001477
1403-02,اردیبهشت 1403,سبدگردان آگاه,درآمد ثابت,110871787420461,0.015501
1403-02,اردیبهشت 1403,سبدگردان آگاه,سهامی,29438660051400,0.004116
1403-02,اردیبهشت 1403,سبدگردان آگاه,مختلط,328468113957,4.6e-05
1403-02,اردیبهشت 1403,سبدگردان آگاه,کالایی,28103060440685,0.003929
1403-02,اردیبهشت 1403,سبدگردان توسعه فیروزه,اهرمی,27923267453360,0.003904
1403-02,اردیبهشت 1403,سبدگردان توسعه فیروزه,جسورانه,530968693208,7.4e-05
1403-02,اردیبهشت 1403,سبدگردان توسعه فیروزه,خصوصی,1168179879204,0.000163
1403-02,اردیبهشت 1403,سبدگردان توسعه فیروزه,درآمد ثابت,68749603093368,0.009612
1403-02,اردیبهشت 1403,سبدگردان توسعه فیروزه,سهامی,8760572905519,0.001225
1403-02,اردیبهشت 1403,سبدگردان توسعه فیروزه,شاخصی,2498302579212,0.000349
1403-02,اردیبهشت 1403,سبدگردان فارابی,اهرمی,29979615286594,0.004192
1403-02,اردیبهشت 1403,سبدگردان فارابی,بخشی,1612744464485,0.000225
1403-02,اردیبهشت 1403,سبدگردان فارابی,درآمد ثابت,65105240090608,0.009103
1403-02,اردیبهشت 1403,سبدگردان فارابی,سهامی,8528466405945,0.001192
1403-02,اردیبهشت 1403,سبدگردان مفید,اهرمی,53538650030052,0.007485
1403-02,اردیبهشت 1403,سبدگردان مفید,بازنشستگی,5913182152111,0.000827
1403-02,اردیبهشت 1403,سبدگردان مفید,بخشی,19983392269472,0.002794
1403-02,اردیبهشت 1403,سبدگردان مفید,تضمین اصل سرمایه,5454979849981,0.000763
1403-02,اردیبهشت 1403,سبدگردان مفید,درآمد ثابت,502415624507764,0.070244
1403-02,اردیبهشت 1403,سبدگردان مفید,سهامی,139541046058891,0.01951
1403-02,اردیبهشت 1403,سبدگردان مفید,شاخصی,7078073352439,0.00099
1403-02,اردیبهشت 1403,سبدگردان مفید,مختلط,3702216586879,0.000518
1403-02,اردیبهشت 1403,سبدگردان مفید,کالایی,96134829389706,0.013441
1403-02,اردیبهشت 1403,مشاور سرمایه گذاری ترنج,درآمد ثابت,156969238787916,0.021946
1403-02,اردیبهشت 1403,مشاور سرمایه گذاری ترنج,سهامی,16111428624819,0.002253
1403-02,اردیبهشت 1403,مشاور سرمایه گذاری ترنج,صندوق در صندوق,4004645387373,0.00056
1403-02,اردیبهشت 1403,مشاور سرمایه گذاری ترنج,مختلط,6313452558522,0.000883
1403-03,خرداد 1403,تامین سرمایه,املاک و مستغلات,5068501642038,0.000686
1403-03,خرداد 1403,تامین سرمایه,اهرمی,1357727226729,0.000184
1403-03,خرداد 1403,تامین سرمایه,بازنشستگی,17983600037642,0.002433
1403-03,خرداد 1403,تامین سرمایه,بخشی,298477032078932,0.040383
1403-03,خرداد 1403,تامین سرمایه,تضمین اصل سرمایه,11455931129882,0.00155
1403-03,خرداد 1403,تامین سرمایه,درآمد ثابت,3117595548582617,0.421802
1403-03,خرداد 1403,تامین سرمایه,سهامی,69352895500636,0.009383
1403-03,خرداد 1403,تامین سرمایه,شاخصی,6999937547183,0.000947
1403-03,خرداد 1403,تامین سرمایه,مختلط,7063818262033,0.000956
1403-03,خرداد 1403,تامین سرمایه,کالایی,159209157874734,0.021541
1403-03,خرداد 1403,سایر مدیران,املاک و مستغلات,20610638694601,0.002789
1403-03,خرداد 1403,سایر مدیران,بخشی,23518566014628,0.003182
1403-03,خرداد 1403,سایر مدیران,تضمین اصل سرمایه,88540354697,1.2e-05
1403-03,خرداد 1403,سایر مدیران,جسورانه,2934200811667,0.000397
1403-03,خرداد 1403,سایر مدیران,خصوصی,15178735514000,0.002054
1403-03,خرداد 1403,سایر مدیران,درآمد ثابت,1315774721826735,0.178021
1403-03,خرداد 1403,سایر مدیران,سهامی,158454616214397,0.021438
1403-03,خرداد 1403,سایر مدیران,شاخصی,13252147142968,0.001793
1403-03,خرداد 1403,سایر مدیران,صندوق در صندوق,2975182328425,0.000403
1403-03,خرداد 1403,سایر مدیران,مختلط,8608586766642,0.001165
1403-03,خرداد 1403,سایر مدیران,پروژه‌ای,12958020685454,0.001753
1403-03,خرداد 1403,سایر مدیران,کالایی,67968018911060,0.009196
1403-03,خرداد 1403,سبد گردان اقتصاد بیدار,درآمد ثابت,94141404080520,0.012737
1403-03,خرداد 1403,سبد گردان اقتصاد بیدار,سهامی,7382956189703,0.000999
1403-03,خرداد 1403,سبد گردان کاریزما,اهرمی,123223658100772,0.016672
1403-03,خرداد 1403,سبد گردان کاریزما,بازنشستگی,5235278578998,0.000708
1403-03,خرداد 1403,سبد گردان کاریزما,بخشی,5068361044791,0.000686
1403-03,خرداد 1403,سبد گردان کاریزما,تضمین اصل سرمایه,14542926044516,0.001968
1403-03,خرداد 1403,سبد گردان کاریزما,درآمد ثابت,209431929592520,0.028336
1403-03,خرداد 1403,سبد گردان کاریزما,سهامی,9799733106595,0.001326
1403-03,خرداد 1403,سبد گردان کاریزما,شاخصی,2711597090345,0.000367
1403-03,خرداد 1403,سبد گردان کاریزما,صندوق در صندوق,1104212418976,0.000149
1403-03,خرداد 1403,سبد گردان کاریزما,مختلط,1343947761075,0.000182
1403-03,خرداد 1403,سبد گردان کاریزما,کالایی,52654583636236,0.007124
1403-03,خرداد 1403,سبدگردان آگاه,اهرمی,27843186379929,0.003767
1403-03,خرداد 1403,سبدگردان آگاه,بخشی,9820872465591,0.001329
1403-03,خرداد 1403,سبدگردان آگاه,درآمد ثابت,125002911994607,0.016913
1403-03,خرداد 1403,سبدگردان آگاه,سهامی,28170396456778,0.003811
1403-03,خرداد 1403,سبدگردان آگاه,مختلط,326759925320,4.4e-05
1403-03,خرداد 1403,سبدگردان آگاه,کالایی,28003556790153,0.003789
1403-03,خرداد 1403,سبدگردان توسعه فیروزه,اهرمی,32864547424280,0.004446
1403-03,خرداد 1403,سبدگردان توسعه فیروزه,جسورانه,546801876570,7.4e-05
1403-03,خرداد 1403,سبدگردان توسعه فیروزه,خصوصی,1183248116109,0.00016
1403-03,خرداد 1403,سبدگردان توسعه فیروزه,درآمد ثابت,77443136740394,0.010478
1403-03,خرداد 1403,سبدگردان توسعه فیروزه,سهامی,8349461443622,0.00113
1403-03,خرداد 1403,سبدگردان توسعه فیروزه,شاخصی,2415378994199,0.000327
1403-03,خرداد 1403,سبدگردان فارابی,اهرمی,32081482037712,0.004341
1403-03,خرداد 1403,سبدگردان فارابی,بخشی,1363453385492,0.000184
1403-03,خرداد 1403,سبدگردان فارابی,درآمد ثابت,79058792486932,0.010696
1403-03,خرداد 1403,سبدگردان فارابی,سهامی,7473568909399,0.001011
1403-03,خرداد 1403,سبدگردان مفید,اهرمی,53055873857369,0.007178
1403-03,خرداد 1403,سبدگردان مفید,بازنشستگی,5691946715442,0.00077
1403-03,خرداد 1403,سبدگردان مفید,بخشی,20016021260917,0.002708
1403-03,خرداد 1403,سبدگردان مفید,تضمین اصل سرمایه,4941613178646,0.000669
1403-03,خرداد 1403,سبدگردان مفید,درآمد ثابت,537243261109370,0.072688
1403-03,خرداد 1403,سبدگردان مفید,سهامی,132738959755736,0.017959
1403-03,خرداد 1403,سبدگردان مفید,شاخصی,6798514358140,0.00092
1403-03,خرداد 1403,سبدگردان مفید,مختلط,3590962016473,0.000486
1403-03,خرداد 1403,سبدگردان مفید,کالایی,101136194865336,0.013683
1403-03,خرداد 1403,مشاور سرمایه گذاری ترنج,درآمد ثابت,175839329857606,0.023791
1403-03,خرداد 1403,مشاور سرمایه گذاری ترنج,سهامی,15156168950532,0.002051
1403-03,خرداد 1403,مشاور سرمایه گذاری ترنج,صندوق در صندوق,3721311273075,0.000503
1403-03,خرداد 1403,مشاور سرمایه گذاری ترنج,مختلط,5723811171437,0.000774
1403-04,تیر 1403,تامین سرمایه,املاک و مستغلات,5142788693269,0.000646
1403-04,تیر 1403,تامین سرمایه,اهرمی,1427131590453,0.000179
1403-04,تیر 1403,تامین سرمایه,بازنشستگی,19204727739310,0.002412
1403-04,تیر 1403,تامین سرمایه,بخشی,295260010045863,0.037086
1403-04,تیر 1403,تامین سرمایه,تضمین اصل سرمایه,16982549612776,0.002133
1403-04,تیر 1403,تامین سرمایه,درآمد ثابت,3183712022705511,0.399894
1403-04,تیر 1403,تامین سرمایه,سهامی,74190881140634,0.009319
1403-04,تیر 1403,تامین سرمایه,شاخصی,4753800569154,0.000597
1403-04,تیر 1403,تامین سرمایه,مختلط,7282598592364,0.000915
1403-04,تیر 1403,تامین سرمایه,کالایی,164910584855264,0.020714
1403-04,تیر 1403,سایر مدیران,املاک و مستغلات,20664039481877,0.002596
1403-04,تیر 1403,سایر مدیران,بخشی,24048370552672,0.003021
1403-04,تیر 1403,سایر مدیران,تضمین اصل سرمایه,91990068045,1.2e-05
1403-04,تیر 1403,سایر مدیران,جسورانه,2958421836690,0.000372
1403-04,تیر 1403,سایر مدیران,خصوصی,15108578781467,0.001898
1403-04,تیر 1403,سایر مدیران,درآمد ثابت,1498559635671960,0.188228
1403-04,تیر 1403,سایر مدیران,سهامی,170942695607848,0.021471
1403-04,تیر 1403,سایر مدیران,شاخصی,13979218601422,0.001756
1403-04,تیر 1403,سایر مدیران,صندوق در صندوق,3213060543213,0.000404
1403-04,تیر 1403,سایر مدیران,مختلط,8856866245192,0.001112
1403-04,تیر 1403,سایر مدیران,پروژه‌ای,12957634761790,0.001628
1403-04,تیر 1403,سایر مدیران,کالایی,73838855940883,0.009275
1403-04,تیر 1403,سبد گردان اقتصاد بیدار,اهرمی,28581441472080,0.00359
1403-04,تیر 1403,سبد گردان اقتصاد بیدار,درآمد ثابت,123978279401131,0.015572
1403-04,تیر 1403,سبد گردان اقتصاد بیدار,سهامی,7381881122982,0.000927
1403-04,تیر 1403,سبد گردان کاریزما,اهرمی,141416703631515,0.017763
1403-04,تیر 1403,سبد گردان کاریزما,بازنشستگی,5483859640975,0.000689
1403-04,تیر 1403,سبد گردان کاریزما,بخشی,7565044359378,0.00095
1403-04,تیر 1403,سبد گردان کاریزما,تضمین اصل سرمایه,15264963089735,0.001917
1403-04,تیر 1403,سبد گردان کاریزما,درآمد ثابت,225321270286335,0.028302
1403-04,تیر 1403,سبد گردان کاریزما,سهامی,10461971646398,0.001314
1403-04,تیر 1403,سبد گردان کاریزما,شاخصی,3007200763319,0.000378
1403-04,تیر 1403,سبد گردان کاریزما,صندوق در صندوق,1209579140446,0.000152
1403-04,تیر 1403,سبد گردان کاریزما,مختلط,1267688605410,0.000159
1403-04,تیر 1403,سبد گردان کاریزما,کالایی,55712090378703,0.006998
1403-04,تیر 1403,سبدگردان آگاه,اهرمی,36592327882043,0.004596
1403-04,تیر 1403,سبدگردان آگاه,بخشی,10129840509062,0.001272
1403-04,تیر 1403,سبدگردان آگاه,درآمد ثابت,136233770153489,0.017112
1403-04,تیر 1403,سبدگردان آگاه,سهامی,30180987670036,0.003791
1403-04,تیر 1403,سبدگردان آگاه,مختلط,352859319068,4.4e-05
1403-04,تیر 1403,سبدگردان آگاه,کالایی,30903739015020,0.003882
1403-04,تیر 1403,سبدگردان توسعه فیروزه,اهرمی,52272213456686,0.006566
1403-04,تیر 1403,سبدگردان توسعه فیروزه,جسورانه,556850756319,7e-05
1403-04,تیر 1403,سبدگردان توسعه فیروزه,خصوصی,1191110195789,0.00015
1403-04,تیر 1403,سبدگردان توسعه فیروزه,درآمد ثابت,79503697722681,0.009986
1403-04,تیر 1403,سبدگردان توسعه فیروزه,سهامی,8724671106436,0.001096
1403-04,تیر 1403,سبدگردان توسعه فیروزه,شاخصی,2765877792176,0.000347
1403-04,تیر 1403,سبدگردان فارابی,اهرمی,51924675154550,0.006522
1403-04,تیر 1403,سبدگردان فارابی,بخشی,1426809024590,0.000179
1403-04,تیر 1403,سبدگردان فارابی,درآمد ثابت,86189762595217,0.010826
1403-04,تیر 1403,سبدگردان فارابی,سهامی,7950616797187,0.000999
1403-04,تیر 1403,سبدگردان مفید,اهرمی,58551019266483,0.007354
1403-04,تیر 1403,سبدگردان مفید,بازنشستگی,6013075201512,0.000755
1403-04,تیر 1403,سبدگردان مفید,بخشی,21700324792338,0.002726
1403-04,تیر 1403,سبدگردان مفید,تضمین اصل سرمایه,4958777868236,0.000623
1403-04,تیر 1403,سبدگردان مفید,درآمد ثابت,586264718288085,0.073638
1403-04,تیر 1403,سبدگردان مفید,سهامی,143143716821386,0.01798
1403-04,تیر 1403,سبدگردان مفید,شاخصی,7467599708086,0.000938
1403-04,تیر 1403,سبدگردان مفید,مختلط,3713891104126,0.000466
1403-04,تیر 1403,سبدگردان مفید,کالایی,108765322067060,0.013662
1403-04,تیر 1403,مشاور سرمایه گذاری ترنج,اهرمی,30594550823225,0.003843
1403-04,تیر 1403,مشاور سرمایه گذاری ترنج,درآمد ثابت,181997343929947,0.02286
1403-04,تیر 1403,مشاور سرمایه گذاری ترنج,سهامی,16942000550152,0.002128
1403-04,تیر 1403,مشاور سرمایه گذاری ترنج,صندوق در صندوق,3828796086491,0.000481
1403-04,تیر 1403,مشاور سرمایه گذاری ترنج,مختلط,5816950859539,0.000731
1403-05,مرداد 1403,تامین سرمایه,املاک و مستغلات,5234359283241,0.000644
1403-05,مرداد 1403,تامین سرمایه,اهرمی,1310122867843,0.000161
1403-05,مرداد 1403,تامین سرمایه,بازنشستگی,17422816130914,0.002145
1403-05,مرداد 1403,تامین سرمایه,بخشی,272979560484283,0.033608
1403-05,مرداد 1403,تامین سرمایه,تضمین اصل سرمایه,17886871301676,0.002202
1403-05,مرداد 1403,تامین سرمایه,درآمد ثابت,3177889872537662,0.391252
1403-05,مرداد 1403,تامین سرمایه,سهامی,69491168403603,0.008556
1403-05,مرداد 1403,تامین سرمایه,شاخصی,4148454929368,0.000511
1403-05,مرداد 1403,تامین سرمایه,مختلط,7237441345312,0.000891
1403-05,مرداد 1403,تامین سرمایه,کالایی,188226145941741,0.023174
1403-05,مرداد 1403,سایر مدیران,املاک و مستغلات,20746627545074,0.002554
1403-05,مرداد 1403,سایر مدیران,بخشی,23029205920892,0.002835
1403-05,مرداد 1403,سایر مدیران,تضمین اصل سرمایه,83413874447,1e-05
1403-05,مرداد 1403,سایر مدیران,جسورانه,3002357871394,0.00037
1403-05,مرداد 1403,سایر مدیران,خصوصی,14500140219300,0.001785
1403-05,مرداد 1403,سایر مدیران,درآمد ثابت,1652583764174300,0.203461
1403-05,مرداد 1403,سایر مدیران,سهامی,160504291803423,0.019761
1403-05,مرداد 1403,سایر مدیران,شاخصی,11658697572455,0.001435
1403-05,مرداد 1403,سایر مدیران,صندوق در صندوق,6569010502078,0.000809
1403-05,مرداد 1403,سایر مدیران,مختلط,8554527803600,0.001053
1403-05,مرداد 1403,سایر مدیران,پروژه‌ای,12957248458476,0.001595
1403-05,مرداد 1403,سایر مدیران,کالایی,81082263136922,0.009983
1403-05,مرداد 1403,سبد گردان اقتصاد بیدار,اهرمی,28006211371953,0.003448
1403-05,مرداد 1403,سبد گردان اقتصاد بیدار,درآمد ثابت,135834924895641,0.016724
1403-05,مرداد 1403,سبد گردان اقتصاد بیدار,سهامی,7069612985328,0.00087
1403-05,مرداد 1403,سبد گردان کاریزما,اهرمی,120167603406809,0.014795
1403-05,مرداد 1403,سبد گردان کاریزما,بازنشستگی,5183684667409,0.000638
1403-05,مرداد 1403,سبد گردان کاریزما,بخشی,6744918729918,0.00083
1403-05,مرداد 1403,سبد گردان کاریزما,تضمین اصل سرمایه,14905966294705,0.001835
1403-05,مرداد 1403,سبد گردان کاریزما,درآمد ثابت,223538331109048,0.027521
1403-05,مرداد 1403,سبد گردان کاریزما,سهامی,9955056355237,0.001226
1403-05,مرداد 1403,سبد گردان کاریزما,شاخصی,2820093096022,0.000347
1403-05,مرداد 1403,سبد گردان کاریزما,صندوق در صندوق,1294840742129,0.000159
1403-05,مرداد 1403,سبد گردان کاریزما,مختلط,1275006472611,0.000157
1403-05,مرداد 1403,سبد گردان کاریزما,کالایی,63393313433045,0.007805
1403-05,مرداد 1403,سبدگردان آگاه,اهرمی,33521381477221,0.004127
1403-05,مرداد 1403,سبدگردان آگاه,بخشی,9090487340505,0.001119
1403-05,مرداد 1403,سبدگردان آگاه,درآمد ثابت,138714338410915,0.017078
1403-05,مرداد 1403,سبدگردان آگاه,سهامی,26869191211753,0.003308
1403-05,مرداد 1403,سبدگردان آگاه,مختلط,351365748508,4.3e-05
1403-05,مرداد 1403,سبدگردان آگاه,کالایی,37147573437533,0.004573
1403-05,مرداد 1403,سبدگردان توسعه فیروزه,اهرمی,54014098017035,0.00665
1403-05,مرداد 1403,سبدگردان توسعه فیروزه,بخشی,9405821176509,0.001158
1403-05,مرداد 1403,سبدگردان توسعه فیروزه,جسورانه,567721552717,7e-05
1403-05,مرداد 1403,سبدگردان توسعه فیروزه,خصوصی,1204108612084,0.000148
1403-05,مرداد 1403,سبدگردان توسعه فیروزه,درآمد ثابت,97843368475149,0.012046
1403-05,مرداد 1403,سبدگردان توسعه فیروزه,سهامی,8210731875945,0.001011
1403-05,مرداد 1403,سبدگردان توسعه فیروزه,شاخصی,2632021818222,0.000324
1403-05,مرداد 1403,سبدگردان فارابی,اهرمی,45404647858222,0.00559
1403-05,مرداد 1403,سبدگردان فارابی,بخشی,1367254532101,0.000168
1403-05,مرداد 1403,سبدگردان فارابی,درآمد ثابت,93029274920626,0.011453
1403-05,مرداد 1403,سبدگردان فارابی,سهامی,7443518932390,0.000916
1403-05,مرداد 1403,سبدگردان مفید,اهرمی,55224496739470,0.006799
1403-05,مرداد 1403,سبدگردان مفید,بازنشستگی,5906639801867,0.000727
1403-05,مرداد 1403,سبدگردان مفید,بخشی,20024093375241,0.002465
1403-05,مرداد 1403,سبدگردان مفید,تضمین اصل سرمایه,4235583096848,0.000521
1403-05,مرداد 1403,سبدگردان مفید,درآمد ثابت,580523772235881,0.071472
1403-05,مرداد 1403,سبدگردان مفید,سهامی,137196156891142,0.016891
1403-05,مرداد 1403,سبدگردان مفید,شاخصی,6523529430480,0.000803
1403-05,مرداد 1403,سبدگردان مفید,مختلط,3535274487872,0.000435
1403-05,مرداد 1403,سبدگردان مفید,کالایی,128050219602867,0.015765
1403-05,مرداد 1403,مشاور سرمایه گذاری ترنج,اهرمی,26090375927671,0.003212
1403-05,مرداد 1403,مشاور سرمایه گذاری ترنج,درآمد ثابت,186219698759569,0.022927
1403-05,مرداد 1403,مشاور سرمایه گذاری ترنج,سهامی,15641068455180,0.001926
1403-05,مرداد 1403,مشاور سرمایه گذاری ترنج,صندوق در صندوق,3562457015849,0.000439
1403-05,مرداد 1403,مشاور سرمایه گذاری ترنج,مختلط,5531961849866,0.000681
1403-06,شهریور 1403,تامین سرمایه,املاک و مستغلات,5308475186164,0.000608
1403-06,شهریور 1403,تامین سرمایه,اهرمی,1421406545576,0.000163
1403-06,شهریور 1403,تامین سرمایه,بازنشستگی,18168070032439,0.002081
1403-06,شهریور 1403,تامین سرمایه,بخشی,287878932819400,0.03298
1403-06,شهریور 1403,تامین سرمایه,تضمین اصل سرمایه,16684466265348,0.001911
1403-06,شهریور 1403,تامین سرمایه,درآمد ثابت,3356810584486339,0.384558
1403-06,شهریور 1403,تامین سرمایه,سهامی,72840930666173,0.008345
1403-06,شهریور 1403,تامین سرمایه,شاخصی,4340266026819,0.000497
1403-06,شهریور 1403,تامین سرمایه,مختلط,7424034117776,0.000851
1403-06,شهریور 1403,تامین سرمایه,کالایی,203185325106421,0.023277
1403-06,شهریور 1403,سایر مدیران,املاک و مستغلات,20369514954605,0.002334
1403-06,شهریور 1403,سایر مدیران,بازنشستگی,5252554251795,0.000602
1403-06,شهریور 1403,سایر مدیران,بخشی,27425609808028,0.003142
1403-06,شهریور 1403,سایر مدیران,تضمین اصل سرمایه,84923383266,1e-05
1403-06,شهریور 1403,سایر مدیران,جسورانه,3018618128588,0.000346
1403-06,شهریور 1403,سایر مدیران,خصوصی,15191466377013,0.00174
1403-06,شهریور 1403,سایر مدیران,درآمد ثابت,1788551951714972,0.204898
1403-06,شهریور 1403,سایر مدیران,سهامی,172128212872994,0.019719
1403-06,شهریور 1403,سایر مدیران,شاخصی,12532352831986,0.001436
1403-06,شهریور 1403,سایر مدیران,صندوق در صندوق,7586019675781,0.000869
1403-06,شهریور 1403,سایر مدیران,مختلط,8842026167494,0.001013
1403-06,شهریور 1403,سایر مدیران,پروژه‌ای,12956846372641,0.001484
1403-06,شهریور 1403,سایر مدیران,کالایی,91269344316588,0.010456
1403-06,شهریور 1403,سبد گردان اقتصاد بیدار,اهرمی,31460775507821,0.003604
1403-06,شهریور 1403,سبد گردان اقتصاد بیدار,درآمد ثابت,128412720349382,0.014711
1403-06,شهریور 1403,سبد گردان اقتصاد بیدار,سهامی,7318663838422,0.000838
1403-06,شهریور 1403,سبد گردان کاریزما,اهرمی,126757924429999,0.014521
1403-06,شهریور 1403,سبد گردان کاریزما,بازنشستگی,5423958197262,0.000621
1403-06,شهریور 1403,سبد گردان کاریزما,بخشی,6227464754632,0.000713
1403-06,شهریور 1403,سبد گردان کاریزما,تضمین اصل سرمایه,15499915399095,0.001776
1403-06,شهریور 1403,سبد گردان کاریزما,درآمد ثابت,222434983368706,0.025482
1403-06,شهریور 1403,سبد گردان کاریزما,سهامی,10944348771144,0.001254
1403-06,شهریور 1403,سبد گردان کاریزما,شاخصی,3048770282852,0.000349
1403-06,شهریور 1403,سبد گردان کاریزما,صندوق در صندوق,1590863425075,0.000182
1403-06,شهریور 1403,سبد گردان کاریزما,مختلط,1335517472362,0.000153
1403-06,شهریور 1403,سبد گردان کاریزما,کالایی,65721413495183,0.007529
1403-06,شهریور 1403,سبدگردان آگاه,اهرمی,36076286746214,0.004133
1403-06,شهریور 1403,سبدگردان آگاه,بخشی,10382877121454,0.001189
1403-06,شهریور 1403,سبدگردان آگاه,درآمد ثابت,153597623220352,0.017596
1403-06,شهریور 1403,سبدگردان آگاه,سهامی,30017601912489,0.003439
1403-06,شهریور 1403,سبدگردان آگاه,مختلط,353908262536,4.1e-05
1403-06,شهریور 1403,سبدگردان آگاه,کالایی,40287353594368,0.004615
1403-06,شهریور 1403,سبدگردان توسعه فیروزه,اهرمی,55957709341731,0.006411
1403-06,شهریور 1403,سبدگردان توسعه فیروزه,بخشی,10074722307366,0.001154
1403-06,شهریور 1403,سبدگردان توسعه فیروزه,جسورانه,568409992206,6.5e-05
1403-06,شهریور 1403,سبدگردان توسعه فیروزه,خصوصی,1207433218768,0.000138
1403-06,شهریور 1403,سبدگردان توسعه فیروزه,درآمد ثابت,101506024884016,0.011629
1403-06,شهریور 1403,سبدگردان توسعه فیروزه,سهامی,8891924935092,0.001019
1403-06,شهریور 1403,سبدگردان توسعه فیروزه,شاخصی,2758039887076,0.000316
1403-06,شهریور 1403,سبدگردان فارابی,اهرمی,45494623647907,0.005212
1403-06,شهریور 1403,سبدگردان فارابی,بخشی,1522796042154,0.000174
1403-06,شهریور 1403,سبدگردان فارابی,درآمد ثابت,121070874516902,0.01387
1403-06,شهریور 1403,سبدگردان فارابی,سهامی,8562435040591,0.000981
1403-06,شهریور 1403,سبدگردان مفید,اهرمی,60445304509124,0.006925
1403-06,شهریور 1403,سبدگردان مفید,بازنشستگی,6150067698836,0.000705
1403-06,شهریور 1403,سبدگردان مفید,بخشی,20592055709001,0.002359
1403-06,شهریور 1403,سبدگردان مفید,تضمین اصل سرمایه,4187671024426,0.00048
1403-06,شهریور 1403,سبدگردان مفید,درآمد ثابت,699332899156212,0.080116
1403-06,شهریور 1403,سبدگردان مفید,سهامی,140825664087921,0.016133
1403-06,شهریور 1403,سبدگردان مفید,شاخصی,6689998681266,0.000766
1403-06,شهریور 1403,سبدگردان مفید,مختلط,3642567751210,0.000417
1403-06,شهریور 1403,سبدگردان مفید,کالایی,145594323766393,0.016679
1403-06,شهریور 1403,مشاور سرمایه گذاری ترنج,اهرمی,26097012546283,0.00299
1403-06,شهریور 1403,مشاور سرمایه گذاری ترنج,درآمد ثابت,195822204748692,0.022434
1403-06,شهریور 1403,مشاور سرمایه گذاری ترنج,سهامی,16740762219928,0.001918
1403-06,شهریور 1403,مشاور سرمایه گذاری ترنج,صندوق در صندوق,3702161447053,0.000424
1403-06,شهریور 1403,مشاور سرمایه گذاری ترنج,مختلط,5401071156016,0.000619
1403-07,مهر 1403,تامین سرمایه,املاک و مستغلات,5382086655833,0.000581
1403-07,مهر 1403,تامین سرمایه,اهرمی,1327702862332,0.000143
1403-07,مهر 1403,تامین سرمایه,بازنشستگی,17286810765233,0.001866
1403-07,مهر 1403,تامین سرمایه,بخشی,255404639427429,0.027571
1403-07,مهر 1403,تامین سرمایه,تضمین اصل سرمایه,16867188638238,0.001821
1403-07,مهر 1403,تامین سرمایه,درآمد ثابت,3507173400443265,0.378601
1403-07,مهر 1403,تامین سرمایه,سهامی,70400608237031,0.0076
1403-07,مهر 1403,تامین سرمایه,شاخصی,3661840877223,0.000395
1403-07,مهر 1403,تامین سرمایه,مختلط,7329226346629,0.000791
1403-07,مهر 1403,تامین سرمایه,کالایی,267104826905810,0.028834
1403-07,مهر 1403,سایر مدیران,املاک و مستغلات,20447356265767,0.002207
1403-07,مهر 1403,سایر مدیران,بازنشستگی,6014919845972,0.000649
1403-07,مهر 1403,سایر مدیران,بخشی,26553926166599,0.002867
1403-07,مهر 1403,سایر مدیران,تضمین اصل سرمایه,72004360023,8e-06
1403-07,مهر 1403,سایر مدیران,جسورانه,3048180590319,0.000329
1403-07,مهر 1403,سایر مدیران,خصوصی,15632506699531,0.001688
1403-07,مهر 1403,سایر مدیران,درآمد ثابت,1933523454754026,0.208725
1403-07,مهر 1403,سایر مدیران,سهامی,160457735563956,0.017321
1403-07,مهر 1403,سایر مدیران,شاخصی,11826131678061,0.001277
1403-07,مهر 1403,سایر مدیران,صندوق در صندوق,8688561964481,0.000938
1403-07,مهر 1403,سایر مدیران,مختلط,8199298404627,0.000885
1403-07,مهر 1403,سایر مدیران,پروژه‌ای,12956449380535,0.001399
1403-07,مهر 1403,سایر مدیران,کالایی,122395100213195,0.013213
1403-07,مهر 1403,سبد گردان اقتصاد بیدار,اهرمی,31504561644739,0.003401
1403-07,مهر 1403,سبد گردان اقتصاد بیدار,درآمد ثابت,145559604876837,0.015713
1403-07,مهر 1403,سبد گردان اقتصاد بیدار,سهامی,6664930028317,0.000719
1403-07,مهر 1403,سبد گردان کاریزما,اهرمی,123944450183049,0.01338
1403-07,مهر 1403,سبد گردان کاریزما,بازنشستگی,5348218773432,0.000577
1403-07,مهر 1403,سبد گردان کاریزما,بخشی,5661463057373,0.000611
1403-07,مهر 1403,سبد گردان کاریزما,تضمین اصل سرمایه,15243566379447,0.001646
1403-07,مهر 1403,سبد گردان کاریزما,درآمد ثابت,237197903073295,0.025606
1403-07,مهر 1403,سبد گردان کاریزما,سهامی,9879455501733,0.001066
1403-07,مهر 1403,سبد گردان کاریزما,شاخصی,2802398238642,0.000303
1403-07,مهر 1403,سبد گردان کاریزما,صندوق در صندوق,978571154255,0.000106
1403-07,مهر 1403,سبد گردان کاریزما,مختلط,1310245237975,0.000141
1403-07,مهر 1403,سبد گردان کاریزما,کالایی,86788672971178,0.009369
1403-07,مهر 1403,سبدگردان آگاه,املاک و مستغلات,4692306026469,0.000507
1403-07,مهر 1403,سبدگردان آگاه,اهرمی,35365918975811,0.003818
1403-07,مهر 1403,سبدگردان آگاه,بخشی,9308219858885,0.001005
1403-07,مهر 1403,سبدگردان آگاه,درآمد ثابت,171062392043914,0.018466
1403-07,مهر 1403,سبدگردان آگاه,سهامی,27175657119056,0.002934
1403-07,مهر 1403,سبدگردان آگاه,مختلط,354736987869,3.8e-05
1403-07,مهر 1403,سبدگردان آگاه,کالایی,53881091451448,0.005816
1403-07,مهر 1403,سبدگردان توسعه فیروزه,اهرمی,55501458589914,0.005991
1403-07,مهر 1403,سبدگردان توسعه فیروزه,بخشی,9344740074093,0.001009
1403-07,مهر 1403,سبدگردان توسعه فیروزه,جسورانه,573200683571,6.2e-05
1403-07,مهر 1403,سبدگردان توسعه فیروزه,خصوصی,1219437758631,0.000132
1403-07,مهر 1403,سبدگردان توسعه فیروزه,درآمد ثابت,113023297783447,0.012201
1403-07,مهر 1403,سبدگردان توسعه فیروزه,سهامی,8211705475704,0.000886
1403-07,مهر 1403,سبدگردان توسعه فیروزه,شاخصی,2409140021430,0.00026
1403-07,مهر 1403,سبدگردان فارابی,اهرمی,41039638390734,0.00443
1403-07,مهر 1403,سبدگردان فارابی,بخشی,1425441933683,0.000154
1403-07,مهر 1403,سبدگردان فارابی,درآمد ثابت,119874508401168,0.012941
1403-07,مهر 1403,سبدگردان فارابی,سهامی,8030870273579,0.000867
1403-07,مهر 1403,سبدگردان مفید,اهرمی,59282631358255,0.0064
1403-07,مهر 1403,سبدگردان مفید,بازنشستگی,6316532832073,0.000682
1403-07,مهر 1403,سبدگردان مفید,بخشی,22814572755373,0.002463
1403-07,مهر 1403,سبدگردان مفید,تضمین اصل سرمایه,3891911309422,0.00042
1403-07,مهر 1403,سبدگردان مفید,درآمد ثابت,758944987451489,0.081928
1403-07,مهر 1403,سبدگردان مفید,سهامی,135370552782111,0.014613
1403-07,مهر 1403,سبدگردان مفید,شاخصی,5910444602977,0.000638
1403-07,مهر 1403,سبدگردان مفید,مختلط,3308496277110,0.000357
1403-07,مهر 1403,سبدگردان مفید,کالایی,209977299492678,0.022667
1403-07,مهر 1403,مشاور سرمایه گذاری ترنج,اهرمی,23436042251362,0.00253
1403-07,مهر 1403,مشاور سرمایه گذاری ترنج,درآمد ثابت,192250181497888,0.020753
1403-07,مهر 1403,مشاور سرمایه گذاری ترنج,سهامی,15892445754187,0.001716
1403-07,مهر 1403,مشاور سرمایه گذاری ترنج,صندوق در صندوق,3512194575511,0.000379
1403-07,مهر 1403,مشاور سرمایه گذاری ترنج,مختلط,5467517784074,0.00059
1403-08,آبان 1403,تامین سرمایه,املاک و مستغلات,5479502475525,0.00056
1403-08,آبان 1403,تامین سرمایه,اهرمی,1475051449014,0.000151
1403-08,آبان 1403,تامین سرمایه,بازنشستگی,19364778836515,0.001979
1403-08,آبان 1403,تامین سرمایه,بخشی,293506965710017,0.030002
1403-08,آبان 1403,تامین سرمایه,تضمین اصل سرمایه,17656537166986,0.001805
1403-08,آبان 1403,تامین سرمایه,درآمد ثابت,3581845483924016,0.366139
1403-08,آبان 1403,تامین سرمایه,سهامی,77568791308775,0.007929
1403-08,آبان 1403,تامین سرمایه,شاخصی,4073342764583,0.000416
1403-08,آبان 1403,تامین سرمایه,مختلط,7821264184520,0.000799
1403-08,آبان 1403,تامین سرمایه,کالایی,271210206637094,0.027723
1403-08,آبان 1403,سایر مدیران,املاک و مستغلات,20611731103519,0.002107
1403-08,آبان 1403,سایر مدیران,بازنشستگی,6421013672118,0.000656
1403-08,آبان 1403,سایر مدیران,بخشی,31117847071431,0.003181
1403-08,آبان 1403,سایر مدیران,تضمین اصل سرمایه,77208547984,8e-06
1403-08,آبان 1403,سایر مدیران,جسورانه,3167222390464,0.000324
1403-08,آبان 1403,سایر مدیران,خصوصی,16585198117548,0.001695
1403-08,آبان 1403,سایر مدیران,درآمد ثابت,2055043877866051,0.210068
1403-08,آبان 1403,سایر مدیران,سهامی,178396854125759,0.018236
1403-08,آبان 1403,سایر مدیران,شاخصی,13605480958375,0.001391
1403-08,آبان 1403,سایر مدیران,صندوق در صندوق,9301562504329,0.000951
1403-08,آبان 1403,سایر مدیران,مختلط,8501870404923,0.000869
1403-08,آبان 1403,سایر مدیران,پروژه‌ای,12955949663269,0.001324
1403-08,آبان 1403,سایر مدیران,کالایی,131821259437450,0.013475
1403-08,آبان 1403,سبد گردان اقتصاد بیدار,اهرمی,36634235033921,0.003745
1403-08,آبان 1403,سبد گردان اقتصاد بیدار,درآمد ثابت,143995513022323,0.014719
1403-08,آبان 1403,سبد گردان اقتصاد بیدار,سهامی,8153227782548,0.000833
1403-08,آبان 1403,سبد گردان کاریزما,اهرمی,142635669350635,0.01458
1403-08,آبان 1403,سبد گردان کاریزما,بازنشستگی,5736391182189,0.000586
1403-08,آبان 1403,سبد گردان کاریزما,بخشی,6569028864677,0.000671
1403-08,آبان 1403,سبد گردان کاریزما,تضمین اصل سرمایه,16422432730656,0.001679
1403-08,آبان 1403,سبد گردان کاریزما,درآمد ثابت,242891901772024,0.024829
1403-08,آبان 1403,سبد گردان کاریزما,سهامی,10860462880859,0.00111
1403-08,آبان 1403,سبد گردان کاریزما,شاخصی,2950995765558,0.000302
1403-08,آبان 1403,سبد گردان کاریزما,صندوق در صندوق,1072789828386,0.00011
1403-08,آبان 1403,سبد گردان کاریزما,مختلط,1381352209722,0.000141
1403-08,آبان 1403,سبد گردان کاریزما,کالایی,87969267901526,0.008992
1403-08,آبان 1403,سبدگردان آگاه,املاک و مستغلات,4795937767393,0.00049
1403-08,آبان 1403,سبدگردان آگاه,اهرمی,48692062219618,0.004977
1403-08,آبان 1403,سبدگردان آگاه,بخشی,14775274039696,0.00151
1403-08,آبان 1403,سبدگردان آگاه,درآمد ثابت,177207632765547,0.018114
1403-08,آبان 1403,سبدگردان آگاه,سهامی,30949303307119,0.003164
1403-08,آبان 1403,سبدگردان آگاه,مختلط,372107678790,3.8e-05
1403-08,آبان 1403,سبدگردان آگاه,کالایی,52699525137461,0.005387
1403-08,آبان 1403,سبدگردان توسعه فیروزه,اهرمی,60109745247083,0.006144
1403-08,آبان 1403,سبدگردان توسعه فیروزه,بخشی,9880244831891,0.00101
1403-08,آبان 1403,سبدگردان توسعه فیروزه,جسورانه,577773216000,5.9e-05
1403-08,آبان 1403,سبدگردان توسعه فیروزه,خصوصی,1229302667105,0.000126
1403-08,آبان 1403,سبدگردان توسعه فیروزه,درآمد ثابت,126226624901003,0.012903
1403-08,آبان 1403,سبدگردان توسعه فیروزه,سهامی,9267293844597,0.000947
1403-08,آبان 1403,سبدگردان توسعه فیروزه,شاخصی,3197534110930,0.000327
1403-08,آبان 1403,سبدگردان فارابی,اهرمی,39244711671621,0.004012
1403-08,آبان 1403,سبدگردان فارابی,بخشی,1614880934451,0.000165
1403-08,آبان 1403,سبدگردان فارابی,درآمد ثابت,122694899667354,0.012542
1403-08,آبان 1403,سبدگردان فارابی,سهامی,8825260116650,0.000902
1403-08,آبان 1403,سبدگردان فارابی,کالایی,2050285676395,0.00021
1403-08,آبان 1403,سبدگردان مفید,اهرمی,69297076677147,0.007084
1403-08,آبان 1403,سبدگردان مفید,بازنشستگی,6977540986585,0.000713
1403-08,آبان 1403,سبدگردان مفید,بخشی,26890329807833,0.002749
1403-08,آبان 1403,سبدگردان مفید,تضمین اصل سرمایه,4330351641709,0.000443
1403-08,آبان 1403,سبدگردان مفید,درآمد ثابت,845531312828327,0.086431
1403-08,آبان 1403,سبدگردان مفید,سهامی,149524392674821,0.015284
1403-08,آبان 1403,سبدگردان مفید,شاخصی,6831136642147,0.000698
1403-08,آبان 1403,سبدگردان مفید,مختلط,3446101563761,0.000352
1403-08,آبان 1403,سبدگردان مفید,کالایی,227091520358029,0.023213
1403-08,آبان 1403,مشاور سرمایه گذاری ترنج,اهرمی,22497591295573,0.0023
1403-08,آبان 1403,مشاور سرمایه گذاری ترنج,درآمد ثابت,203017561823951,0.020753
1403-08,آبان 1403,مشاور سرمایه گذاری ترنج,سهامی,17241207469314,0.001762
1403-08,آبان 1403,مشاور سرمایه گذاری ترنج,صندوق در صندوق,3280867533324,0.000335
1403-08,آبان 1403,مشاور سرمایه گذاری ترنج,مختلط,7508091486698,0.000767
1403-09,آذر 1403,تامین سرمایه,املاک و مستغلات,5520906189532,0.000534
1403-09,آذر 1403,تامین سرمایه,اهرمی,1728917957083,0.000167
1403-09,آذر 1403,تامین سرمایه,بازنشستگی,23607431944854,0.002283
1403-09,آذر 1403,تامین سرمایه,بخشی,382324411152015,0.036973
1403-09,آذر 1403,تامین سرمایه,تضمین اصل سرمایه,18473119353662,0.001786
1403-09,آذر 1403,تامین سرمایه,درآمد ثابت,3604988972022262,0.348622
1403-09,آذر 1403,تامین سرمایه,سهامی,95957563737210,0.00928
1403-09,آذر 1403,تامین سرمایه,شاخصی,5204279056457,0.000503
1403-09,آذر 1403,تامین سرمایه,مختلط,7770423583530,0.000751
1403-09,آذر 1403,تامین سرمایه,کالایی,318706654255022,0.030821
1403-09,آذر 1403,سایر مدیران,املاک و مستغلات,20677160565616,0.002
1403-09,آذر 1403,سایر مدیران,بازنشستگی,7254076521219,0.000702
1403-09,آذر 1403,سایر مدیران,بخشی,43730017406856,0.004229
1403-09,آذر 1403,سایر مدیران,تضمین اصل سرمایه,82449624405,8e-06
1403-09,آذر 1403,سایر مدیران,جسورانه,3191910378760,0.000309
1403-09,آذر 1403,سایر مدیران,خصوصی,16884474182887,0.001633
1403-09,آذر 1403,سایر مدیران,درآمد ثابت,2067701799536425,0.199958
1403-09,آذر 1403,سایر مدیران,سهامی,216664754854374,0.020953
1403-09,آذر 1403,سایر مدیران,شاخصی,17862998898225,0.001727
1403-09,آذر 1403,سایر مدیران,صندوق در صندوق,9105526437282,0.000881
1403-09,آذر 1403,سایر مدیران,مختلط,8944159794308,0.000865
1403-09,آذر 1403,سایر مدیران,پروژه‌ای,12954999439309,0.001253
1403-09,آذر 1403,سایر مدیران,کالایی,173730813767380,0.016801
1403-09,آذر 1403,سبد گردان اقتصاد بیدار,اهرمی,53907360385657,0.005213
1403-09,آذر 1403,سبد گردان اقتصاد بیدار,درآمد ثابت,135083198266811,0.013063
1403-09,آذر 1403,سبد گردان اقتصاد بیدار,سهامی,13558023506577,0.001311
1403-09,آذر 1403,سبد گردان کاریزما,اهرمی,184170008137885,0.01781
1403-09,آذر 1403,سبد گردان کاریزما,بازنشستگی,6471125141998,0.000626
1403-09,آذر 1403,سبد گردان کاریزما,بخشی,7255986664836,0.000702
1403-09,آذر 1403,سبد گردان کاریزما,تضمین اصل سرمایه,15991064508190,0.001546
1403-09,آذر 1403,سبد گردان کاریزما,درآمد ثابت,253337772332754,0.024499
1403-09,آذر 1403,سبد گردان کاریزما,سهامی,13104072436217,0.001267
1403-09,آذر 1403,سبد گردان کاریزما,شاخصی,3297191519238,0.000319
1403-09,آذر 1403,سبد گردان کاریزما,صندوق در صندوق,2065725771512,0.0002
1403-09,آذر 1403,سبد گردان کاریزما,مختلط,1427638325733,0.000138
1403-09,آذر 1403,سبد گردان کاریزما,کالایی,106120160994922,0.010262
1403-09,آذر 1403,سبدگردان آگاه,املاک و مستغلات,4885594926318,0.000472
1403-09,آذر 1403,سبدگردان آگاه,اهرمی,49906033693547,0.004826
1403-09,آذر 1403,سبدگردان آگاه,بخشی,15928988621211,0.00154
1403-09,آذر 1403,سبدگردان آگاه,درآمد ثابت,176476115262960,0.017066
1403-09,آذر 1403,سبدگردان آگاه,سهامی,41900519788318,0.004052
1403-09,آذر 1403,سبدگردان آگاه,مختلط,401228216667,3.9e-05
1403-09,آذر 1403,سبدگردان آگاه,کالایی,63266471661443,0.006118
1403-09,آذر 1403,سبدگردان توسعه فیروزه,اهرمی,91438104920722,0.008843
1403-09,آذر 1403,سبدگردان توسعه فیروزه,بخشی,13298986299775,0.001286
1403-09,آذر 1403,سبدگردان توسعه فیروزه,جسورانه,577174602643,5.6e-05
1403-09,آذر 1403,سبدگردان توسعه فیروزه,خصوصی,1231475414497,0.000119
1403-09,آذر 1403,سبدگردان توسعه فیروزه,درآمد ثابت,122309055471771,0.011828
1403-09,آذر 1403,سبدگردان توسعه فیروزه,سهامی,11729593602589,0.001134
1403-09,آذر 1403,سبدگردان توسعه فیروزه,شاخصی,5244325827354,0.000507
1403-09,آذر 1403,سبدگردان فارابی,اهرمی,54610902902145,0.005281
1403-09,آذر 1403,سبدگردان فارابی,بخشی,2149424703858,0.000208
1403-09,آذر 1403,سبدگردان فارابی,درآمد ثابت,119067270133262,0.011514
1403-09,آذر 1403,سبدگردان فارابی,سهامی,9353009812208,0.000904
1403-09,آذر 1403,سبدگردان فارابی,کالایی,3971803711300,0.000384
1403-09,آذر 1403,سبدگردان مفید,اهرمی,68764212683582,0.00665
1403-09,آذر 1403,سبدگردان مفید,بازنشستگی,8565868928816,0.000828
1403-09,آذر 1403,سبدگردان مفید,بخشی,44177234076569,0.004272
1403-09,آذر 1403,سبدگردان مفید,تضمین اصل سرمایه,5789854074625,0.00056
1403-09,آذر 1403,سبدگردان مفید,درآمد ثابت,838759551878094,0.081113
1403-09,آذر 1403,سبدگردان مفید,سهامی,183939496731230,0.017788
1403-09,آذر 1403,سبدگردان مفید,شاخصی,9190702707652,0.000889
1403-09,آذر 1403,سبدگردان مفید,مختلط,3837155395758,0.000371
1403-09,آذر 1403,سبدگردان مفید,کالایی,279111477818544,0.026992
1403-09,آذر 1403,مشاور سرمایه گذاری ترنج,اهرمی,30942524255282,0.002992
1403-09,آذر 1403,مشاور سرمایه گذاری ترنج,درآمد ثابت,184036172299554,0.017797
1403-09,آذر 1403,مشاور سرمایه گذاری ترنج,سهامی,23318363994780,0.002255
1403-09,آذر 1403,مشاور سرمایه گذاری ترنج,صندوق در صندوق,3850911634261,0.000372
1403-09,آذر 1403,مشاور سرمایه گذاری ترنج,مختلط,9793099658760,0.000947
1403-10,دی 1403,تامین سرمایه,املاک و مستغلات,5577293958079,0.000507
1403-10,دی 1403,تامین سرمایه,اهرمی,1814556105920,0.000165
1403-10,دی 1403,تامین سرمایه,بازنشستگی,24040721938737,0.002187
1403-10,دی 1403,تامین سرمایه,بخشی,369482010520045,0.033606
1403-10,دی 1403,تامین سرمایه,تضمین اصل سرمایه,18608574879693,0.001693
1403-10,دی 1403,تامین سرمایه,درآمد ثابت,3703631679056041,0.336857
1403-10,دی 1403,تامین سرمایه,سهامی,103644220724913,0.009427
1403-10,دی 1403,تامین سرمایه,شاخصی,5924701482411,0.000539
1403-10,دی 1403,تامین سرمایه,مختلط,7827549458076,0.000712
1403-10,دی 1403,تامین سرمایه,کالایی,330078473476590,0.030022
1403-10,دی 1403,سایر مدیران,املاک و مستغلات,20630239482056,0.001876
1403-10,دی 1403,سایر مدیران,بازنشستگی,7662930140000,0.000697
1403-10,دی 1403,سایر مدیران,بخشی,62752381130180,0.005708
1403-10,دی 1403,سایر مدیران,تضمین اصل سرمایه,135211734501,1.2e-05
1403-10,دی 1403,سایر مدیران,جسورانه,3704115158745,0.000337
1403-10,دی 1403,سایر مدیران,خصوصی,17929982157728,0.001631
1403-10,دی 1403,سایر مدیران,درآمد ثابت,2163624093613530,0.196789
1403-10,دی 1403,سایر مدیران,سهامی,231269810589590,0.021035
1403-10,دی 1403,سایر مدیران,شاخصی,25279355409744,0.002299
1403-10,دی 1403,سایر مدیران,صندوق در صندوق,8381796102208,0.000762
1403-10,دی 1403,سایر مدیران,مختلط,9697007421958,0.000882
1403-10,دی 1403,سایر مدیران,پروژه‌ای,12954069829245,0.001178
1403-10,دی 1403,سایر مدیران,کالایی,199565483756410,0.018151
1403-10,دی 1403,سبد گردان اقتصاد بیدار,اهرمی,64612341570209,0.005877
1403-10,دی 1403,سبد گردان اقتصاد بیدار,درآمد ثابت,167114638142487,0.0152
1403-10,دی 1403,سبد گردان اقتصاد بیدار,سهامی,14327954951227,0.001303
1403-10,دی 1403,سبد گردان کاریزما,اهرمی,201681801392816,0.018344
1403-10,دی 1403,سبد گردان کاریزما,بازنشستگی,6716016329427,0.000611
1403-10,دی 1403,سبد گردان کاریزما,بخشی,7426006985290,0.000675
1403-10,دی 1403,سبد گردان کاریزما,تضمین اصل سرمایه,19129632628153,0.00174
1403-10,دی 1403,سبد گردان کاریزما,درآمد ثابت,277914112756400,0.025277
1403-10,دی 1403,سبد گردان کاریزما,سهامی,11641560642772,0.001059
1403-10,دی 1403,سبد گردان کاریزما,شاخصی,3325544383328,0.000302
1403-10,دی 1403,سبد گردان کاریزما,صندوق در صندوق,2730245091903,0.000248
1403-10,دی 1403,سبد گردان کاریزما,مختلط,1041310184065,9.5e-05
1403-10,دی 1403,سبد گردان کاریزما,کالایی,110488075190984,0.010049
1403-10,دی 1403,سبدگردان آگاه,املاک و مستغلات,4987808126459,0.000454
1403-10,دی 1403,سبدگردان آگاه,اهرمی,56262952920630,0.005117
1403-10,دی 1403,سبدگردان آگاه,بازنشستگی,5309708117434,0.000483
1403-10,دی 1403,سبدگردان آگاه,بخشی,18941621271216,0.001723
1403-10,دی 1403,سبدگردان آگاه,درآمد ثابت,187523838227263,0.017056
1403-10,دی 1403,سبدگردان آگاه,سهامی,45962845582003,0.00418
1403-10,دی 1403,سبدگردان آگاه,مختلط,432089802448,3.9e-05
1403-10,دی 1403,سبدگردان آگاه,کالایی,63543637986743,0.00578
1403-10,دی 1403,سبدگردان توسعه فیروزه,اهرمی,108442948384231,0.009863
1403-10,دی 1403,سبدگردان توسعه فیروزه,بخشی,12028909548433,0.001094
1403-10,دی 1403,سبدگردان توسعه فیروزه,جسورانه,582414565216,5.3e-05
1403-10,دی 1403,سبدگردان توسعه فیروزه,خصوصی,1240099912318,0.000113
1403-10,دی 1403,سبدگردان توسعه فیروزه,درآمد ثابت,140774552164430,0.012804
1403-10,دی 1403,سبدگردان توسعه فیروزه,سهامی,11653207793772,0.00106
1403-10,دی 1403,سبدگردان توسعه فیروزه,شاخصی,4659838965222,0.000424
1403-10,دی 1403,سبدگردان توسعه فیروزه,کالایی,10125415896011,0.000921
1403-10,دی 1403,سبدگردان فارابی,اهرمی,68372212898732,0.006219
1403-10,دی 1403,سبدگردان فارابی,بخشی,2063975583967,0.000188
1403-10,دی 1403,سبدگردان فارابی,درآمد ثابت,135013392175034,0.01228
1403-10,دی 1403,سبدگردان فارابی,سهامی,9704959612998,0.000883
1403-10,دی 1403,سبدگردان فارابی,کالایی,7579508871459,0.000689
1403-10,دی 1403,سبدگردان مفید,اهرمی,77680205919139,0.007065
1403-10,دی 1403,سبدگردان مفید,بازنشستگی,10406398114468,0.000946
1403-10,دی 1403,سبدگردان مفید,بخشی,49892803933853,0.004538
1403-10,دی 1403,سبدگردان مفید,تضمین اصل سرمایه,6286517503108,0.000572
1403-10,دی 1403,سبدگردان مفید,درآمد ثابت,923132415618045,0.083962
1403-10,دی 1403,سبدگردان مفید,سهامی,198817021815839,0.018083
1403-10,دی 1403,سبدگردان مفید,شاخصی,8895229579319,0.000809
1403-10,دی 1403,سبدگردان مفید,مختلط,3657359095716,0.000333
1403-10,دی 1403,سبدگردان مفید,کالایی,309608911300621,0.02816
1403-10,دی 1403,مشاور سرمایه گذاری ترنج,اهرمی,40514026218141,0.003685
1403-10,دی 1403,مشاور سرمایه گذاری ترنج,درآمد ثابت,209641019663588,0.019068
1403-10,دی 1403,مشاور سرمایه گذاری ترنج,سهامی,23257858278471,0.002115
1403-10,دی 1403,مشاور سرمایه گذاری ترنج,صندوق در صندوق,4580888493387,0.000417
1403-10,دی 1403,مشاور سرمایه گذاری ترنج,مختلط,10714878505891,0.000975
1403-11,بهمن 1403,تامین سرمایه,املاک و مستغلات,5610943779979,0.000492
1403-11,بهمن 1403,تامین سرمایه,اهرمی,1757051711434,0.000154
1403-11,بهمن 1403,تامین سرمایه,بازنشستگی,23058898682100,0.002022
1403-11,بهمن 1403,تامین سرمایه,بخشی,364172727138769,0.031937
1403-11,بهمن 1403,تامین سرمایه,تضمین اصل سرمایه,18428431070688,0.001616
1403-11,بهمن 1403,تامین سرمایه,درآمد ثابت,3660660043403102,0.321026
1403-11,بهمن 1403,تامین سرمایه,سهامی,99021267641507,0.008684
1403-11,بهمن 1403,تامین سرمایه,شاخصی,6150612010209,0.000539
1403-11,بهمن 1403,تامین سرمایه,مختلط,7678092227583,0.000673
1403-11,بهمن 1403,تامین سرمایه,کالایی,466450484762561,0.040906
1403-11,بهمن 1403,سایر مدیران,املاک و مستغلات,20688119401965,0.001814
1403-11,بهمن 1403,سایر مدیران,بازنشستگی,7751039011658,0.00068
1403-11,بهمن 1403,سایر مدیران,بخشی,64444656400774,0.005652
1403-11,بهمن 1403,سایر مدیران,تضمین اصل سرمایه,135059493413,1.2e-05
1403-11,بهمن 1403,سایر مدیران,جسورانه,3766585071267,0.00033
1403-11,بهمن 1403,سایر مدیران,خصوصی,17945114718774,0.001574
1403-11,بهمن 1403,سایر مدیران,درآمد ثابت,2212022159547417,0.193986
1403-11,بهمن 1403,سایر مدیران,سهامی,220546012482755,0.019341
1403-11,بهمن 1403,سایر مدیران,شاخصی,21833431874730,0.001915
1403-11,بهمن 1403,سایر مدیران,صندوق در صندوق,8915519876140,0.000782
1403-11,بهمن 1403,سایر مدیران,مختلط,9608983125900,0.000843
1403-11,بهمن 1403,سایر مدیران,کالایی,281886901292941,0.02472
1403-11,بهمن 1403,سبد گردان اقتصاد بیدار,اهرمی,61191085685559,0.005366
1403-11,بهمن 1403,سبد گردان اقتصاد بیدار,درآمد ثابت,168222327632687,0.014752
1403-11,بهمن 1403,سبد گردان اقتصاد بیدار,سهامی,14818205054474,0.0013
1403-11,بهمن 1403,سبد گردان کاریزما,اهرمی,198801667001065,0.017434
1403-11,بهمن 1403,سبد گردان کاریزما,بازنشستگی,6404597588015,0.000562
1403-11,بهمن 1403,سبد گردان کاریزما,بخشی,7801010045085,0.000684
1403-11,بهمن 1403,سبد گردان کاریزما,تضمین اصل سرمایه,18598190430819,0.001631
1403-11,بهمن 1403,سبد گردان کاریزما,درآمد ثابت,265202447683600,0.023257
1403-11,بهمن 1403,سبد گردان کاریزما,سهامی,10391719471349,0.000911
1403-11,بهمن 1403,سبد گردان کاریزما,شاخصی,3062327221115,0.000269
1403-11,بهمن 1403,سبد گردان کاریزما,صندوق در صندوق,2370595622567,0.000208
1403-11,بهمن 1403,سبد گردان کاریزما,مختلط,1045823532671,9.2e-05
1403-11,بهمن 1403,سبد گردان کاریزما,کالایی,147916892769721,0.012972
1403-11,بهمن 1403,سبدگردان آگاه,املاک و مستغلات,5005490389502,0.000439
1403-11,بهمن 1403,سبدگردان آگاه,اهرمی,53124265286692,0.004659
1403-11,بهمن 1403,سبدگردان آگاه,بازنشستگی,5211886403766,0.000457
1403-11,بهمن 1403,سبدگردان آگاه,بخشی,17890597098144,0.001569
1403-11,بهمن 1403,سبدگردان آگاه,درآمد ثابت,198470282723134,0.017405
1403-11,بهمن 1403,سبدگردان آگاه,سهامی,43430568257435,0.003809
1403-11,بهمن 1403,سبدگردان آگاه,مختلط,440716294307,3.9e-05
1403-11,بهمن 1403,سبدگردان آگاه,کالایی,88371163487697,0.00775
1403-11,بهمن 1403,سبدگردان توسعه فیروزه,اهرمی,111185365320103,0.009751
1403-11,بهمن 1403,سبدگردان توسعه فیروزه,بخشی,18857070350967,0.001654
1403-11,بهمن 1403,سبدگردان توسعه فیروزه,جسورانه,583953613883,5.1e-05
1403-11,بهمن 1403,سبدگردان توسعه فیروزه,خصوصی,1251731312478,0.00011
1403-11,بهمن 1403,سبدگردان توسعه فیروزه,درآمد ثابت,143601573874547,0.012593
1403-11,بهمن 1403,سبدگردان توسعه فیروزه,سهامی,10600072587389,0.00093
1403-11,بهمن 1403,سبدگردان توسعه فیروزه,شاخصی,4769830669106,0.000418
1403-11,بهمن 1403,سبدگردان توسعه فیروزه,کالایی,16942323188485,0.001486
1403-11,بهمن 1403,سبدگردان فارابی,اهرمی,72068057856278,0.00632
1403-11,بهمن 1403,سبدگردان فارابی,بخشی,1993719183930,0.000175
1403-11,بهمن 1403,سبدگردان فارابی,درآمد ثابت,145391937003397,0.01275
1403-11,بهمن 1403,سبدگردان فارابی,سهامی,9092839339347,0.000797
1403-11,بهمن 1403,سبدگردان فارابی,کالایی,10077895941395,0.000884
1403-11,بهمن 1403,سبدگردان مفید,اهرمی,77522497611093,0.006798
1403-11,بهمن 1403,سبدگردان مفید,بازنشستگی,11272331154776,0.000989
1403-11,بهمن 1403,سبدگردان مفید,بخشی,47542529587422,0.004169
1403-11,بهمن 1403,سبدگردان مفید,تضمین اصل سرمایه,5747076907281,0.000504
1403-11,بهمن 1403,سبدگردان مفید,درآمد ثابت,938823117213464,0.082331
1403-11,بهمن 1403,سبدگردان مفید,سهامی,193880776653078,0.017003
1403-11,بهمن 1403,سبدگردان مفید,شاخصی,8035286036306,0.000705
1403-11,بهمن 1403,سبدگردان مفید,مختلط,3672433808159,0.000322
1403-11,بهمن 1403,سبدگردان مفید,کالایی,440870817110925,0.038663
1403-11,بهمن 1403,مشاور سرمایه گذاری ترنج,اهرمی,36315456166805,0.003185
1403-11,بهمن 1403,مشاور سرمایه گذاری ترنج,درآمد ثابت,208143209876626,0.018253
1403-11,بهمن 1403,مشاور سرمایه گذاری ترنج,سهامی,22087318319325,0.001937
1403-11,بهمن 1403,مشاور سرمایه گذاری ترنج,صندوق در صندوق,8703914396364,0.000763
1403-11,بهمن 1403,مشاور سرمایه گذاری ترنج,مختلط,13650662978361,0.001197
1403-12,اسفند 1403,تامین سرمایه,املاک و مستغلات,5701306374368,0.000475
1403-12,اسفند 1403,تامین سرمایه,اهرمی,1169628822677,9.7e-05
1403-12,اسفند 1403,تامین سرمایه,بازنشستگی,21444241398004,0.001786
1403-12,اسفند 1403,تامین سرمایه,بخشی,382849163684576,0.03189
1403-12,اسفند 1403,تامین سرمایه,تضمین اصل سرمایه,18846157860363,0.00157
1403-12,اسفند 1403,تامین سرمایه,درآمد ثابت,3731562996835816,0.310828
1403-12,اسفند 1403,تامین سرمایه,سهامی,97557111356570,0.008126
1403-12,اسفند 1403,تامین سرمایه,شاخصی,6611041519540,0.000551
1403-12,اسفند 1403,تامین سرمایه,مختلط,7633016746709,0.000636
1403-12,اسفند 1403,تامین سرمایه,کالایی,598546970225305,0.049857
1403-12,اسفند 1403,سایر مدیران,املاک و مستغلات,20802875117771,0.001733
1403-12,اسفند 1403,سایر مدیران,بازنشستگی,8043775974272,0.00067
1403-12,اسفند 1403,سایر مدیران,بخشی,70008514163734,0.005832
1403-12,اسفند 1403,سایر مدیران,تضمین اصل سرمایه,135414382421,1.1e-05
1403-12,اسفند 1403,سایر مدیران,جسورانه,6696173157875,0.000558
1403-12,اسفند 1403,سایر مدیران,خصوصی,17661288662243,0.001471
1403-12,اسفند 1403,سایر مدیران,درآمد ثابت,2180902220342315,0.181663
1403-12,اسفند 1403,سایر مدیران,سهامی,218178269955246,0.018174
1403-12,اسفند 1403,سایر مدیران,شاخصی,19181784903235,0.001598
1403-12,اسفند 1403,سایر مدیران,صندوق در صندوق,9546673675747,0.000795
1403-12,اسفند 1403,سایر مدیران,مختلط,9812036581593,0.000817
1403-12,اسفند 1403,سایر مدیران,پروژه‌ای,27250445854447,0.00227
1403-12,اسفند 1403,سایر مدیران,کالایی,368109409972345,0.030662
1403-12,اسفند 1403,سبد گردان اقتصاد بیدار,اهرمی,51924227727212,0.004325
1403-12,اسفند 1403,سبد گردان اقتصاد بیدار,درآمد ثابت,158930458966997,0.013238
1403-12,اسفند 1403,سبد گردان اقتصاد بیدار,سهامی,16318792855713,0.001359
1403-12,اسفند 1403,سبد گردان اقتصاد بیدار,کالایی,4421910792807,0.000368
1403-12,اسفند 1403,سبد گردان کاریزما,اهرمی,196072393849713,0.016332
1403-12,اسفند 1403,سبد گردان کاریزما,بازنشستگی,6270367461618,0.000522
1403-12,اسفند 1403,سبد گردان کاریزما,بخشی,7538652456506,0.000628
1403-12,اسفند 1403,سبد گردان کاریزما,تضمین اصل سرمایه,17333439749868,0.001444
1403-12,اسفند 1403,سبد گردان کاریزما,درآمد ثابت,273613339638641,0.022791
1403-12,اسفند 1403,سبد گردان کاریزما,سهامی,10215638866099,0.000851
1403-12,اسفند 1403,سبد گردان کاریزما,شاخصی,2765750167238,0.00023
1403-12,اسفند 1403,سبد گردان کاریزما,صندوق در صندوق,2025496324771,0.000169
1403-12,اسفند 1403,سبد گردان کاریزما,مختلط,1057227180888,8.8e-05
1403-12,اسفند 1403,سبد گردان کاریزما,کالایی,180198386383660,0.01501
1403-12,اسفند 1403,سبدگردان آگاه,املاک و مستغلات,5122702460934,0.000427
1403-12,اسفند 1403,سبدگردان آگاه,اهرمی,47887549137093,0.003989
1403-12,اسفند 1403,سبدگردان آگاه,بازنشستگی,5206508544152,0.000434
1403-12,اسفند 1403,سبدگردان آگاه,بخشی,17888893123638,0.00149
1403-12,اسفند 1403,سبدگردان آگاه,درآمد ثابت,210973663984416,0.017573
1403-12,اسفند 1403,سبدگردان آگاه,سهامی,40335498277738,0.00336
1403-12,اسفند 1403,سبدگردان آگاه,مختلط,438510525342,3.7e-05
1403-12,اسفند 1403,سبدگردان آگاه,کالایی,116202562629124,0.009679
1403-12,اسفند 1403,سبدگردان توسعه فیروزه,اهرمی,109374512512695,0.009111
1403-12,اسفند 1403,سبدگردان توسعه فیروزه,بخشی,17648490111018,0.00147
1403-12,اسفند 1403,سبدگردان توسعه فیروزه,جسورانه,583145828049,4.9e-05
1403-12,اسفند 1403,سبدگردان توسعه فیروزه,خصوصی,1262421846621,0.000105
1403-12,اسفند 1403,سبدگردان توسعه فیروزه,درآمد ثابت,134073258016017,0.011168
1403-12,اسفند 1403,سبدگردان توسعه فیروزه,سهامی,9546182948215,0.000795
1403-12,اسفند 1403,سبدگردان توسعه فیروزه,شاخصی,4718718201420,0.000393
1403-12,اسفند 1403,سبدگردان توسعه فیروزه,کالایی,29430235374146,0.002451
1403-12,اسفند 1403,سبدگردان فارابی,اهرمی,69384137610942,0.005779
1403-12,اسفند 1403,سبدگردان فارابی,بخشی,1957526670672,0.000163
1403-12,اسفند 1403,سبدگردان فارابی,درآمد ثابت,150100415158458,0.012503
1403-12,اسفند 1403,سبدگردان فارابی,سهامی,8482872516455,0.000707
1403-12,اسفند 1403,سبدگردان فارابی,کالایی,14417383944054,0.001201
1403-12,اسفند 1403,سبدگردان مفید,اهرمی,82294794002775,0.006855
1403-12,اسفند 1403,سبدگردان مفید,بازنشستگی,12076728126622,0.001006
1403-12,اسفند 1403,سبدگردان مفید,بخشی,52054125935824,0.004336
1403-12,اسفند 1403,سبدگردان مفید,تضمین اصل سرمایه,5475250543893,0.000456
1403-12,اسفند 1403,سبدگردان مفید,درآمد ثابت,1008986651694427,0.084046
1403-12,اسفند 1403,سبدگردان مفید,سهامی,187621067611882,0.015628
1403-12,اسفند 1403,سبدگردان مفید,شاخصی,8098392344663,0.000675
1403-12,اسفند 1403,سبدگردان مفید,مختلط,3457260754763,0.000288
1403-12,اسفند 1403,سبدگردان مفید,کالایی,580511747373010,0.048355
1403-12,اسفند 1403,مشاور سرمایه گذاری ترنج,اهرمی,33295453723067,0.002773
1403-12,اسفند 1403,مشاور سرمایه گذاری ترنج,درآمد ثابت,224369276287109,0.018689
1403-12,اسفند 1403,مشاور سرمایه گذاری ترنج,سهامی,19956716681242,0.001662
1403-12,اسفند 1403,مشاور سرمایه گذاری ترنج,صندوق در صندوق,14411871281160,0.0012
1403-12,اسفند 1403,مشاور سرمایه گذاری ترنج,مختلط,20650070259999,0.00172
1404-01,فروردین 1404,تامین سرمایه,املاک و مستغلات,5788295975583,0.000465
1404-01,فروردین 1404,تامین سرمایه,اهرمی,5394545137341,0.000434
1404-01,فروردین 1404,تامین سرمایه,بازنشستگی,24591255673243,0.001977
1404-01,فروردین 1404,تامین سرمایه,بخشی,466470891948261,0.037498
1404-01,فروردین 1404,تامین سرمایه,تضمین اصل سرمایه,19184310413593,0.001542
1404-01,فروردین 1404,تامین سرمایه,درآمد ثابت,3862619335253240,0.310501
1404-01,فروردین 1404,تامین سرمایه,سهامی,108453672669604,0.008718
1404-01,فروردین 1404,تامین سرمایه,شاخصی,7490135600774,0.000602
1404-01,فروردین 1404,تامین سرمایه,مختلط,8349070376624,0.000671
1404-01,فروردین 1404,تامین سرمایه,کالایی,479090420606083,0.038512
1404-01,فروردین 1404,سایر مدیران,املاک و مستغلات,20929891643682,0.001682
1404-01,فروردین 1404,سایر مدیران,بازنشستگی,9397914604915,0.000755
1404-01,فروردین 1404,سایر مدیران,بخشی,79217804898639,0.006368
1404-01,فروردین 1404,سایر مدیران,تضمین اصل سرمایه,162083306486,1.3e-05
1404-01,فروردین 1404,سایر مدیران,جسورانه,6685882595353,0.000537
1404-01,فروردین 1404,سایر مدیران,خصوصی,17954533638226,0.001443
1404-01,فروردین 1404,سایر مدیران,درآمد ثابت,2273560785959025,0.182763
1404-01,فروردین 1404,سایر مدیران,سهامی,251645050504993,0.020229
1404-01,فروردین 1404,سایر مدیران,شاخصی,23890885301032,0.00192
1404-01,فروردین 1404,سایر مدیران,صندوق در صندوق,8876572955927,0.000714
1404-01,فروردین 1404,سایر مدیران,مختلط,11510516932256,0.000925
1404-01,فروردین 1404,سایر مدیران,پروژه‌ای,27249801695585,0.002191
1404-01,فروردین 1404,سایر مدیران,کالایی,290727640170578,0.02337
1404-01,فروردین 1404,سبد گردان اقتصاد بیدار,اهرمی,60826647937263,0.00489
1404-01,فروردین 1404,سبد گردان اقتصاد بیدار,درآمد ثابت,210264800276727,0.016902
1404-01,فروردین 1404,سبد گردان اقتصاد بیدار,سهامی,23675041762831,0.001903
1404-01,فروردین 1404,سبد گردان اقتصاد بیدار,کالایی,3699992302302,0.000297
1404-01,فروردین 1404,سبد گردان کاریزما,اهرمی,229540726814960,0.018452
1404-01,فروردین 1404,سبد گردان کاریزما,بازنشستگی,6796078121838,0.000546
1404-01,فروردین 1404,سبد گردان کاریزما,بخشی,8133663632159,0.000654
1404-01,فروردین 1404,سبد گردان کاریزما,تضمین اصل سرمایه,18764906720659,0.001508
1404-01,فروردین 1404,سبد گردان کاریزما,درآمد ثابت,286770340444933,0.023052
1404-01,فروردین 1404,سبد گردان کاریزما,سهامی,14279244965670,0.001148
1404-01,فروردین 1404,سبد گردان کاریزما,شاخصی,3158493693402,0.000254
1404-01,فروردین 1404,سبد گردان کاریزما,صندوق در صندوق,3394653862267,0.000273
1404-01,فروردین 1404,سبد گردان کاریزما,مختلط,1047368883130,8.4e-05
1404-01,فروردین 1404,سبد گردان کاریزما,کالایی,146195683519089,0.011752
1404-01,فروردین 1404,سبدگردان آگاه,املاک و مستغلات,5224222370913,0.00042
1404-01,فروردین 1404,سبدگردان آگاه,اهرمی,61854695407763,0.004972
1404-01,فروردین 1404,سبدگردان آگاه,بازنشستگی,5730191326378,0.000461
1404-01,فروردین 1404,سبدگردان آگاه,بخشی,22361309144095,0.001798
1404-01,فروردین 1404,سبدگردان آگاه,درآمد ثابت,249493720460563,0.020056
1404-01,فروردین 1404,سبدگردان آگاه,سهامی,54578592246426,0.004387
1404-01,فروردین 1404,سبدگردان آگاه,مختلط,475507443300,3.8e-05
1404-01,فروردین 1404,سبدگردان آگاه,کالایی,89988447402238,0.007234
1404-01,فروردین 1404,سبدگردان توسعه فیروزه,اهرمی,127952389326835,0.010286
1404-01,فروردین 1404,سبدگردان توسعه فیروزه,بخشی,18789496096357,0.00151
1404-01,فروردین 1404,سبدگردان توسعه فیروزه,جسورانه,587128535593,4.7e-05
1404-01,فروردین 1404,سبدگردان توسعه فیروزه,خصوصی,1275720482275,0.000103
1404-01,فروردین 1404,سبدگردان توسعه فیروزه,درآمد ثابت,154008973716505,0.01238
1404-01,فروردین 1404,سبدگردان توسعه فیروزه,سهامی,13639924161134,0.001096
1404-01,فروردین 1404,سبدگردان توسعه فیروزه,شاخصی,8884156570088,0.000714
1404-01,فروردین 1404,سبدگردان توسعه فیروزه,کالایی,21125388493002,0.001698
1404-01,فروردین 1404,سبدگردان فارابی,اهرمی,76985144555012,0.006189
1404-01,فروردین 1404,سبدگردان فارابی,بخشی,2423192068306,0.000195
1404-01,فروردین 1404,سبدگردان فارابی,درآمد ثابت,162541404991272,0.013066
1404-01,فروردین 1404,سبدگردان فارابی,سهامی,12559363859120,0.00101
1404-01,فروردین 1404,سبدگردان فارابی,کالایی,18244669793477,0.001467
1404-01,فروردین 1404,سبدگردان مفید,اهرمی,96021048793956,0.007719
1404-01,فروردین 1404,سبدگردان مفید,بازنشستگی,13665923011419,0.001099
1404-01,فروردین 1404,سبدگردان مفید,بخشی,61506784821779,0.004944
1404-01,فروردین 1404,سبدگردان مفید,تضمین اصل سرمایه,6044208442566,0.000486
1404-01,فروردین 1404,سبدگردان مفید,درآمد ثابت,1074313199573160,0.08636
1404-01,فروردین 1404,سبدگردان مفید,سهامی,216854291003427,0.017432
1404-01,فروردین 1404,سبدگردان مفید,شاخصی,10559906839884,0.000849
1404-01,فروردین 1404,سبدگردان مفید,مختلط,3727626225178,0.0003
1404-01,فروردین 1404,سبدگردان مفید,کالایی,484798630800431,0.038971
1404-01,فروردین 1404,مشاور سرمایه گذاری ترنج,اهرمی,39051594542090,0.003139
1404-01,فروردین 1404,مشاور سرمایه گذاری ترنج,درآمد ثابت,235139343990736,0.018902
1404-01,فروردین 1404,مشاور سرمایه گذاری ترنج,سهامی,31350428858880,0.00252
1404-01,فروردین 1404,مشاور سرمایه گذاری ترنج,صندوق در صندوق,8567961170241,0.000689
1404-01,فروردین 1404,مشاور سرمایه گذاری ترنج,مختلط,23855532848105,0.001918
1404-02,اردیبهشت 1404,تامین سرمایه,املاک و مستغلات,5557286966804,0.000418
1404-02,اردیبهشت 1404,تامین سرمایه,اهرمی,10278665935147,0.000774
1404-02,اردیبهشت 1404,تامین سرمایه,بازنشستگی,24298034303292,0.00183
1404-02,اردیبهشت 1404,تامین سرمایه,بخشی,459003235252745,0.034561
1404-02,اردیبهشت 1404,تامین سرمایه,تضمین اصل سرمایه,20477465110379,0.001542
1404-02,اردیبهشت 1404,تامین سرمایه,درآمد ثابت,4152564408950385,0.312673
1404-02,اردیبهشت 1404,تامین سرمایه,سهامی,117118005897992,0.008819
1404-02,اردیبهشت 1404,تامین سرمایه,شاخصی,7754590697061,0.000584
1404-02,اردیبهشت 1404,تامین سرمایه,مختلط,8772309502994,0.000661
1404-02,اردیبهشت 1404,تامین سرمایه,کالایی,473637183710705,0.035663
1404-02,اردیبهشت 1404,سایر مدیران,املاک و مستغلات,21016730786386,0.001582
1404-02,اردیبهشت 1404,سایر مدیران,اهرمی,19234975923726,0.001448
1404-02,اردیبهشت 1404,سایر مدیران,بازنشستگی,9569532347881,0.000721
1404-02,اردیبهشت 1404,سایر مدیران,بخشی,86716515752966,0.006529
1404-02,اردیبهشت 1404,سایر مدیران,تضمین اصل سرمایه,430916955143,3.2e-05
1404-02,اردیبهشت 1404,سایر مدیران,جسورانه,6789113066059,0.000511
1404-02,اردیبهشت 1404,سایر مدیران,خصوصی,19390480450012,0.00146
1404-02,اردیبهشت 1404,سایر مدیران,درآمد ثابت,2495315211698786,0.187888
1404-02,اردیبهشت 1404,سایر مدیران,سهامی,268454867347620,0.020214
1404-02,اردیبهشت 1404,سایر مدیران,شاخصی,27254943975722,0.002052
1404-02,اردیبهشت 1404,سایر مدیران,صندوق در صندوق,9150212761876,0.000689
1404-02,اردیبهشت 1404,سایر مدیران,مختلط,12420585935747,0.000935
1404-02,اردیبهشت 1404,سایر مدیران,پروژه‌ای,27249158105627,0.002052
1404-02,اردیبهشت 1404,سایر مدیران,کالایی,291321869201203,0.021936
1404-02,اردیبهشت 1404,سبد گردان اقتصاد بیدار,اهرمی,63668461933297,0.004794
1404-02,اردیبهشت 1404,سبد گردان اقتصاد بیدار,درآمد ثابت,204330190528981,0.015385
1404-02,اردیبهشت 1404,سبد گردان اقتصاد بیدار,سهامی,22834335941947,0.001719
1404-02,اردیبهشت 1404,سبد گردان اقتصاد بیدار,کالایی,4138847869007,0.000312
1404-02,اردیبهشت 1404,سبد گردان کاریزما,اهرمی,232531891045338,0.017509
1404-02,اردیبهشت 1404,سبد گردان کاریزما,بازنشستگی,7038615392576,0.00053
1404-02,اردیبهشت 1404,سبد گردان کاریزما,بخشی,13888230909104,0.001046
1404-02,اردیبهشت 1404,سبد گردان کاریزما,تضمین اصل سرمایه,19789301981882,0.00149
1404-02,اردیبهشت 1404,سبد گردان کاریزما,درآمد ثابت,307169904770412,0.023129
1404-02,اردیبهشت 1404,سبد گردان کاریزما,سهامی,14249892113774,0.001073
1404-02,اردیبهشت 1404,سبد گردان کاریزما,شاخصی,3276431916583,0.000247
1404-02,اردیبهشت 1404,سبد گردان کاریزما,صندوق در صندوق,2694646131337,0.000203
1404-02,اردیبهشت 1404,سبد گردان کاریزما,مختلط,1432854767684,0.000108
1404-02,اردیبهشت 1404,سبد گردان کاریزما,کالایی,141315195715767,0.010641
1404-02,اردیبهشت 1404,سبدگردان آگاه,املاک و مستغلات,5310994120231,0.0004
1404-02,اردیبهشت 1404,سبدگردان آگاه,اهرمی,70573626819973,0.005314
1404-02,اردیبهشت 1404,سبدگردان آگاه,بازنشستگی,6090246222341,0.000459
1404-02,اردیبهشت 1404,سبدگردان آگاه,بخشی,29890935893583,0.002251
1404-02,اردیبهشت 1404,سبدگردان آگاه,درآمد ثابت,286934479195164,0.021605
1404-02,اردیبهشت 1404,سبدگردان آگاه,سهامی,58356878022895,0.004394
1404-02,اردیبهشت 1404,سبدگردان آگاه,مختلط,503485478415,3.8e-05
1404-02,اردیبهشت 1404,سبدگردان آگاه,کالایی,84745941818107,0.006381
1404-02,اردیبهشت 1404,سبدگردان توسعه فیروزه,اهرمی,145741376394368,0.010974
1404-02,اردیبهشت 1404,سبدگردان توسعه فیروزه,بخشی,16830754576671,0.001267
1404-02,اردیبهشت 1404,سبدگردان توسعه فیروزه,جسورانه,588852876676,4.4e-05
1404-02,اردیبهشت 1404,سبدگردان توسعه فیروزه,خصوصی,1281258155031,9.6e-05
1404-02,اردیبهشت 1404,سبدگردان توسعه فیروزه,درآمد ثابت,183040285709760,0.013782
1404-02,اردیبهشت 1404,سبدگردان توسعه فیروزه,سهامی,14254937574298,0.001073
1404-02,اردیبهشت 1404,سبدگردان توسعه فیروزه,شاخصی,8644186437235,0.000651
1404-02,اردیبهشت 1404,سبدگردان توسعه فیروزه,کالایی,19223090162892,0.001447
1404-02,اردیبهشت 1404,سبدگردان فارابی,اهرمی,77916033930188,0.005867
1404-02,اردیبهشت 1404,سبدگردان فارابی,بخشی,2446528765375,0.000184
1404-02,اردیبهشت 1404,سبدگردان فارابی,درآمد ثابت,197046654708762,0.014837
1404-02,اردیبهشت 1404,سبدگردان فارابی,سهامی,12522959983747,0.000943
1404-02,اردیبهشت 1404,سبدگردان فارابی,کالایی,15313468505148,0.001153
1404-02,اردیبهشت 1404,سبدگردان مفید,اهرمی,112914743903229,0.008502
1404-02,اردیبهشت 1404,سبدگردان مفید,بازنشستگی,16776663328736,0.001263
1404-02,اردیبهشت 1404,سبدگردان مفید,بخشی,64374714694874,0.004847
1404-02,اردیبهشت 1404,سبدگردان مفید,تضمین اصل سرمایه,8058857740923,0.000607
1404-02,اردیبهشت 1404,سبدگردان مفید,درآمد ثابت,1110039128849743,0.083582
1404-02,اردیبهشت 1404,سبدگردان مفید,سهامی,233328121319245,0.017569
1404-02,اردیبهشت 1404,سبدگردان مفید,شاخصی,10825668054642,0.000815
1404-02,اردیبهشت 1404,سبدگردان مفید,مختلط,3953286312000,0.000298
1404-02,اردیبهشت 1404,سبدگردان مفید,کالایی,495330076906100,0.037297
1404-02,اردیبهشت 1404,مشاور سرمایه گذاری ترنج,اهرمی,55167954578518,0.004154
1404-02,اردیبهشت 1404,مشاور سرمایه گذاری ترنج,درآمد ثابت,258683320771341,0.019478
1404-02,اردیبهشت 1404,مشاور سرمایه گذاری ترنج,سهامی,28395121366341,0.002138
1404-02,اردیبهشت 1404,مشاور سرمایه گذاری ترنج,صندوق در صندوق,7692634751915,0.000579
1404-02,اردیبهشت 1404,مشاور سرمایه گذاری ترنج,مختلط,25903960444257,0.00195
1404-03,خرداد 1404,تامین سرمایه,املاک و مستغلات,5586651392895,0.000422
1404-03,خرداد 1404,تامین سرمایه,اهرمی,9916260644738,0.000749
1404-03,خرداد 1404,تامین سرمایه,بازنشستگی,22906412513791,0.001731
1404-03,خرداد 1404,تامین سرمایه,بخشی,422553030732695,0.031929
1404-03,خرداد 1404,تامین سرمایه,تضمین اصل سرمایه,20116317445516,0.00152
1404-03,خرداد 1404,تامین سرمایه,درآمد ثابت,4181757354387982,0.315986
1404-03,خرداد 1404,تامین سرمایه,سهامی,112000470364239,0.008463
1404-03,خرداد 1404,تامین سرمایه,شاخصی,7457590310839,0.000564
1404-03,خرداد 1404,تامین سرمایه,مختلط,8747779482363,0.000661
1404-03,خرداد 1404,تامین سرمایه,کالایی,480825382848542,0.036333
1404-03,خرداد 1404,سایر مدیران,املاک و مستغلات,21111291277321,0.001595
1404-03,خرداد 1404,سایر مدیران,اهرمی,16814349479623,0.001271
1404-03,خرداد 1404,سایر مدیران,بازنشستگی,14659926306004,0.001108
1404-03,خرداد 1404,سایر مدیران,بخشی,81859570217206,0.006186
1404-03,خرداد 1404,سایر مدیران,تضمین اصل سرمایه,440976386297,3.3e-05
1404-03,خرداد 1404,سایر مدیران,جسورانه,6584072483994,0.000498
1404-03,خرداد 1404,سایر مدیران,خصوصی,19452917995698,0.00147
1404-03,خرداد 1404,سایر مدیران,درآمد ثابت,2561520374224388,0.193556
1404-03,خرداد 1404,سایر مدیران,سهامی,253769016241746,0.019176
1404-03,خرداد 1404,سایر مدیران,شاخصی,22398403800665,0.001692
1404-03,خرداد 1404,سایر مدیران,صندوق در صندوق,8743194020693,0.000661
1404-03,خرداد 1404,سایر مدیران,مختلط,12585934674289,0.000951
1404-03,خرداد 1404,سایر مدیران,پروژه‌ای,27248514523184,0.002059
1404-03,خرداد 1404,سایر مدیران,کالایی,293501058659861,0.022178
1404-03,خرداد 1404,سبد گردان اقتصاد بیدار,اهرمی,62500782323414,0.004723
1404-03,خرداد 1404,سبد گردان اقتصاد بیدار,درآمد ثابت,215311810193516,0.01627
1404-03,خرداد 1404,سبد گردان اقتصاد بیدار,سهامی,22436906988262,0.001695
1404-03,خرداد 1404,سبد گردان اقتصاد بیدار,کالایی,4384115932187,0.000331
1404-03,خرداد 1404,سبد گردان کاریزما,اهرمی,226795214173132,0.017137
1404-03,خرداد 1404,سبد گردان کاریزما,بازنشستگی,6815846652494,0.000515
1404-03,خرداد 1404,سبد گردان کاریزما,بخشی,13040020340902,0.000985
1404-03,خرداد 1404,سبد گردان کاریزما,تضمین اصل سرمایه,19460290492372,0.00147
1404-03,خرداد 1404,سبد گردان کاریزما,درآمد ثابت,312382173263429,0.023604
1404-03,خرداد 1404,سبد گردان کاریزما,سهامی,13473606245015,0.001018
1404-03,خرداد 1404,سبد گردان کاریزما,شاخصی,3196335784350,0.000242
1404-03,خرداد 1404,سبد گردان کاریزما,صندوق در صندوق,2288577692692,0.000173
1404-03,خرداد 1404,سبد گردان کاریزما,مختلط,1439347952320,0.000109
1404-03,خرداد 1404,سبد گردان کاریزما,کالایی,141758932759797,0.010712
1404-03,خرداد 1404,سبدگردان آگاه,املاک و مستغلات,5271477481908,0.000398
1404-03,خرداد 1404,سبدگردان آگاه,اهرمی,61967536851990,0.004682
1404-03,خرداد 1404,سبدگردان آگاه,بازنشستگی,5930132058644,0.000448
1404-03,خرداد 1404,سبدگردان آگاه,بخشی,28997429355902,0.002191
1404-03,خرداد 1404,سبدگردان آگاه,درآمد ثابت,319167329750975,0.024117
1404-03,خرداد 1404,سبدگردان آگاه,سهامی,49994245649610,0.003778
1404-03,خرداد 1404,سبدگردان آگاه,مختلط,499167924242,3.8e-05
1404-03,خرداد 1404,سبدگردان آگاه,کالایی,85540748595341,0.006464
1404-03,خرداد 1404,سبدگردان توسعه فیروزه,اهرمی,132980318146484,0.010048
1404-03,خرداد 1404,سبدگردان توسعه فیروزه,بخشی,16127527473466,0.001219
1404-03,خرداد 1404,سبدگردان توسعه فیروزه,جسورانه,588042003113,4.4e-05
1404-03,خرداد 1404,سبدگردان توسعه فیروزه,خصوصی,1286452953394,9.7e-05
1404-03,خرداد 1404,سبدگردان توسعه فیروزه,درآمد ثابت,165324213551906,0.012492
1404-03,خرداد 1404,سبدگردان توسعه فیروزه,سهامی,13481611341484,0.001019
1404-03,خرداد 1404,سبدگردان توسعه فیروزه,شاخصی,7557582349753,0.000571
1404-03,خرداد 1404,سبدگردان توسعه فیروزه,کالایی,18101640223138,0.001368
1404-03,خرداد 1404,سبدگردان فارابی,اهرمی,75400675996555,0.005697
1404-03,خرداد 1404,سبدگردان فارابی,بخشی,2186213831486,0.000165
1404-03,خرداد 1404,سبدگردان فارابی,درآمد ثابت,182489161751856,0.013789
1404-03,خرداد 1404,سبدگردان فارابی,سهامی,10276431023418,0.000777
1404-03,خرداد 1404,سبدگردان فارابی,کالایی,12139414110246,0.000917
1404-03,خرداد 1404,سبدگردان مفید,اهرمی,116039852109660,0.008768
1404-03,خرداد 1404,سبدگردان مفید,بازنشستگی,17675769387800,0.001336
1404-03,خرداد 1404,سبدگردان مفید,بخشی,60353367366231,0.00456
1404-03,خرداد 1404,سبدگردان مفید,تضمین اصل سرمایه,8406493134996,0.000635
1404-03,خرداد 1404,سبدگردان مفید,درآمد ثابت,1067537812350619,0.080666
1404-03,خرداد 1404,سبدگردان مفید,سهامی,223637294210381,0.016899
1404-03,خرداد 1404,سبدگردان مفید,شاخصی,9192490474824,0.000695
1404-03,خرداد 1404,سبدگردان مفید,مختلط,3874364788324,0.000293
1404-03,خرداد 1404,سبدگردان مفید,کالایی,511584034707047,0.038657
1404-03,خرداد 1404,مشاور سرمایه گذاری ترنج,اهرمی,63162953080304,0.004773
1404-03,خرداد 1404,مشاور سرمایه گذاری ترنج,درآمد ثابت,239640364608680,0.018108
1404-03,خرداد 1404,مشاور سرمایه گذاری ترنج,سهامی,25817311467971,0.001951
1404-03,خرداد 1404,مشاور سرمایه گذاری ترنج,صندوق در صندوق,6381952218274,0.000482
1404-03,خرداد 1404,مشاور سرمایه گذاری ترنج,مختلط,27560589756862,0.002083
1404-04,تیر 1404,تامین سرمایه,املاک و مستغلات,9348146722762,0.000689
1404-04,تیر 1404,تامین سرمایه,اهرمی,8601508814133,0.000634
1404-04,تیر 1404,تامین سرمایه,بازنشستگی,19269296940967,0.00142
1404-04,تیر 1404,تامین سرمایه,بخشی,403862521729123,0.029772
1404-04,تیر 1404,تامین سرمایه,تضمین اصل سرمایه,19621629923281,0.001446
1404-04,تیر 1404,تامین سرمایه,درآمد ثابت,4231516005513056,0.311938
1404-04,تیر 1404,تامین سرمایه,سهامی,104447738006766,0.0077
1404-04,تیر 1404,تامین سرمایه,شاخصی,7051103898255,0.00052
1404-04,تیر 1404,تامین سرمایه,مختلط,8583638957004,0.000633
1404-04,تیر 1404,تامین سرمایه,کالایی,533274069701519,0.039312
1404-04,تیر 1404,سایر مدیران,املاک و مستغلات,21253825322666,0.001567
1404-04,تیر 1404,سایر مدیران,اهرمی,14359760684059,0.001059
1404-04,تیر 1404,سایر مدیران,بازنشستگی,14606431919360,0.001077
1404-04,تیر 1404,سایر مدیران,بخشی,75763034592898,0.005585
1404-04,تیر 1404,سایر مدیران,تضمین اصل سرمایه,455997064402,3.4e-05
1404-04,تیر 1404,سایر مدیران,جسورانه,6681024163543,0.000493
1404-04,تیر 1404,سایر مدیران,خصوصی,18753475605172,0.001382
1404-04,تیر 1404,سایر مدیران,درآمد ثابت,2595854109978706,0.191361
1404-04,تیر 1404,سایر مدیران,سهامی,230721714222906,0.017008
1404-04,تیر 1404,سایر مدیران,شاخصی,17852065219248,0.001316
1404-04,تیر 1404,سایر مدیران,صندوق در صندوق,7912520902995,0.000583
1404-04,تیر 1404,سایر مدیران,مختلط,11554695507437,0.000852
1404-04,تیر 1404,سایر مدیران,پروژه‌ای,27247870931671,0.002009
1404-04,تیر 1404,سایر مدیران,کالایی,338388933628386,0.024945
1404-04,تیر 1404,سبد گردان اقتصاد بیدار,اهرمی,45775751814491,0.003374
1404-04,تیر 1404,سبد گردان اقتصاد بیدار,درآمد ثابت,241118092371624,0.017775
1404-04,تیر 1404,سبد گردان اقتصاد بیدار,سهامی,20943755038986,0.001544
1404-04,تیر 1404,سبد گردان اقتصاد بیدار,کالایی,9931942074703,0.000732
1404-04,تیر 1404,سبد گردان کاریزما,اهرمی,197353449938509,0.014548
1404-04,تیر 1404,سبد گردان کاریزما,بازنشستگی,6246065139182,0.00046
1404-04,تیر 1404,سبد گردان کاریزما,بخشی,11547117270501,0.000851
1404-04,تیر 1404,سبد گردان کاریزما,تضمین اصل سرمایه,18722158789639,0.00138
1404-04,تیر 1404,سبد گردان کاریزما,درآمد ثابت,337125436239105,0.024852
1404-04,تیر 1404,سبد گردان کاریزما,سهامی,10916759810008,0.000805
1404-04,تیر 1404,سبد گردان کاریزما,شاخصی,2870323639237,0.000212
1404-04,تیر 1404,سبد گردان کاریزما,صندوق در صندوق,1734286455486,0.000128
1404-04,تیر 1404,سبد گردان کاریزما,مختلط,1412821959294,0.000104
1404-04,تیر 1404,سبد گردان کاریزما,کالایی,158983363373572,0.01172
1404-04,تیر 1404,سبدگردان آگاه,املاک و مستغلات,5267298144761,0.000388
1404-04,تیر 1404,سبدگردان آگاه,اهرمی,48114220163384,0.003547
1404-04,تیر 1404,سبدگردان آگاه,بازنشستگی,5722473208732,0.000422
1404-04,تیر 1404,سبدگردان آگاه,بخشی,23603335338822,0.00174
1404-04,تیر 1404,سبدگردان آگاه,درآمد ثابت,291933523335120,0.021521
1404-04,تیر 1404,سبدگردان آگاه,سهامی,42889440248892,0.003162
1404-04,تیر 1404,سبدگردان آگاه,مختلط,490519037590,3.6e-05
1404-04,تیر 1404,سبدگردان آگاه,کالایی,100517875655183,0.00741
1404-04,تیر 1404,سبدگردان توسعه فیروزه,اهرمی,121229847347931,0.008937
1404-04,تیر 1404,سبدگردان توسعه فیروزه,بخشی,19987362947778,0.001473
1404-04,تیر 1404,سبدگردان توسعه فیروزه,جسورانه,592264321876,4.4e-05
1404-04,تیر 1404,سبدگردان توسعه فیروزه,خصوصی,1292856412986,9.5e-05
1404-04,تیر 1404,سبدگردان توسعه فیروزه,درآمد ثابت,179844002084572,0.013258
1404-04,تیر 1404,سبدگردان توسعه فیروزه,سهامی,12207593143888,0.0009
1404-04,تیر 1404,سبدگردان توسعه فیروزه,شاخصی,6970420262196,0.000514
1404-04,تیر 1404,سبدگردان توسعه فیروزه,کالایی,24454320251117,0.001803
1404-04,تیر 1404,سبدگردان فارابی,اهرمی,61595734114080,0.004541
1404-04,تیر 1404,سبدگردان فارابی,بخشی,2298222448244,0.000169
1404-04,تیر 1404,سبدگردان فارابی,درآمد ثابت,209126596162712,0.015416
1404-04,تیر 1404,سبدگردان فارابی,سهامی,9713879128163,0.000716
1404-04,تیر 1404,سبدگردان فارابی,کالایی,9252224278521,0.000682
1404-04,تیر 1404,سبدگردان مفید,اهرمی,95231697525996,0.00702
1404-04,تیر 1404,سبدگردان مفید,بازنشستگی,15770575599675,0.001163
1404-04,تیر 1404,سبدگردان مفید,بخشی,53930009161513,0.003976
1404-04,تیر 1404,سبدگردان مفید,تضمین اصل سرمایه,6578862917752,0.000485
1404-04,تیر 1404,سبدگردان مفید,درآمد ثابت,1242366715681720,0.091585
1404-04,تیر 1404,سبدگردان مفید,سهامی,202770016971369,0.014948
1404-04,تیر 1404,سبدگردان مفید,شاخصی,7741483064737,0.000571
1404-04,تیر 1404,سبدگردان مفید,مختلط,3595126698460,0.000265
1404-04,تیر 1404,سبدگردان مفید,کالایی,591557445018812,0.043608
1404-04,تیر 1404,مشاور سرمایه گذاری ترنج,اهرمی,51744792954064,0.003815
1404-04,تیر 1404,مشاور سرمایه گذاری ترنج,درآمد ثابت,277027118434535,0.020422
1404-04,تیر 1404,مشاور سرمایه گذاری ترنج,سهامی,21672601877594,0.001598
1404-04,تیر 1404,مشاور سرمایه گذاری ترنج,صندوق در صندوق,5547301593553,0.000409
1404-04,تیر 1404,مشاور سرمایه گذاری ترنج,مختلط,20929173175482,0.001543
1404-05,مرداد 1404,تامین سرمایه,املاک و مستغلات,9475436579973,0.000672
1404-05,مرداد 1404,تامین سرمایه,اهرمی,8033472965909,0.00057
1404-05,مرداد 1404,تامین سرمایه,بازنشستگی,5960465521546,0.000423
1404-05,مرداد 1404,تامین سرمایه,بخشی,348702136277243,0.024743
1404-05,مرداد 1404,تامین سرمایه,تضمین اصل سرمایه,18175190379750,0.00129
1404-05,مرداد 1404,تامین سرمایه,درآمد ثابت,4417625425540237,0.313464
1404-05,مرداد 1404,تامین سرمایه,سهامی,98150163866847,0.006964
1404-05,مرداد 1404,تامین سرمایه,شاخصی,6223370625404,0.000442
1404-05,مرداد 1404,تامین سرمایه,مختلط,8561070957651,0.000607
1404-05,مرداد 1404,تامین سرمایه,کالایی,609580563944470,0.043254
1404-05,مرداد 1404,سایر مدیران,املاک و مستغلات,20874997623518,0.001481
1404-05,مرداد 1404,سایر مدیران,اهرمی,11358928671806,0.000806
1404-05,مرداد 1404,سایر مدیران,بازنشستگی,13896372691196,0.000986
1404-05,مرداد 1404,سایر مدیران,بخشی,62377426512823,0.004426
1404-05,مرداد 1404,سایر مدیران,تضمین اصل سرمایه,479980080374,3.4e-05
1404-05,مرداد 1404,سایر مدیران,جسورانه,6782433672173,0.000481
1404-05,مرداد 1404,سایر مدیران,خصوصی,18284271190186,0.001297
1404-05,مرداد 1404,سایر مدیران,درآمد ثابت,2792043461148262,0.198116
1404-05,مرداد 1404,سایر مدیران,سهامی,197208676305672,0.013993
1404-05,مرداد 1404,سایر مدیران,شاخصی,12644731023697,0.000897
1404-05,مرداد 1404,سایر مدیران,صندوق در صندوق,8543613035217,0.000606
1404-05,مرداد 1404,سایر مدیران,مختلط,9568026974549,0.000679
1404-05,مرداد 1404,سایر مدیران,پروژه‌ای,27247234366073,0.001933
1404-05,مرداد 1404,سایر مدیران,کالایی,397065680152434,0.028175
1404-05,مرداد 1404,سبد گردان اقتصاد بیدار,اهرمی,43246248025081,0.003069
1404-05,مرداد 1404,سبد گردان اقتصاد بیدار,درآمد ثابت,213950059116591,0.015181
1404-05,مرداد 1404,سبد گردان اقتصاد بیدار,سهامی,13255029738930,0.000941
1404-05,مرداد 1404,سبد گردان اقتصاد بیدار,کالایی,16605769035993,0.001178
1404-05,مرداد 1404,سبد گردان کاریزما,اهرمی,163179394623995,0.011579
1404-05,مرداد 1404,سبد گردان کاریزما,بازنشستگی,5557891304262,0.000394
1404-05,مرداد 1404,سبد گردان کاریزما,بخشی,7508812383568,0.000533
1404-05,مرداد 1404,سبد گردان کاریزما,تضمین اصل سرمایه,10642837521861,0.000755
1404-05,مرداد 1404,سبد گردان کاریزما,درآمد ثابت,346384761955769,0.024579
1404-05,مرداد 1404,سبد گردان کاریزما,سهامی,6881804779815,0.000488
1404-05,مرداد 1404,سبد گردان کاریزما,شاخصی,2000771881384,0.000142
1404-05,مرداد 1404,سبد گردان کاریزما,صندوق در صندوق,1091747206858,7.7e-05
1404-05,مرداد 1404,سبد گردان کاریزما,مختلط,1022056976994,7.3e-05
1404-05,مرداد 1404,سبد گردان کاریزما,کالایی,184739087885342,0.013109
1404-05,مرداد 1404,سبدگردان آگاه,املاک و مستغلات,5483949588091,0.000389
1404-05,مرداد 1404,سبدگردان آگاه,اهرمی,39982906261575,0.002837
1404-05,مرداد 1404,سبدگردان آگاه,بازنشستگی,5300771118981,0.000376
1404-05,مرداد 1404,سبدگردان آگاه,بخشی,18401636926926,0.001306
1404-05,مرداد 1404,سبدگردان آگاه,درآمد ثابت,344196768546840,0.024423
1404-05,مرداد 1404,سبدگردان آگاه,سهامی,36495040107770,0.00259
1404-05,مرداد 1404,سبدگردان آگاه,مختلط,470601215486,3.3e-05
1404-05,مرداد 1404,سبدگردان آگاه,کالایی,119883542058983,0.008507
1404-05,مرداد 1404,سبدگردان توسعه فیروزه,اهرمی,111946789038792,0.007943
1404-05,مرداد 1404,سبدگردان توسعه فیروزه,بخشی,17990191223458,0.001277
1404-05,مرداد 1404,سبدگردان توسعه فیروزه,جسورانه,591398781596,4.2e-05
1404-05,مرداد 1404,سبدگردان توسعه فیروزه,خصوصی,1296805770030,9.2e-05
1404-05,مرداد 1404,سبدگردان توسعه فیروزه,درآمد ثابت,196277050121375,0.013927
1404-05,مرداد 1404,سبدگردان توسعه فیروزه,سهامی,10533082725193,0.000747
1404-05,مرداد 1404,سبدگردان توسعه فیروزه,شاخصی,5173967107424,0.000367
1404-05,مرداد 1404,سبدگردان توسعه فیروزه,کالایی,32341637081736,0.002295
1404-05,مرداد 1404,سبدگردان فارابی,اهرمی,45566751420231,0.003233
1404-05,مرداد 1404,سبدگردان فارابی,بخشی,1717261692807,0.000122
1404-05,مرداد 1404,سبدگردان فارابی,درآمد ثابت,221951391332191,0.015749
1404-05,مرداد 1404,سبدگردان فارابی,سهامی,8194791528629,0.000581
1404-05,مرداد 1404,سبدگردان فارابی,کالایی,9656661384403,0.000685
1404-05,مرداد 1404,سبدگردان مفید,اهرمی,75781328701882,0.005377
1404-05,مرداد 1404,سبدگردان مفید,بازنشستگی,14521022843792,0.00103
1404-05,مرداد 1404,سبدگردان مفید,بخشی,44402531216147,0.003151
1404-05,مرداد 1404,سبدگردان مفید,تضمین اصل سرمایه,5883259619992,0.000417
1404-05,مرداد 1404,سبدگردان مفید,درآمد ثابت,1335135414942556,0.094738
1404-05,مرداد 1404,سبدگردان مفید,سهامی,177152851220054,0.01257
1404-05,مرداد 1404,سبدگردان مفید,شاخصی,6059621301913,0.00043
1404-05,مرداد 1404,سبدگردان مفید,مختلط,3172748631633,0.000225
1404-05,مرداد 1404,سبدگردان مفید,کالایی,708922252141105,0.050303
1404-05,مرداد 1404,مشاور سرمایه گذاری ترنج,اهرمی,36947573180140,0.002622
1404-05,مرداد 1404,مشاور سرمایه گذاری ترنج,درآمد ثابت,269392434703070,0.019115
1404-05,مرداد 1404,مشاور سرمایه گذاری ترنج,سهامی,17451345720638,0.001238
1404-05,مرداد 1404,مشاور سرمایه گذاری ترنج,صندوق در صندوق,6353324869733,0.000451
1404-05,مرداد 1404,مشاور سرمایه گذاری ترنج,مختلط,23415455511154,0.001662
1404-05,مرداد 1404,مشاور سرمایه گذاری ترنج,کالایی,9974534366893,0.000708
1404-06,شهریور 1404,تامین سرمایه,املاک و مستغلات,9670981065139,0.000646
1404-06,شهریور 1404,تامین سرمایه,اهرمی,9616703376208,0.000642
1404-06,شهریور 1404,تامین سرمایه,بازنشستگی,6409768306557,0.000428
1404-06,شهریور 1404,تامین سرمایه,بخشی,362365753332570,0.024208
1404-06,شهریور 1404,تامین سرمایه,تضمین اصل سرمایه,20012772038324,0.001337
1404-06,شهریور 1404,تامین سرمایه,درآمد ثابت,4452033535568790,0.297415
1404-06,شهریور 1404,تامین سرمایه,سهامی,100978335197967,0.006746
1404-06,شهریور 1404,تامین سرمایه,شاخصی,6336523842637,0.000423
1404-06,شهریور 1404,تامین سرمایه,مختلط,8860812845031,0.000592
1404-06,شهریور 1404,تامین سرمایه,کالایی,791887678645393,0.052901
1404-06,شهریور 1404,سایر مدیران,املاک و مستغلات,20955039927659,0.0014
1404-06,شهریور 1404,سایر مدیران,اهرمی,12709243722192,0.000849
1404-06,شهریور 1404,سایر مدیران,بازنشستگی,14909973871170,0.000996
1404-06,شهریور 1404,سایر مدیران,بخشی,69066399786109,0.004614
1404-06,شهریور 1404,سایر مدیران,تضمین اصل سرمایه,509089232881,3.4e-05
1404-06,شهریور 1404,سایر مدیران,جسورانه,6894387187319,0.000461
1404-06,شهریور 1404,سایر مدیران,خصوصی,18556033196840,0.00124
1404-06,شهریور 1404,سایر مدیران,درآمد ثابت,2873579308968808,0.191967
1404-06,شهریور 1404,سایر مدیران,سهامی,203582870084694,0.0136
1404-06,شهریور 1404,سایر مدیران,شاخصی,12425307065770,0.00083
1404-06,شهریور 1404,سایر مدیران,صندوق در صندوق,9019921357081,0.000603
1404-06,شهریور 1404,سایر مدیران,مختلط,9398989215946,0.000628
1404-06,شهریور 1404,سایر مدیران,پروژه‌ای,27246533224985,0.00182
1404-06,شهریور 1404,سایر مدیران,کالایی,533097928487169,0.035613
1404-06,شهریور 1404,سبد گردان اقتصاد بیدار,اهرمی,41714183316250,0.002787
1404-06,شهریور 1404,سبد گردان اقتصاد بیدار,درآمد ثابت,223061939598429,0.014901
1404-06,شهریور 1404,سبد گردان اقتصاد بیدار,سهامی,14447178051758,0.000965
1404-06,شهریور 1404,سبد گردان اقتصاد بیدار,کالایی,20424974445695,0.001364
1404-06,شهریور 1404,سبد گردان کاریزما,اهرمی,169590262286033,0.011329
1404-06,شهریور 1404,سبد گردان کاریزما,بازنشستگی,5930514118133,0.000396
1404-06,شهریور 1404,سبد گردان کاریزما,بخشی,7465025737362,0.000499
1404-06,شهریور 1404,سبد گردان کاریزما,تضمین اصل سرمایه,11662855410656,0.000779
1404-06,شهریور 1404,سبد گردان کاریزما,درآمد ثابت,347594614919217,0.023221
1404-06,شهریور 1404,سبد گردان کاریزما,سهامی,6893476727392,0.000461
1404-06,شهریور 1404,سبد گردان کاریزما,شاخصی,2572360644289,0.000172
1404-06,شهریور 1404,سبد گردان کاریزما,صندوق در صندوق,1171148256480,7.8e-05
1404-06,شهریور 1404,سبد گردان کاریزما,مختلط,1010445064228,6.8e-05
1404-06,شهریور 1404,سبد گردان کاریزما,کالایی,252745872030442,0.016885
1404-06,شهریور 1404,سبدگردان آگاه,املاک و مستغلات,5525199107261,0.000369
1404-06,شهریور 1404,سبدگردان آگاه,اهرمی,39790950814825,0.002658
1404-06,شهریور 1404,سبدگردان آگاه,بازنشستگی,5587783712819,0.000373
1404-06,شهریور 1404,سبدگردان آگاه,بخشی,18660460983165,0.001247
1404-06,شهریور 1404,سبدگردان آگاه,درآمد ثابت,379840175322567,0.025375
1404-06,شهریور 1404,سبدگردان آگاه,سهامی,37126183180395,0.00248
1404-06,شهریور 1404,سبدگردان آگاه,مختلط,480256555588,3.2e-05
1404-06,شهریور 1404,سبدگردان آگاه,کالایی,163112721035593,0.010897
1404-06,شهریور 1404,سبدگردان توسعه فیروزه,اهرمی,116688165516691,0.007795
1404-06,شهریور 1404,سبدگردان توسعه فیروزه,بخشی,17724734797881,0.001184
1404-06,شهریور 1404,سبدگردان توسعه فیروزه,جسورانه,597909609803,4e-05
1404-06,شهریور 1404,سبدگردان توسعه فیروزه,خصوصی,1302107519178,8.7e-05
1404-06,شهریور 1404,سبدگردان توسعه فیروزه,درآمد ثابت,196060861673709,0.013098
1404-06,شهریور 1404,سبدگردان توسعه فیروزه,سهامی,10450842436235,0.000698
1404-06,شهریور 1404,سبدگردان توسعه فیروزه,شاخصی,5490508309115,0.000367
1404-06,شهریور 1404,سبدگردان توسعه فیروزه,کالایی,41672112176531,0.002784
1404-06,شهریور 1404,سبدگردان فارابی,اهرمی,43697874713701,0.002919
1404-06,شهریور 1404,سبدگردان فارابی,بخشی,1818162253431,0.000121
1404-06,شهریور 1404,سبدگردان فارابی,درآمد ثابت,219011075558513,0.014631
1404-06,شهریور 1404,سبدگردان فارابی,سهامی,8155012871115,0.000545
1404-06,شهریور 1404,سبدگردان فارابی,کالایی,9331117872727,0.000623
1404-06,شهریور 1404,سبدگردان مفید,اهرمی,78941545994491,0.005274
1404-06,شهریور 1404,سبدگردان مفید,بازنشستگی,15371173810000,0.001027
1404-06,شهریور 1404,سبدگردان مفید,بخشی,45582435395626,0.003045
1404-06,شهریور 1404,سبدگردان مفید,تضمین اصل سرمایه,5975957361498,0.000399
1404-06,شهریور 1404,سبدگردان مفید,درآمد ثابت,1325828019845445,0.088571
1404-06,شهریور 1404,سبدگردان مفید,سهامی,184358008814742,0.012316
1404-06,شهریور 1404,سبدگردان مفید,شاخصی,6352548353700,0.000424
1404-06,شهریور 1404,سبدگردان مفید,مختلط,2128015419789,0.000142
1404-06,شهریور 1404,سبدگردان مفید,کالایی,915484480367423,0.061158
1404-06,شهریور 1404,مشاور سرمایه گذاری ترنج,اهرمی,31057182497775,0.002075
1404-06,شهریور 1404,مشاور سرمایه گذاری ترنج,درآمد ثابت,279644558251747,0.018681
1404-06,شهریور 1404,مشاور سرمایه گذاری ترنج,سهامی,18185483730991,0.001215
1404-06,شهریور 1404,مشاور سرمایه گذاری ترنج,صندوق در صندوق,9354188137382,0.000625
1404-06,شهریور 1404,مشاور سرمایه گذاری ترنج,مختلط,31089156872814,0.002077
1404-06,شهریور 1404,مشاور سرمایه گذاری ترنج,کالایی,11216746211758,0.000749
1404-07,مهر 1404,تامین سرمایه,املاک و مستغلات,9851174623447,0.000603
1404-07,مهر 1404,تامین سرمایه,اهرمی,11301278125220,0.000691
1404-07,مهر 1404,تامین سرمایه,بازنشستگی,6909819309858,0.000423
1404-07,مهر 1404,تامین سرمایه,بخشی,449605581990354,0.027505
1404-07,مهر 1404,تامین سرمایه,تضمین اصل سرمایه,20946377938492,0.001281
1404-07,مهر 1404,تامین سرمایه,درآمد ثابت,4605792403394088,0.281765
1404-07,مهر 1404,تامین سرمایه,سهامی,118901429793530,0.007274
1404-07,مهر 1404,تامین سرمایه,شاخصی,7835155708820,0.000479
1404-07,مهر 1404,تامین سرمایه,مختلط,9833087215990,0.000602
1404-07,مهر 1404,تامین سرمایه,کالایی,891386512163585,0.054532
1404-07,مهر 1404,سایر مدیران,املاک و مستغلات,21217526962892,0.001298
1404-07,مهر 1404,سایر مدیران,اهرمی,16299383857505,0.000997
1404-07,مهر 1404,سایر مدیران,بازنشستگی,17052113305384,0.001043
1404-07,مهر 1404,سایر مدیران,بخشی,81513620285859,0.004987
1404-07,مهر 1404,سایر مدیران,تضمین اصل سرمایه,685462333108,4.2e-05
1404-07,مهر 1404,سایر مدیران,جسورانه,7012916913678,0.000429
1404-07,مهر 1404,سایر مدیران,خصوصی,18694911430395,0.001144
1404-07,مهر 1404,سایر مدیران,درآمد ثابت,3061277369805975,0.187277
1404-07,مهر 1404,سایر مدیران,سهامی,238304048300984,0.014579
1404-07,مهر 1404,سایر مدیران,شاخصی,17405320371563,0.001065
1404-07,مهر 1404,سایر مدیران,صندوق در صندوق,10580118193280,0.000647
1404-07,مهر 1404,سایر مدیران,مختلط,10494383256148,0.000642
1404-07,مهر 1404,سایر مدیران,پروژه‌ای,27245689454183,0.001667
1404-07,مهر 1404,سایر مدیران,کالایی,613468209313526,0.03753
1404-07,مهر 1404,سبد گردان اقتصاد بیدار,اهرمی,49585018802236,0.003033
1404-07,مهر 1404,سبد گردان اقتصاد بیدار,درآمد ثابت,234458539480484,0.014343
1404-07,مهر 1404,سبد گردان اقتصاد بیدار,سهامی,19913741889190,0.001218
1404-07,مهر 1404,سبد گردان اقتصاد بیدار,کالایی,25757869729995,0.001576
1404-07,مهر 1404,سبد گردان کاریزما,اهرمی,197911195139348,0.012107
1404-07,مهر 1404,سبد گردان کاریزما,بازنشستگی,6787418482606,0.000415
1404-07,مهر 1404,سبد گردان کاریزما,بخشی,8907114513967,0.000545
1404-07,مهر 1404,سبد گردان کاریزما,تضمین اصل سرمایه,5673857929556,0.000347
1404-07,مهر 1404,سبد گردان کاریزما,درآمد ثابت,387262594612409,0.023691
1404-07,مهر 1404,سبد گردان کاریزما,سهامی,8590268769814,0.000526
1404-07,مهر 1404,سبد گردان کاریزما,شاخصی,3906758206589,0.000239
1404-07,مهر 1404,سبد گردان کاریزما,صندوق در صندوق,1682265056918,0.000103
1404-07,مهر 1404,سبد گردان کاریزما,مختلط,1082638690185,6.6e-05
1404-07,مهر 1404,سبد گردان کاریزما,کالایی,296420011507410,0.018134
1404-07,مهر 1404,سبدگردان آگاه,املاک و مستغلات,5200437643718,0.000318
1404-07,مهر 1404,سبدگردان آگاه,اهرمی,45710503821982,0.002796
1404-07,مهر 1404,سبدگردان آگاه,بازنشستگی,6479073919892,0.000396
1404-07,مهر 1404,سبدگردان آگاه,بخشی,23275590393860,0.001424
1404-07,مهر 1404,سبدگردان آگاه,درآمد ثابت,426114598291396,0.026068
1404-07,مهر 1404,سبدگردان آگاه,سهامی,45035286679274,0.002755
1404-07,مهر 1404,سبدگردان آگاه,مختلط,533958530839,3.3e-05
1404-07,مهر 1404,سبدگردان آگاه,کالایی,191190943995003,0.011696
1404-07,مهر 1404,سبدگردان توسعه فیروزه,اهرمی,119973686066768,0.00734
1404-07,مهر 1404,سبدگردان توسعه فیروزه,بخشی,21388611110130,0.001308
1404-07,مهر 1404,سبدگردان توسعه فیروزه,جسورانه,601502760447,3.7e-05
1404-07,مهر 1404,سبدگردان توسعه فیروزه,خصوصی,1307004909409,8e-05
1404-07,مهر 1404,سبدگردان توسعه فیروزه,درآمد ثابت,223673699231427,0.013684
1404-07,مهر 1404,سبدگردان توسعه فیروزه,سهامی,12749193286109,0.00078
1404-07,مهر 1404,سبدگردان توسعه فیروزه,شاخصی,7258121180252,0.000444
1404-07,مهر 1404,سبدگردان توسعه فیروزه,کالایی,51624358499519,0.003158
1404-07,مهر 1404,سبدگردان فارابی,اهرمی,50159824471547,0.003069
1404-07,مهر 1404,سبدگردان فارابی,بخشی,2205752928177,0.000135
1404-07,مهر 1404,سبدگردان فارابی,درآمد ثابت,235389065468828,0.0144
1404-07,مهر 1404,سبدگردان فارابی,سهامی,10136849366065,0.00062
1404-07,مهر 1404,سبدگردان فارابی,کالایی,12438126445718,0.000761
1404-07,مهر 1404,سبدگردان مفید,اهرمی,90946772827037,0.005564
1404-07,مهر 1404,سبدگردان مفید,بازنشستگی,20009586249343,0.001224
1404-07,مهر 1404,سبدگردان مفید,بخشی,57068881645373,0.003491
1404-07,مهر 1404,سبدگردان مفید,تضمین اصل سرمایه,8600680713971,0.000526
1404-07,مهر 1404,سبدگردان مفید,درآمد ثابت,1422767566737402,0.08704
1404-07,مهر 1404,سبدگردان مفید,سهامی,224352784017398,0.013725
1404-07,مهر 1404,سبدگردان مفید,شاخصی,8262144292573,0.000505
1404-07,مهر 1404,سبدگردان مفید,مختلط,2434092611374,0.000149
1404-07,مهر 1404,سبدگردان مفید,کالایی,1091944966720921,0.066801
1404-07,مهر 1404,مشاور سرمایه گذاری ترنج,اهرمی,37790374338769,0.002312
1404-07,مهر 1404,مشاور سرمایه گذاری ترنج,درآمد ثابت,286277091627747,0.017513
1404-07,مهر 1404,مشاور سرمایه گذاری ترنج,سهامی,25240830602495,0.001544
1404-07,مهر 1404,مشاور سرمایه گذاری ترنج,صندوق در صندوق,6076328957013,0.000372
1404-07,مهر 1404,مشاور سرمایه گذاری ترنج,مختلط,38438267209204,0.002352
1404-07,مهر 1404,مشاور سرمایه گذاری ترنج,کالایی,12009737845771,0.000735
1404-08,آبان 1404,تامین سرمایه,املاک و مستغلات,10061339916568,0.000579
1404-08,آبان 1404,تامین سرمایه,اهرمی,12247964712601,0.000705
1404-08,آبان 1404,تامین سرمایه,بازنشستگی,5618471825959,0.000323
1404-08,آبان 1404,تامین سرمایه,بخشی,451243779132086,0.025964
1404-08,آبان 1404,تامین سرمایه,تضمین اصل سرمایه,21526836598485,0.001239
1404-08,آبان 1404,تامین سرمایه,درآمد ثابت,4804365637014582,0.27644
1404-08,آبان 1404,تامین سرمایه,سهامی,118776077668709,0.006834
1404-08,آبان 1404,تامین سرمایه,شاخصی,7835297987893,0.000451
1404-08,آبان 1404,تامین سرمایه,مختلط,10106394971835,0.000582
1404-08,آبان 1404,تامین سرمایه,کالایی,1002002209728863,0.057655
1404-08,آبان 1404,سایر مدیران,املاک و مستغلات,21340892590340,0.001228
1404-08,آبان 1404,سایر مدیران,اهرمی,18693895386837,0.001076
1404-08,آبان 1404,سایر مدیران,بازنشستگی,17830512926572,0.001026
1404-08,آبان 1404,سایر مدیران,بخشی,88781226529678,0.005108
1404-08,آبان 1404,سایر مدیران,تضمین اصل سرمایه,884609401438,5.1e-05
1404-08,آبان 1404,سایر مدیران,جسورانه,7133762689431,0.00041
1404-08,آبان 1404,سایر مدیران,خصوصی,18773032912506,0.00108
1404-08,آبان 1404,سایر مدیران,درآمد ثابت,3224905046610879,0.185559
1404-08,آبان 1404,سایر مدیران,سهامی,245013156795948,0.014098
1404-08,آبان 1404,سایر مدیران,شاخصی,14489177565403,0.000834
1404-08,آبان 1404,سایر مدیران,صندوق در صندوق,10377017525823,0.000597
1404-08,آبان 1404,سایر مدیران,مختلط,12731188368816,0.000733
1404-08,آبان 1404,سایر مدیران,پروژه‌ای,27244844595579,0.001568
1404-08,آبان 1404,سایر مدیران,کالایی,715947478604954,0.041195
1404-08,آبان 1404,سبد گردان اقتصاد بیدار,اهرمی,49810902125800,0.002866
1404-08,آبان 1404,سبد گردان اقتصاد بیدار,درآمد ثابت,240514602688226,0.013839
1404-08,آبان 1404,سبد گردان اقتصاد بیدار,سهامی,17640080386642,0.001015
1404-08,آبان 1404,سبد گردان اقتصاد بیدار,کالایی,28563202757290,0.001644
1404-08,آبان 1404,سبد گردان کاریزما,اهرمی,199959558606397,0.011506
1404-08,آبان 1404,سبد گردان کاریزما,بازنشستگی,7057572177131,0.000406
1404-08,آبان 1404,سبد گردان کاریزما,بخشی,8100550855600,0.000466
1404-08,آبان 1404,سبد گردان کاریزما,تضمین اصل سرمایه,5876993343316,0.000338
1404-08,آبان 1404,سبد گردان کاریزما,درآمد ثابت,382437598256890,0.022005
1404-08,آبان 1404,سبد گردان کاریزما,سهامی,9542862737060,0.000549
1404-08,آبان 1404,سبد گردان کاریزما,شاخصی,3610222880120,0.000208
1404-08,آبان 1404,سبد گردان کاریزما,صندوق در صندوق,1671804006988,9.6e-05
1404-08,آبان 1404,سبد گردان کاریزما,مختلط,1142235650490,6.6e-05
1404-08,آبان 1404,سبد گردان کاریزما,کالایی,330889528520588,0.019039
1404-08,آبان 1404,سبدگردان آگاه,املاک و مستغلات,5200017120249,0.000299
1404-08,آبان 1404,سبدگردان آگاه,اهرمی,46191491417353,0.002658
1404-08,آبان 1404,سبدگردان آگاه,بازنشستگی,6690655905546,0.000385
1404-08,آبان 1404,سبدگردان آگاه,بخشی,22137691620931,0.001274
1404-08,آبان 1404,سبدگردان آگاه,درآمد ثابت,435701451378490,0.02507
1404-08,آبان 1404,سبدگردان آگاه,سهامی,44996157889594,0.002589
1404-08,آبان 1404,سبدگردان آگاه,مختلط,549100290973,3.2e-05
1404-08,آبان 1404,سبدگردان آگاه,کالایی,220798858793326,0.012705
1404-08,آبان 1404,سبدگردان توسعه فیروزه,اهرمی,126271637470208,0.007266
1404-08,آبان 1404,سبدگردان توسعه فیروزه,بخشی,20547130844540,0.001182
1404-08,آبان 1404,سبدگردان توسعه فیروزه,جسورانه,600669301071,3.5e-05
1404-08,آبان 1404,سبدگردان توسعه فیروزه,خصوصی,1308395110784,7.5e-05
1404-08,آبان 1404,سبدگردان توسعه فیروزه,درآمد ثابت,230972098225414,0.01329
1404-08,آبان 1404,سبدگردان توسعه فیروزه,سهامی,12273283915308,0.000706
1404-08,آبان 1404,سبدگردان توسعه فیروزه,شاخصی,7067200409936,0.000407
1404-08,آبان 1404,سبدگردان توسعه فیروزه,کالایی,57287723327426,0.003296
1404-08,آبان 1404,سبدگردان فارابی,اهرمی,50326494875279,0.002896
1404-08,آبان 1404,سبدگردان فارابی,بخشی,1896116286873,0.000109
1404-08,آبان 1404,سبدگردان فارابی,درآمد ثابت,239614204421873,0.013787
1404-08,آبان 1404,سبدگردان فارابی,سهامی,10107200353259,0.000582
1404-08,آبان 1404,سبدگردان فارابی,کالایی,22884628215395,0.001317
1404-08,آبان 1404,سبدگردان مفید,اهرمی,96425886806045,0.005548
1404-08,آبان 1404,سبدگردان مفید,بازنشستگی,23177876464965,0.001334
1404-08,آبان 1404,سبدگردان مفید,بخشی,58014107783609,0.003338
1404-08,آبان 1404,سبدگردان مفید,تضمین اصل سرمایه,10281649464547,0.000592
1404-08,آبان 1404,سبدگردان مفید,درآمد ثابت,1534992127970959,0.088323
1404-08,آبان 1404,سبدگردان مفید,سهامی,232466529779345,0.013376
1404-08,آبان 1404,سبدگردان مفید,شاخصی,8862306109795,0.00051
1404-08,آبان 1404,سبدگردان مفید,مختلط,2122559285127,0.000122
1404-08,آبان 1404,سبدگردان مفید,کالایی,1251711368561552,0.072023
1404-08,آبان 1404,مشاور سرمایه گذاری ترنج,اهرمی,37451753817286,0.002155
1404-08,آبان 1404,مشاور سرمایه گذاری ترنج,درآمد ثابت,296713549758651,0.017073
1404-08,آبان 1404,مشاور سرمایه گذاری ترنج,سهامی,27640679115979,0.00159
1404-08,آبان 1404,مشاور سرمایه گذاری ترنج,صندوق در صندوق,7768605541042,0.000447
1404-08,آبان 1404,مشاور سرمایه گذاری ترنج,مختلط,49124128195569,0.002827
1404-08,آبان 1404,مشاور سرمایه گذاری ترنج,کالایی,24468570543374,0.001408
1404-09,آذر 1404,تامین سرمایه,املاک و مستغلات,10262012283942,0.000538
1404-09,آذر 1404,تامین سرمایه,اهرمی,14668602641273,0.000769
1404-09,آذر 1404,تامین سرمایه,بازنشستگی,7148345204137,0.000375
1404-09,آذر 1404,تامین سرمایه,بخشی,556530396937471,0.029161
1404-09,آذر 1404,تامین سرمایه,تضمین اصل سرمایه,22732444594868,0.001191
1404-09,آذر 1404,تامین سرمایه,درآمد ثابت,4911891654033888,0.257377
1404-09,آذر 1404,تامین سرمایه,سهامی,142150179093837,0.007448
1404-09,آذر 1404,تامین سرمایه,شاخصی,9425456306237,0.000494
1404-09,آذر 1404,تامین سرمایه,مختلط,11369969074001,0.000596
1404-09,آذر 1404,تامین سرمایه,کالایی,1188606877672544,0.062281
1404-09,آذر 1404,سایر مدیران,املاک و مستغلات,21660826107818,0.001135
1404-09,آذر 1404,سایر مدیران,اهرمی,23668794390937,0.00124
1404-09,آذر 1404,سایر مدیران,بازنشستگی,20897052241546,0.001095
1404-09,آذر 1404,سایر مدیران,بخشی,107715994539185,0.005644
1404-09,آذر 1404,سایر مدیران,تضمین اصل سرمایه,1031501670468,5.4e-05
1404-09,آذر 1404,سایر مدیران,جسورانه,7233211701941,0.000379
1404-09,آذر 1404,سایر مدیران,خصوصی,19218924353432,0.001007
1404-09,آذر 1404,سایر مدیران,درآمد ثابت,3380921303802674,0.177156
1404-09,آذر 1404,سایر مدیران,سهامی,298782941863789,0.015656
1404-09,آذر 1404,سایر مدیران,شاخصی,17812256945306,0.000933
1404-09,آذر 1404,سایر مدیران,صندوق در صندوق,13542935377814,0.00071
1404-09,آذر 1404,سایر مدیران,مختلط,20420675830889,0.00107
1404-09,آذر 1404,سایر مدیران,پروژه‌ای,27244001022411,0.001428
1404-09,آذر 1404,سایر مدیران,کالایی,881626308977690,0.046196
1404-09,آذر 1404,سبد گردان اقتصاد بیدار,اهرمی,68189880999659,0.003573
1404-09,آذر 1404,سبد گردان اقتصاد بیدار,درآمد ثابت,270106577851339,0.014153
1404-09,آذر 1404,سبد گردان اقتصاد بیدار,سهامی,20471537591566,0.001073
1404-09,آذر 1404,سبد گردان اقتصاد بیدار,کالایی,33943011873439,0.001779
1404-09,آذر 1404,سبد گردان کاریزما,اهرمی,235790980667851,0.012355
1404-09,آذر 1404,سبد گردان کاریزما,بازنشستگی,7975644684917,0.000418
1404-09,آذر 1404,سبد گردان کاریزما,بخشی,9034582848624,0.000473
1404-09,آذر 1404,سبد گردان کاریزما,تضمین اصل سرمایه,6826941804355,0.000358
1404-09,آذر 1404,سبد گردان کاریزما,درآمد ثابت,410408216313202,0.021505
1404-09,آذر 1404,سبد گردان کاریزما,سهامی,11888282682434,0.000623
1404-09,آذر 1404,سبد گردان کاریزما,شاخصی,4382223848053,0.00023
1404-09,آذر 1404,سبد گردان کاریزما,صندوق در صندوق,2070569702420,0.000108
1404-09,آذر 1404,سبد گردان کاریزما,مختلط,3751608108146,0.000197
1404-09,آذر 1404,سبد گردان کاریزما,کالایی,387872214498813,0.020324
1404-09,آذر 1404,سبدگردان آگاه,املاک و مستغلات,5284810138380,0.000277
1404-09,آذر 1404,سبدگردان آگاه,اهرمی,51574553128150,0.002702
1404-09,آذر 1404,سبدگردان آگاه,بازنشستگی,7879681423300,0.000413
1404-09,آذر 1404,سبدگردان آگاه,بخشی,27409465084914,0.001436
1404-09,آذر 1404,سبدگردان آگاه,درآمد ثابت,481489353034776,0.025229
1404-09,آذر 1404,سبدگردان آگاه,سهامی,56049628854960,0.002937
1404-09,آذر 1404,سبدگردان آگاه,مختلط,586308880114,3.1e-05
1404-09,آذر 1404,سبدگردان آگاه,کالایی,261148235781071,0.013684
1404-09,آذر 1404,سبدگردان توسعه فیروزه,اهرمی,143902445325752,0.00754
1404-09,آذر 1404,سبدگردان توسعه فیروزه,بخشی,23202152725220,0.001216
1404-09,آذر 1404,سبدگردان توسعه فیروزه,جسورانه,608599159673,3.2e-05
1404-09,آذر 1404,سبدگردان توسعه فیروزه,خصوصی,1310041184760,6.9e-05
1404-09,آذر 1404,سبدگردان توسعه فیروزه,درآمد ثابت,225710143385766,0.011827
1404-09,آذر 1404,سبدگردان توسعه فیروزه,سهامی,14644289638507,0.000767
1404-09,آذر 1404,سبدگردان توسعه فیروزه,شاخصی,10431242572697,0.000547
1404-09,آذر 1404,سبدگردان توسعه فیروزه,کالایی,64695386307456,0.00339
1404-09,آذر 1404,سبدگردان فارابی,اهرمی,65930503692394,0.003455
1404-09,آذر 1404,سبدگردان فارابی,بخشی,4731057490741,0.000248
1404-09,آذر 1404,سبدگردان فارابی,درآمد ثابت,248509122067239,0.013022
1404-09,آذر 1404,سبدگردان فارابی,سهامی,11920214050092,0.000625
1404-09,آذر 1404,سبدگردان فارابی,کالایی,38110094981286,0.001997
1404-09,آذر 1404,سبدگردان مفید,اهرمی,111846452304410,0.005861
1404-09,آذر 1404,سبدگردان مفید,بازنشستگی,32968748251522,0.001728
1404-09,آذر 1404,سبدگردان مفید,بخشی,68620824687260,0.003596
1404-09,آذر 1404,سبدگردان مفید,تضمین اصل سرمایه,14451926011381,0.000757
1404-09,آذر 1404,سبدگردان مفید,درآمد ثابت,1583427692645661,0.08297
1404-09,آذر 1404,سبدگردان مفید,سهامی,281787692541953,0.014765
1404-09,آذر 1404,سبدگردان مفید,شاخصی,22445940994663,0.001176
1404-09,آذر 1404,سبدگردان مفید,مختلط,2427162777540,0.000127
1404-09,آذر 1404,سبدگردان مفید,کالایی,1535770741397994,0.080472
1404-09,آذر 1404,مشاور سرمایه گذاری ترنج,اهرمی,48528767594181,0.002543
1404-09,آذر 1404,مشاور سرمایه گذاری ترنج,درآمد ثابت,312878461614377,0.016394
1404-09,آذر 1404,مشاور سرمایه گذاری ترنج,سهامی,42479719821013,0.002226
1404-09,آذر 1404,مشاور سرمایه گذاری ترنج,صندوق در صندوق,15655188565378,0.00082
1404-09,آذر 1404,مشاور سرمایه گذاری ترنج,مختلط,49323442587856,0.002584
1404-09,آذر 1404,مشاور سرمایه گذاری ترنج,کالایی,27423389838678,0.001437
1404-10,دی 1404,تامین سرمایه,املاک و مستغلات,10465116755443,0.000504
1404-10,دی 1404,تامین سرمایه,اهرمی,18131005215722,0.000874
1404-10,دی 1404,تامین سرمایه,بازنشستگی,8359789340525,0.000403
1404-10,دی 1404,تامین سرمایه,بخشی,638638528355464,0.030782
1404-10,دی 1404,تامین سرمایه,تضمین اصل سرمایه,23856523344836,0.00115
1404-10,دی 1404,تامین سرمایه,درآمد ثابت,5146683366900102,0.248066
1404-10,دی 1404,تامین سرمایه,سهامی,156406125115048,0.007539
1404-10,دی 1404,تامین سرمایه,شاخصی,10775300970105,0.000519
1404-10,دی 1404,تامین سرمایه,مختلط,12581682635053,0.000606
1404-10,دی 1404,تامین سرمایه,کالایی,1320404763767064,0.063642
1404-10,دی 1404,سایر مدیران,املاک و مستغلات,21626862202895,0.001042
1404-10,دی 1404,سایر مدیران,اهرمی,28391356971852,0.001368
1404-10,دی 1404,سایر مدیران,بازنشستگی,23484461532958,0.001132
1404-10,دی 1404,سایر مدیران,بخشی,135912967495273,0.006551
1404-10,دی 1404,سایر مدیران,تضمین اصل سرمایه,1448890982281,7e-05
1404-10,دی 1404,سایر مدیران,جسورانه,8594305951817,0.000414
1404-10,دی 1404,سایر مدیران,خصوصی,19310021796293,0.000931
1404-10,دی 1404,سایر مدیران,درآمد ثابت,3700605039616142,0.178366
1404-10,دی 1404,سایر مدیران,سهامی,349999565625268,0.01687
1404-10,دی 1404,سایر مدیران,شاخصی,22288004899499,0.001074
1404-10,دی 1404,سایر مدیران,صندوق در صندوق,16930171730219,0.000816
1404-10,دی 1404,سایر مدیران,مختلط,26440566459523,0.001274
1404-10,دی 1404,سایر مدیران,پروژه‌ای,27243157128871,0.001313
1404-10,دی 1404,سایر مدیران,کالایی,972286181383527,0.046863
1404-10,دی 1404,سبد گردان اقتصاد بیدار,اهرمی,74953508879137,0.003613
1404-10,دی 1404,سبد گردان اقتصاد بیدار,درآمد ثابت,285234938133409,0.013748
1404-10,دی 1404,سبد گردان اقتصاد بیدار,سهامی,23320754197935,0.001124
1404-10,دی 1404,سبد گردان اقتصاد بیدار,کالایی,40934073764710,0.001973
1404-10,دی 1404,سبد گردان کاریزما,اهرمی,260642086321003,0.012563
1404-10,دی 1404,سبد گردان کاریزما,بازنشستگی,8576687508933,0.000413
1404-10,دی 1404,سبد گردان کاریزما,بخشی,11340779986789,0.000547
1404-10,دی 1404,سبد گردان کاریزما,تضمین اصل سرمایه,6979491621933,0.000336
1404-10,دی 1404,سبد گردان کاریزما,درآمد ثابت,444407816577840,0.02142
1404-10,دی 1404,سبد گردان کاریزما,سهامی,15612424788933,0.000753
1404-10,دی 1404,سبد گردان کاریزما,شاخصی,5711270038059,0.000275
1404-10,دی 1404,سبد گردان کاریزما,صندوق در صندوق,2393605036749,0.000115
1404-10,دی 1404,سبد گردان کاریزما,مختلط,11632081762517,0.000561
1404-10,دی 1404,سبد گردان کاریزما,کالایی,443445329830437,0.021374
1404-10,دی 1404,سبدگردان آگاه,املاک و مستغلات,5463187115968,0.000263
1404-10,دی 1404,سبدگردان آگاه,اهرمی,58171963871433,0.002804
1404-10,دی 1404,سبدگردان آگاه,بازنشستگی,8884985348913,0.000428
1404-10,دی 1404,سبدگردان آگاه,بخشی,33101843594801,0.001595
1404-10,دی 1404,سبدگردان آگاه,درآمد ثابت,507136704004404,0.024444
1404-10,دی 1404,سبدگردان آگاه,سهامی,66735789348939,0.003217
1404-10,دی 1404,سبدگردان آگاه,مختلط,634065742940,3.1e-05
1404-10,دی 1404,سبدگردان آگاه,کالایی,283641749345316,0.013671
1404-10,دی 1404,سبدگردان توسعه فیروزه,اهرمی,157301595533862,0.007582
1404-10,دی 1404,سبدگردان توسعه فیروزه,بخشی,22933617949891,0.001105
1404-10,دی 1404,سبدگردان توسعه فیروزه,جسورانه,611779532320,2.9e-05
1404-10,دی 1404,سبدگردان توسعه فیروزه,خصوصی,1311528984530,6.3e-05
1404-10,دی 1404,سبدگردان توسعه فیروزه,درآمد ثابت,229003508174782,0.011038
1404-10,دی 1404,سبدگردان توسعه فیروزه,سهامی,15973295155720,0.00077
1404-10,دی 1404,سبدگردان توسعه فیروزه,شاخصی,13500551262673,0.000651
1404-10,دی 1404,سبدگردان توسعه فیروزه,کالایی,81398538197019,0.003923
1404-10,دی 1404,سبدگردان فارابی,اهرمی,75853269732959,0.003656
1404-10,دی 1404,سبدگردان فارابی,بخشی,5866182333697,0.000283
1404-10,دی 1404,سبدگردان فارابی,درآمد ثابت,248902677546011,0.011997
1404-10,دی 1404,سبدگردان فارابی,سهامی,13941495694101,0.000672
1404-10,دی 1404,سبدگردان فارابی,کالایی,57971640694308,0.002794
1404-10,دی 1404,سبدگردان مفید,اهرمی,124620000855159,0.006007
1404-10,دی 1404,سبدگردان مفید,بازنشستگی,41312184741686,0.001991
1404-10,دی 1404,سبدگردان مفید,بخشی,76818015920361,0.003703
1404-10,دی 1404,سبدگردان مفید,تضمین اصل سرمایه,20505655772601,0.000988
1404-10,دی 1404,سبدگردان مفید,درآمد ثابت,1632550447448263,0.078688
1404-10,دی 1404,سبدگردان مفید,سهامی,337513394184683,0.016268
1404-10,دی 1404,سبدگردان مفید,شاخصی,25577152140506,0.001233
1404-10,دی 1404,سبدگردان مفید,مختلط,2552787781089,0.000123
1404-10,دی 1404,سبدگردان مفید,کالایی,1737035242795486,0.083724
1404-10,دی 1404,مشاور سرمایه گذاری ترنج,اهرمی,59248257585973,0.002856
1404-10,دی 1404,مشاور سرمایه گذاری ترنج,درآمد ثابت,317977563156732,0.015326
1404-10,دی 1404,مشاور سرمایه گذاری ترنج,سهامی,46785272170544,0.002255
1404-10,دی 1404,مشاور سرمایه گذاری ترنج,صندوق در صندوق,12883333715797,0.000621
1404-10,دی 1404,مشاور سرمایه گذاری ترنج,مختلط,59566063920916,0.002871
1404-10,دی 1404,مشاور سرمایه گذاری ترنج,کالایی,27889906008446,0.001344
1404-11,بهمن 1404,تامین سرمایه,املاک و مستغلات,10681333734031,0.000491
1404-11,بهمن 1404,تامین سرمایه,اهرمی,16039503287304,0.000737
1404-11,بهمن 1404,تامین سرمایه,بازنشستگی,8061514848691,0.00037
1404-11,بهمن 1404,تامین سرمایه,بخشی,523619215203363,0.024047
1404-11,بهمن 1404,تامین سرمایه,تضمین اصل سرمایه,22805542616744,0.001047
1404-11,بهمن 1404,تامین سرمایه,درآمد ثابت,5337675839106621,0.245127
1404-11,بهمن 1404,تامین سرمایه,سهامی,136283088903356,0.006259
1404-11,بهمن 1404,تامین سرمایه,شاخصی,8980769080115,0.000412
1404-11,بهمن 1404,تامین سرمایه,مختلط,11939777514876,0.000548
1404-11,بهمن 1404,تامین سرمایه,کالایی,1577437102168792,0.072442
1404-11,بهمن 1404,سایر مدیران,املاک و مستغلات,61917851171691,0.002844
1404-11,بهمن 1404,سایر مدیران,اهرمی,24435209322953,0.001122
1404-11,بهمن 1404,سایر مدیران,بازنشستگی,22310099712464,0.001025
1404-11,بهمن 1404,سایر مدیران,بخشی,108952661439149,0.005004
1404-11,بهمن 1404,سایر مدیران,تضمین اصل سرمایه,1417665041249,6.5e-05
1404-11,بهمن 1404,سایر مدیران,جسورانه,8723337407117,0.000401
1404-11,بهمن 1404,سایر مدیران,خصوصی,19302794353287,0.000886
1404-11,بهمن 1404,سایر مدیران,درآمد ثابت,3826273762472017,0.175718
1404-11,بهمن 1404,سایر مدیران,سهامی,299192249189231,0.01374
1404-11,بهمن 1404,سایر مدیران,شاخصی,16848011798957,0.000774
1404-11,بهمن 1404,سایر مدیران,صندوق در صندوق,16715080210777,0.000768
1404-11,بهمن 1404,سایر مدیران,مختلط,27650638113024,0.00127
1404-11,بهمن 1404,سایر مدیران,پروژه‌ای,27242118215197,0.001251
1404-11,بهمن 1404,سایر مدیران,کالایی,1192127430779157,0.054747
1404-11,بهمن 1404,سبد گردان اقتصاد بیدار,اهرمی,66631414626380,0.00306
1404-11,بهمن 1404,سبد گردان اقتصاد بیدار,درآمد ثابت,301074673323355,0.013827
1404-11,بهمن 1404,سبد گردان اقتصاد بیدار,سهامی,19210718220125,0.000882
1404-11,بهمن 1404,سبد گردان اقتصاد بیدار,کالایی,52463853212499,0.002409
1404-11,بهمن 1404,سبد گردان کاریزما,اهرمی,222199057144366,0.010204
1404-11,بهمن 1404,سبد گردان کاریزما,بازنشستگی,7987503281651,0.000367
1404-11,بهمن 1404,سبد گردان کاریزما,بخشی,8064244569156,0.00037
1404-11,بهمن 1404,سبد گردان کاریزما,تضمین اصل سرمایه,5941038208630,0.000273
1404-11,بهمن 1404,سبد گردان کاریزما,درآمد ثابت,453523824893388,0.020828
1404-11,بهمن 1404,سبد گردان کاریزما,سهامی,11555107325112,0.000531
1404-11,بهمن 1404,سبد گردان کاریزما,شاخصی,4536113050772,0.000208
1404-11,بهمن 1404,سبد گردان کاریزما,صندوق در صندوق,1479221589956,6.8e-05
1404-11,بهمن 1404,سبد گردان کاریزما,مختلط,13510378024952,0.00062
1404-11,بهمن 1404,سبد گردان کاریزما,کالایی,545601074962437,0.025056
1404-11,بهمن 1404,سبدگردان آگاه,املاک و مستغلات,5499477572151,0.000253
1404-11,بهمن 1404,سبدگردان آگاه,اهرمی,50143928468082,0.002303
1404-11,بهمن 1404,سبدگردان آگاه,بازنشستگی,8274439282466,0.00038
1404-11,بهمن 1404,سبدگردان آگاه,بخشی,27871657324822,0.00128
1404-11,بهمن 1404,سبدگردان آگاه,درآمد ثابت,493210978329511,0.02265
1404-11,بهمن 1404,سبدگردان آگاه,سهامی,54576143979901,0.002506
1404-11,بهمن 1404,سبدگردان آگاه,مختلط,618934360865,2.8e-05
1404-11,بهمن 1404,سبدگردان آگاه,کالایی,356101161760008,0.016354
1404-11,بهمن 1404,سبدگردان توسعه فیروزه,اهرمی,130117137073874,0.005975
1404-11,بهمن 1404,سبدگردان توسعه فیروزه,بخشی,18761946166421,0.000862
1404-11,بهمن 1404,سبدگردان توسعه فیروزه,جسورانه,610647036034,2.8e-05
1404-11,بهمن 1404,سبدگردان توسعه فیروزه,خصوصی,1312924965937,6e-05
1404-11,بهمن 1404,سبدگردان توسعه فیروزه,درآمد ثابت,233504459433926,0.010723
1404-11,بهمن 1404,سبدگردان توسعه فیروزه,سهامی,16689961230402,0.000766
1404-11,بهمن 1404,سبدگردان توسعه فیروزه,شاخصی,10417409969022,0.000478
1404-11,بهمن 1404,سبدگردان توسعه فیروزه,کالایی,98519064158591,0.004524
1404-11,بهمن 1404,سبدگردان فارابی,اهرمی,64771897705831,0.002975
1404-11,بهمن 1404,سبدگردان فارابی,بخشی,4903226138882,0.000225
1404-11,بهمن 1404,سبدگردان فارابی,درآمد ثابت,261948164742521,0.01203
1404-11,بهمن 1404,سبدگردان فارابی,سهامی,11403605357031,0.000524
1404-11,بهمن 1404,سبدگردان فارابی,کالایی,69071024406892,0.003172
1404-11,بهمن 1404,سبدگردان مفید,اهرمی,101790821294049,0.004675
1404-11,بهمن 1404,سبدگردان مفید,بازنشستگی,38625558387244,0.001774
1404-11,بهمن 1404,سبدگردان مفید,بخشی,64425895735770,0.002959
1404-11,بهمن 1404,سبدگردان مفید,تضمین اصل سرمایه,14300246031472,0.000657
1404-11,بهمن 1404,سبدگردان مفید,درآمد ثابت,1636310459339284,0.075146
1404-11,بهمن 1404,سبدگردان مفید,سهامی,283887788594001,0.013037
1404-11,بهمن 1404,سبدگردان مفید,شاخصی,20848673110689,0.000957
1404-11,بهمن 1404,سبدگردان مفید,مختلط,2350337414761,0.000108
1404-11,بهمن 1404,سبدگردان مفید,کالایی,2155223776323755,0.098976
1404-11,بهمن 1404,مشاور سرمایه گذاری ترنج,اهرمی,51756447255583,0.002377
1404-11,بهمن 1404,مشاور سرمایه گذاری ترنج,درآمد ثابت,325003642686180,0.014925
1404-11,بهمن 1404,مشاور سرمایه گذاری ترنج,سهامی,38268198231384,0.001757
1404-11,بهمن 1404,مشاور سرمایه گذاری ترنج,صندوق در صندوق,13410232673121,0.000616
1404-11,بهمن 1404,مشاور سرمایه گذاری ترنج,مختلط,60191109405513,0.002764
1404-11,بهمن 1404,مشاور سرمایه گذاری ترنج,کالایی,29984299663521,0.001377
1404-12,اسفند 1404,تامین سرمایه,املاک و مستغلات,10871215257769,0.000498
1404-12,اسفند 1404,تامین سرمایه,اهرمی,15790341525407,0.000724
1404-12,اسفند 1404,تامین سرمایه,بازنشستگی,7877729234641,0.000361
1404-12,اسفند 1404,تامین سرمایه,بخشی,505511672759817,0.023165
1404-12,اسفند 1404,تامین سرمایه,تضمین اصل سرمایه,22909828389937,0.00105
1404-12,اسفند 1404,تامین سرمایه,درآمد ثابت,5435177839078405,0.249062
1404-12,اسفند 1404,تامین سرمایه,سهامی,133326971614850,0.00611
1404-12,اسفند 1404,تامین سرمایه,شاخصی,8767033475546,0.000402
1404-12,اسفند 1404,تامین سرمایه,مختلط,11967171800263,0.000548
1404-12,اسفند 1404,تامین سرمایه,کالایی,1550372685909549,0.071044
1404-12,اسفند 1404,سایر مدیران,املاک و مستغلات,62204134991970,0.00285
1404-12,اسفند 1404,سایر مدیران,اهرمی,24124467546951,0.001105
1404-12,اسفند 1404,سایر مدیران,بازنشستگی,21859588130147,0.001002
1404-12,اسفند 1404,سایر مدیران,بخشی,114392521794514,0.005242
1404-12,اسفند 1404,سایر مدیران,تضمین اصل سرمایه,1332041340713,6.1e-05
1404-12,اسفند 1404,سایر مدیران,جسورانه,8247167732726,0.000378
1404-12,اسفند 1404,سایر مدیران,خصوصی,19388279324660,0.000888
1404-12,اسفند 1404,سایر مدیران,درآمد ثابت,3852575522526093,0.176541
1404-12,اسفند 1404,سایر مدیران,سهامی,290351955052684,0.013305
1404-12,اسفند 1404,سایر مدیران,شاخصی,15399556257834,0.000706
1404-12,اسفند 1404,سایر مدیران,صندوق در صندوق,17496901871054,0.000802
1404-12,اسفند 1404,سایر مدیران,مختلط,29876180440242,0.001369
1404-12,اسفند 1404,سایر مدیران,پروژه‌ای,28410925393084,0.001302
1404-12,اسفند 1404,سایر مدیران,کالایی,1174248029552879,0.053809
1404-12,اسفند 1404,سبد گردان اقتصاد بیدار,اهرمی,63365259608781,0.002904
1404-12,اسفند 1404,سبد گردان اقتصاد بیدار,درآمد ثابت,276676642174808,0.012678
1404-12,اسفند 1404,سبد گردان اقتصاد بیدار,سهامی,19246829066859,0.000882
1404-12,اسفند 1404,سبد گردان اقتصاد بیدار,کالایی,49723474349945,0.002279
1404-12,اسفند 1404,سبد گردان کاریزما,اهرمی,209555162429576,0.009603
1404-12,اسفند 1404,سبد گردان کاریزما,بازنشستگی,7621819350894,0.000349
1404-12,اسفند 1404,سبد گردان کاریزما,بخشی,7880027602619,0.000361
1404-12,اسفند 1404,سبد گردان کاریزما,تضمین اصل سرمایه,5892160983368,0.00027
1404-12,اسفند 1404,سبد گردان کاریزما,درآمد ثابت,433840359976040,0.01988
1404-12,اسفند 1404,سبد گردان کاریزما,سهامی,11162576828161,0.000512
1404-12,اسفند 1404,سبد گردان کاریزما,شاخصی,4222718985534,0.000194
1404-12,اسفند 1404,سبد گردان کاریزما,صندوق در صندوق,1284820722346,5.9e-05
1404-12,اسفند 1404,سبد گردان کاریزما,مختلط,13745722016387,0.00063
1404-12,اسفند 1404,سبد گردان کاریزما,کالایی,545887433662384,0.025015
1404-12,اسفند 1404,سبدگردان آگاه,املاک و مستغلات,5547854569687,0.000254
1404-12,اسفند 1404,سبدگردان آگاه,اهرمی,48930062345525,0.002242
1404-12,اسفند 1404,سبدگردان آگاه,بازنشستگی,8158704639608,0.000374
1404-12,اسفند 1404,سبدگردان آگاه,بخشی,27151478321762,0.001244
1404-12,اسفند 1404,سبدگردان آگاه,درآمد ثابت,468972938365876,0.02149
1404-12,اسفند 1404,سبدگردان آگاه,سهامی,52742214316641,0.002417
1404-12,اسفند 1404,سبدگردان آگاه,مختلط,569760645126,2.6e-05
1404-12,اسفند 1404,سبدگردان آگاه,کالایی,348102065643348,0.015951
1404-12,اسفند 1404,سبدگردان توسعه فیروزه,اهرمی,130048198033807,0.005959
1404-12,اسفند 1404,سبدگردان توسعه فیروزه,بخشی,18034882308532,0.000826
1404-12,اسفند 1404,سبدگردان توسعه فیروزه,جسورانه,611991234642,2.8e-05
1404-12,اسفند 1404,سبدگردان توسعه فیروزه,خصوصی,1315794928398,6e-05
1404-12,اسفند 1404,سبدگردان توسعه فیروزه,درآمد ثابت,272989081849443,0.012509
1404-12,اسفند 1404,سبدگردان توسعه فیروزه,سهامی,14361200965255,0.000658
1404-12,اسفند 1404,سبدگردان توسعه فیروزه,شاخصی,9395617079523,0.000431
1404-12,اسفند 1404,سبدگردان توسعه فیروزه,کالایی,97419320036475,0.004464
1404-12,اسفند 1404,سبدگردان فارابی,اهرمی,64643987664210,0.002962
1404-12,اسفند 1404,سبدگردان فارابی,بخشی,4852181258512,0.000222
1404-12,اسفند 1404,سبدگردان فارابی,درآمد ثابت,259174605963091,0.011876
1404-12,اسفند 1404,سبدگردان فارابی,سهامی,10947519647639,0.000502
1404-12,اسفند 1404,سبدگردان فارابی,کالایی,77001633481995,0.003529
1404-12,اسفند 1404,سبدگردان مفید,اهرمی,99703236925031,0.004569
1404-12,اسفند 1404,سبدگردان مفید,بازنشستگی,37326018245361,0.00171
1404-12,اسفند 1404,سبدگردان مفید,بخشی,63193528116632,0.002896
1404-12,اسفند 1404,سبدگردان مفید,تضمین اصل سرمایه,12782016422393,0.000586
1404-12,اسفند 1404,سبدگردان مفید,درآمد ثابت,1703161326276570,0.078046
1404-12,اسفند 1404,سبدگردان مفید,سهامی,272976576350976,0.012509
1404-12,اسفند 1404,سبدگردان مفید,شاخصی,20321524351740,0.000931
1404-12,اسفند 1404,سبدگردان مفید,مختلط,2278413533533,0.000104
1404-12,اسفند 1404,سبدگردان مفید,کالایی,2141083377802569,0.098113
1404-12,اسفند 1404,مشاور سرمایه گذاری ترنج,اهرمی,49690128822677,0.002277
1404-12,اسفند 1404,مشاور سرمایه گذاری ترنج,درآمد ثابت,342768698695462,0.015707
1404-12,اسفند 1404,مشاور سرمایه گذاری ترنج,سهامی,37125938841122,0.001701
1404-12,اسفند 1404,مشاور سرمایه گذاری ترنج,صندوق در صندوق,12876475135023,0.00059
1404-12,اسفند 1404,مشاور سرمایه گذاری ترنج,مختلط,62421486866097,0.00286
1404-12,اسفند 1404,مشاور سرمایه گذاری ترنج,کالایی,31347458931789,0.001436
1405-01,فروردین 1405,تامین سرمایه,املاک و مستغلات,11099435244283,0.000489
1405-01,فروردین 1405,تامین سرمایه,اهرمی,15718685190490,0.000693
1405-01,فروردین 1405,تامین سرمایه,بازنشستگی,7779532301814,0.000343
1405-01,فروردین 1405,تامین سرمایه,بخشی,503906040586581,0.022203
1405-01,فروردین 1405,تامین سرمایه,تضمین اصل سرمایه,23148599911990,0.00102
1405-01,فروردین 1405,تامین سرمایه,درآمد ثابت,5866488013303843,0.258488
1405-01,فروردین 1405,تامین سرمایه,سهامی,129703316141537,0.005715
1405-01,فروردین 1405,تامین سرمایه,شاخصی,8747836847373,0.000385
1405-01,فروردین 1405,تامین سرمایه,مختلط,11935881580812,0.000526
1405-01,فروردین 1405,تامین سرمایه,کالایی,1423049205359904,0.062702
1405-01,فروردین 1405,سایر مدیران,املاک و مستغلات,62499132307384,0.002754
1405-01,فروردین 1405,سایر مدیران,اهرمی,21119814487644,0.000931
1405-01,فروردین 1405,سایر مدیران,بازنشستگی,19949410378990,0.000879
1405-01,فروردین 1405,سایر مدیران,بخشی,108089246279056,0.004763
1405-01,فروردین 1405,سایر مدیران,تضمین اصل سرمایه,1336905459574,5.9e-05
1405-01,فروردین 1405,سایر مدیران,جسورانه,8386098080486,0.00037
1405-01,فروردین 1405,سایر مدیران,خصوصی,19547032047140,0.000861
1405-01,فروردین 1405,سایر مدیران,درآمد ثابت,4353041083031635,0.191803
1405-01,فروردین 1405,سایر مدیران,سهامی,284125640990169,0.012519
1405-01,فروردین 1405,سایر مدیران,شاخصی,14118369963122,0.000622
1405-01,فروردین 1405,سایر مدیران,صندوق در صندوق,17473446138786,0.00077
1405-01,فروردین 1405,سایر مدیران,مختلط,30251171755995,0.001333
1405-01,فروردین 1405,سایر مدیران,پروژه‌ای,28410123804534,0.001252
1405-01,فروردین 1405,سایر مدیران,کالایی,1063740556544480,0.04687
1405-01,فروردین 1405,سبد گردان اقتصاد بیدار,اهرمی,62920740611886,0.002772
1405-01,فروردین 1405,سبد گردان اقتصاد بیدار,درآمد ثابت,326805731981932,0.0144
1405-01,فروردین 1405,سبد گردان اقتصاد بیدار,سهامی,18603368957620,0.00082
1405-01,فروردین 1405,سبد گردان اقتصاد بیدار,کالایی,52964937500304,0.002334
1405-01,فروردین 1405,سبد گردان کاریزما,املاک و مستغلات,7246560187002,0.000319
1405-01,فروردین 1405,سبد گردان کاریزما,اهرمی,173215657125637,0.007632
1405-01,فروردین 1405,سبد گردان کاریزما,بازنشستگی,7512139706565,0.000331
1405-01,فروردین 1405,سبد گردان کاریزما,بخشی,6402803271410,0.000282
1405-01,فروردین 1405,سبد گردان کاریزما,تضمین اصل سرمایه,5950200903417,0.000262
1405-01,فروردین 1405,سبد گردان کاریزما,درآمد ثابت,540753055220668,0.023827
1405-01,فروردین 1405,سبد گردان کاریزما,سهامی,11124707020198,0.00049
1405-01,فروردین 1405,سبد گردان کاریزما,شاخصی,4213782574124,0.000186
1405-01,فروردین 1405,سبد گردان کاریزما,صندوق در صندوق,1280407836678,5.6e-05
1405-01,فروردین 1405,سبد گردان کاریزما,مختلط,13811470051393,0.000609
1405-01,فروردین 1405,سبد گردان کاریزما,کالایی,495994166047823,0.021854
1405-01,فروردین 1405,سبدگردان آگاه,املاک و مستغلات,5584663003236,0.000246
1405-01,فروردین 1405,سبدگردان آگاه,اهرمی,48493221013703,0.002137
1405-01,فروردین 1405,سبدگردان آگاه,بازنشستگی,8077400847085,0.000356
1405-01,فروردین 1405,سبدگردان آگاه,بخشی,27082649148229,0.001193
1405-01,فروردین 1405,سبدگردان آگاه,درآمد ثابت,582848732996183,0.025681
1405-01,فروردین 1405,سبدگردان آگاه,سهامی,52425441873012,0.00231
1405-01,فروردین 1405,سبدگردان آگاه,مختلط,553938535983,2.4e-05
1405-01,فروردین 1405,سبدگردان آگاه,کالایی,312921934779720,0.013788
1405-01,فروردین 1405,سبدگردان توسعه فیروزه,اهرمی,129911362534167,0.005724
1405-01,فروردین 1405,سبدگردان توسعه فیروزه,بخشی,18003194361146,0.000793
1405-01,فروردین 1405,سبدگردان توسعه فیروزه,جسورانه,611763563875,2.7e-05
1405-01,فروردین 1405,سبدگردان توسعه فیروزه,خصوصی,1315781770247,5.8e-05
1405-01,فروردین 1405,سبدگردان توسعه فیروزه,درآمد ثابت,299216347351931,0.013184
1405-01,فروردین 1405,سبدگردان توسعه فیروزه,سهامی,14334440991367,0.000632
1405-01,فروردین 1405,سبدگردان توسعه فیروزه,شاخصی,9382467391793,0.000413
1405-01,فروردین 1405,سبدگردان توسعه فیروزه,کالایی,90770089076611,0.003999
1405-01,فروردین 1405,سبدگردان فارابی,اهرمی,64563095319186,0.002845
1405-01,فروردین 1405,سبدگردان فارابی,بخشی,4820190674382,0.000212
1405-01,فروردین 1405,سبدگردان فارابی,درآمد ثابت,272849875040376,0.012022
1405-01,فروردین 1405,سبدگردان فارابی,سهامی,10841772445601,0.000478
1405-01,فروردین 1405,سبدگردان فارابی,کالایی,78971963429428,0.00348
1405-01,فروردین 1405,سبدگردان مفید,اهرمی,100132999017582,0.004412
1405-01,فروردین 1405,سبدگردان مفید,بازنشستگی,36975302266128,0.001629
1405-01,فروردین 1405,سبدگردان مفید,بخشی,63127387772526,0.002782
1405-01,فروردین 1405,سبدگردان مفید,تضمین اصل سرمایه,12820096651131,0.000565
1405-01,فروردین 1405,سبدگردان مفید,درآمد ثابت,1833565740796814,0.08079
1405-01,فروردین 1405,سبدگردان مفید,سهامی,271910857633436,0.011981
1405-01,فروردین 1405,سبدگردان مفید,شاخصی,20290464210704,0.000894
1405-01,فروردین 1405,سبدگردان مفید,مختلط,2323275375328,0.000102
1405-01,فروردین 1405,سبدگردان مفید,کالایی,1961930670187740,0.086446
1405-01,فروردین 1405,مشاور سرمایه گذاری ترنج,اهرمی,49549393449132,0.002183
1405-01,فروردین 1405,مشاور سرمایه گذاری ترنج,درآمد ثابت,393575321912609,0.017342
1405-01,فروردین 1405,مشاور سرمایه گذاری ترنج,سهامی,36912857586799,0.001626
1405-01,فروردین 1405,مشاور سرمایه گذاری ترنج,صندوق در صندوق,12863654002159,0.000567
1405-01,فروردین 1405,مشاور سرمایه گذاری ترنج,مختلط,63259448244204,0.002787
1405-01,فروردین 1405,مشاور سرمایه گذاری ترنج,کالایی,40082527396834,0.001766
1405-02,اردیبهشت 1405,تامین سرمایه,املاک و مستغلات,11318110559111,0.000457
1405-02,اردیبهشت 1405,تامین سرمایه,اهرمی,15377768787895,0.000621
1405-02,اردیبهشت 1405,تامین سرمایه,بازنشستگی,9065189221896,0.000366
1405-02,اردیبهشت 1405,تامین سرمایه,بخشی,487674424813507,0.019703
1405-02,اردیبهشت 1405,تامین سرمایه,تضمین اصل سرمایه,22885138914301,0.000925
1405-02,اردیبهشت 1405,تامین سرمایه,درآمد ثابت,6145979229486541,0.248308
1405-02,اردیبهشت 1405,تامین سرمایه,سهامی,123189414653173,0.004977
1405-02,اردیبهشت 1405,تامین سرمایه,شاخصی,7795757149748,0.000315
1405-02,اردیبهشت 1405,تامین سرمایه,مختلط,11772929037365,0.000476
1405-02,اردیبهشت 1405,تامین سرمایه,کالایی,1780043555262244,0.071917
1405-02,اردیبهشت 1405,سایر مدیران,املاک و مستغلات,62834587342492,0.002539
1405-02,اردیبهشت 1405,سایر مدیران,اهرمی,22644205574021,0.000915
1405-02,اردیبهشت 1405,سایر مدیران,بازنشستگی,21958359097209,0.000887
1405-02,اردیبهشت 1405,سایر مدیران,بخشی,108087788978843,0.004367
1405-02,اردیبهشت 1405,سایر مدیران,تضمین اصل سرمایه,1366924527362,5.5e-05
1405-02,اردیبهشت 1405,سایر مدیران,جسورانه,11082448003543,0.000448
1405-02,اردیبهشت 1405,سایر مدیران,خصوصی,19633975529839,0.000793
1405-02,اردیبهشت 1405,سایر مدیران,درآمد ثابت,4527223618352700,0.182908
1405-02,اردیبهشت 1405,سایر مدیران,سهامی,274659086605059,0.011097
1405-02,اردیبهشت 1405,سایر مدیران,شاخصی,15916873540238,0.000643
1405-02,اردیبهشت 1405,سایر مدیران,صندوق در صندوق,18260435275775,0.000738
1405-02,اردیبهشت 1405,سایر مدیران,مختلط,29566674371947,0.001195
1405-02,اردیبهشت 1405,سایر مدیران,پروژه‌ای,28409323981233,0.001148
1405-02,اردیبهشت 1405,سایر مدیران,کالایی,1462258277488407,0.059078
1405-02,اردیبهشت 1405,سبد گردان اقتصاد بیدار,اهرمی,60721610566993,0.002453
1405-02,اردیبهشت 1405,سبد گردان اقتصاد بیدار,درآمد ثابت,419469021976860,0.016947
1405-02,اردیبهشت 1405,سبد گردان اقتصاد بیدار,سهامی,17367714733093,0.000702
1405-02,اردیبهشت 1405,سبد گردان اقتصاد بیدار,کالایی,71054671049888,0.002871
1405-02,اردیبهشت 1405,سبد گردان کاریزما,املاک و مستغلات,7424944188017,0.0003
1405-02,اردیبهشت 1405,سبد گردان کاریزما,اهرمی,190624393688144,0.007702
1405-02,اردیبهشت 1405,سبد گردان کاریزما,بازنشستگی,7614943165250,0.000308
1405-02,اردیبهشت 1405,سبد گردان کاریزما,بخشی,8423912216577,0.00034
1405-02,اردیبهشت 1405,سبد گردان کاریزما,تضمین اصل سرمایه,5911710164154,0.000239
1405-02,اردیبهشت 1405,سبد گردان کاریزما,درآمد ثابت,541393143067298,0.021873
1405-02,اردیبهشت 1405,سبد گردان کاریزما,سهامی,10333731805036,0.000418
1405-02,اردیبهشت 1405,سبد گردان کاریزما,شاخصی,4220882749836,0.000171
1405-02,اردیبهشت 1405,سبد گردان کاریزما,صندوق در صندوق,1232377368629,5e-05
1405-02,اردیبهشت 1405,سبد گردان کاریزما,مختلط,14113070303528,0.00057
1405-02,اردیبهشت 1405,سبد گردان کاریزما,کالایی,622136260247297,0.025135
1405-02,اردیبهشت 1405,سبدگردان آگاه,املاک و مستغلات,5651300223027,0.000228
1405-02,اردیبهشت 1405,سبدگردان آگاه,اهرمی,45431679517062,0.001836
1405-02,اردیبهشت 1405,سبدگردان آگاه,بازنشستگی,7995561388974,0.000323
1405-02,اردیبهشت 1405,سبدگردان آگاه,بخشی,24898475268931,0.001006
1405-02,اردیبهشت 1405,سبدگردان آگاه,درآمد ثابت,573173975713883,0.023157
1405-02,اردیبهشت 1405,سبدگردان آگاه,سهامی,50788291719912,0.002052
1405-02,اردیبهشت 1405,سبدگردان آگاه,مختلط,608070734486,2.5e-05
1405-02,اردیبهشت 1405,سبدگردان آگاه,کالایی,388422452117458,0.015693
1405-02,اردیبهشت 1405,سبدگردان توسعه فیروزه,اهرمی,116850059049816,0.004721
1405-02,اردیبهشت 1405,سبدگردان توسعه فیروزه,بخشی,20663910623458,0.000835
1405-02,اردیبهشت 1405,سبدگردان توسعه فیروزه,جسورانه,611398187241,2.5e-05
1405-02,اردیبهشت 1405,سبدگردان توسعه فیروزه,خصوصی,1345226625715,5.4e-05
1405-02,اردیبهشت 1405,سبدگردان توسعه فیروزه,درآمد ثابت,298006546464490,0.01204
1405-02,اردیبهشت 1405,سبدگردان توسعه فیروزه,سهامی,14153913258827,0.000572
1405-02,اردیبهشت 1405,سبدگردان توسعه فیروزه,شاخصی,8326627156201,0.000336
1405-02,اردیبهشت 1405,سبدگردان توسعه فیروزه,کالایی,162124296744080,0.00655
1405-02,اردیبهشت 1405,سبدگردان فارابی,اهرمی,61381723222425,0.00248
1405-02,اردیبهشت 1405,سبدگردان فارابی,بخشی,4512740040054,0.000182
1405-02,اردیبهشت 1405,سبدگردان فارابی,درآمد ثابت,275506323793255,0.011131
1405-02,اردیبهشت 1405,سبدگردان فارابی,سهامی,10537923638841,0.000426
1405-02,اردیبهشت 1405,سبدگردان فارابی,کالایی,105536544075813,0.004264
1405-02,اردیبهشت 1405,سبدگردان مفید,اهرمی,88698039739942,0.003584
1405-02,اردیبهشت 1405,سبدگردان مفید,بازنشستگی,35778792338178,0.001446
1405-02,اردیبهشت 1405,سبدگردان مفید,بخشی,61882276279956,0.0025
1405-02,اردیبهشت 1405,سبدگردان مفید,تضمین اصل سرمایه,12405534284965,0.000501
1405-02,اردیبهشت 1405,سبدگردان مفید,درآمد ثابت,1861880410045042,0.075223
1405-02,اردیبهشت 1405,سبدگردان مفید,سهامی,251632893273313,0.010166
1405-02,اردیبهشت 1405,سبدگردان مفید,شاخصی,19177456982475,0.000775
1405-02,اردیبهشت 1405,سبدگردان مفید,مختلط,2344961231740,9.5e-05
1405-02,اردیبهشت 1405,سبدگردان مفید,کالایی,2415854860308826,0.097605
1405-02,اردیبهشت 1405,مشاور سرمایه گذاری ترنج,اهرمی,54035597993015,0.002183
1405-02,اردیبهشت 1405,مشاور سرمایه گذاری ترنج,درآمد ثابت,380999966291066,0.015393
1405-02,اردیبهشت 1405,مشاور سرمایه گذاری ترنج,سهامی,35546271886052,0.001436
1405-02,اردیبهشت 1405,مشاور سرمایه گذاری ترنج,صندوق در صندوق,13501553788941,0.000545
1405-02,اردیبهشت 1405,مشاور سرمایه گذاری ترنج,مختلط,63832702286475,0.002579
1405-02,اردیبهشت 1405,مشاور سرمایه گذاری ترنج,کالایی,76244941016560,0.00308
1405-03,خرداد 1405,تامین سرمایه,املاک و مستغلات,10902030727008,0.000416
1405-03,خرداد 1405,تامین سرمایه,اهرمی,16345493012987,0.000623
1405-03,خرداد 1405,تامین سرمایه,بازنشستگی,11855696095384,0.000452
1405-03,خرداد 1405,تامین سرمایه,بخشی,792050306290574,0.030203
1405-03,خرداد 1405,تامین سرمایه,تضمین اصل سرمایه,26642871783797,0.001016
1405-03,خرداد 1405,تامین سرمایه,درآمد ثابت,6586886822740081,0.251179
1405-03,خرداد 1405,تامین سرمایه,سهامی,180471169661039,0.006882
1405-03,خرداد 1405,تامین سرمایه,شاخصی,11358439334331,0.000433
1405-03,خرداد 1405,تامین سرمایه,مختلط,15370979388158,0.000586
1405-03,خرداد 1405,تامین سرمایه,کالایی,1482075499348466,0.056516
1405-03,خرداد 1405,سایر مدیران,املاک و مستغلات,102015317194068,0.00389
1405-03,خرداد 1405,سایر مدیران,اهرمی,33097901955965,0.001262
1405-03,خرداد 1405,سایر مدیران,بازنشستگی,27527661782881,0.00105
1405-03,خرداد 1405,سایر مدیران,بخشی,173441701527791,0.006614
1405-03,خرداد 1405,سایر مدیران,تضمین اصل سرمایه,1417443745058,5.4e-05
1405-03,خرداد 1405,سایر مدیران,جسورانه,11116992633936,0.000424
1405-03,خرداد 1405,سایر مدیران,خصوصی,20215213289556,0.000771
1405-03,خرداد 1405,سایر مدیران,درآمد ثابت,5004415387210187,0.190834
1405-03,خرداد 1405,سایر مدیران,سهامی,433961992911544,0.016548
1405-03,خرداد 1405,سایر مدیران,شاخصی,29922619138019,0.001141
1405-03,خرداد 1405,سایر مدیران,صندوق در صندوق,18140912813182,0.000692
1405-03,خرداد 1405,سایر مدیران,مختلط,19831658012935,0.000756
1405-03,خرداد 1405,سایر مدیران,پروژه‌ای,28408525589117,0.001083
1405-03,خرداد 1405,سایر مدیران,کالایی,1227615799305855,0.046813
1405-03,خرداد 1405,سبد گردان اقتصاد بیدار,اهرمی,92138153977596,0.003514
1405-03,خرداد 1405,سبد گردان اقتصاد بیدار,درآمد ثابت,475457648096183,0.018131
1405-03,خرداد 1405,سبد گردان اقتصاد بیدار,سهامی,24789439425827,0.000945
1405-03,خرداد 1405,سبد گردان اقتصاد بیدار,کالایی,65364615949902,0.002493
1405-03,خرداد 1405,سبد گردان کاریزما,املاک و مستغلات,7523404463617,0.000287
1405-03,خرداد 1405,سبد گردان کاریزما,اهرمی,267701830941823,0.010208
1405-03,خرداد 1405,سبد گردان کاریزما,بازنشستگی,8878068304886,0.000339
1405-03,خرداد 1405,سبد گردان کاریزما,بخشی,18814074577445,0.000717
1405-03,خرداد 1405,سبد گردان کاریزما,تضمین اصل سرمایه,7090117303863,0.00027
1405-03,خرداد 1405,سبد گردان کاریزما,درآمد ثابت,597831928914476,0.022797
1405-03,خرداد 1405,سبد گردان کاریزما,سهامی,16965213611448,0.000647
1405-03,خرداد 1405,سبد گردان کاریزما,شاخصی,9397772031274,0.000358
1405-03,خرداد 1405,سبد گردان کاریزما,صندوق در صندوق,4200555939836,0.00016
1405-03,خرداد 1405,سبد گردان کاریزما,مختلط,17161098261124,0.000654
1405-03,خرداد 1405,سبد گردان کاریزما,کالایی,493516440969858,0.018819
1405-03,خرداد 1405,سبدگردان آگاه,املاک و مستغلات,5909895756344,0.000225
1405-03,خرداد 1405,سبدگردان آگاه,اهرمی,66933609285302,0.002552
1405-03,خرداد 1405,سبدگردان آگاه,بازنشستگی,11067513687339,0.000422
1405-03,خرداد 1405,سبدگردان آگاه,بخشی,42833419444950,0.001633
1405-03,خرداد 1405,سبدگردان آگاه,درآمد ثابت,620348349505409,0.023656
1405-03,خرداد 1405,سبدگردان آگاه,سهامی,92486050330195,0.003527
1405-03,خرداد 1405,سبدگردان آگاه,مختلط,754131920232,2.9e-05
1405-03,خرداد 1405,سبدگردان آگاه,کالایی,322736662399205,0.012307
1405-03,خرداد 1405,سبدگردان توسعه فیروزه,اهرمی,176198266705152,0.006719
1405-03,خرداد 1405,سبدگردان توسعه فیروزه,بخشی,33248338385034,0.001268
1405-03,خرداد 1405,سبدگردان توسعه فیروزه,جسورانه,611384950041,2.3e-05
1405-03,خرداد 1405,سبدگردان توسعه فیروزه,خصوصی,1343754895155,5.1e-05
1405-03,خرداد 1405,سبدگردان توسعه فیروزه,درآمد ثابت,350978180040774,0.013384
1405-03,خرداد 1405,سبدگردان توسعه فیروزه,سهامی,18406855298345,0.000702
1405-03,خرداد 1405,سبدگردان توسعه فیروزه,شاخصی,17882662787644,0.000682
1405-03,خرداد 1405,سبدگردان توسعه فیروزه,کالایی,144525598535480,0.005511
1405-03,خرداد 1405,سبدگردان فارابی,اهرمی,85656401476324,0.003266
1405-03,خرداد 1405,سبدگردان فارابی,بخشی,6058096922645,0.000231
1405-03,خرداد 1405,سبدگردان فارابی,درآمد ثابت,310551498236015,0.011842
1405-03,خرداد 1405,سبدگردان فارابی,سهامی,21852434083905,0.000833
1405-03,خرداد 1405,سبدگردان فارابی,کالایی,93709591338293,0.003573
1405-03,خرداد 1405,سبدگردان مفید,اهرمی,129346306817747,0.004932
1405-03,خرداد 1405,سبدگردان مفید,بازنشستگی,47636303062145,0.001817
1405-03,خرداد 1405,سبدگردان مفید,بخشی,103952012539994,0.003964
1405-03,خرداد 1405,سبدگردان مفید,تضمین اصل سرمایه,25372613029205,0.000968
1405-03,خرداد 1405,سبدگردان مفید,درآمد ثابت,1960935465745274,0.074777
1405-03,خرداد 1405,سبدگردان مفید,سهامی,431281987443052,0.016446
1405-03,خرداد 1405,سبدگردان مفید,شاخصی,32328060545636,0.001233
1405-03,خرداد 1405,سبدگردان مفید,مختلط,3540638190580,0.000135
1405-03,خرداد 1405,سبدگردان مفید,کالایی,2009542206968393,0.07663
1405-03,خرداد 1405,مشاور سرمایه گذاری ترنج,اهرمی,77650195070667,0.002961
1405-03,خرداد 1405,مشاور سرمایه گذاری ترنج,درآمد ثابت,407416785020205,0.015536
1405-03,خرداد 1405,مشاور سرمایه گذاری ترنج,سهامی,56085642370120,0.002139
1405-03,خرداد 1405,مشاور سرمایه گذاری ترنج,صندوق در صندوق,10192242863435,0.000389
1405-03,خرداد 1405,مشاور سرمایه گذاری ترنج,مختلط,61191673480799,0.002333
1405-03,خرداد 1405,مشاور سرمایه گذاری ترنج,کالایی,71407639074761,0.002723
1405-04,تیر 1405,تامین سرمایه,املاک و مستغلات,11135919455344,0.00039
1405-04,تیر 1405,تامین سرمایه,اهرمی,17856942295007,0.000626
1405-04,تیر 1405,تامین سرمایه,بازنشستگی,11678521597294,0.000409
1405-04,تیر 1405,تامین سرمایه,بخشی,739757255828423,0.025926
1405-04,تیر 1405,تامین سرمایه,تضمین اصل سرمایه,26997837775549,0.000946
1405-04,تیر 1405,تامین سرمایه,درآمد ثابت,6837149225679242,0.23962
1405-04,تیر 1405,تامین سرمایه,سهامی,176933155702556,0.006201
1405-04,تیر 1405,تامین سرمایه,شاخصی,11286726227019,0.000396
1405-04,تیر 1405,تامین سرمایه,مختلط,15706123160848,0.00055
1405-04,تیر 1405,تامین سرمایه,کالایی,1776792619476621,0.062271
1405-04,تیر 1405,سایر مدیران,املاک و مستغلات,101001510741791,0.00354
1405-04,تیر 1405,سایر مدیران,اهرمی,38716017778806,0.001357
1405-04,تیر 1405,سایر مدیران,بازنشستگی,28844206260405,0.001011
1405-04,تیر 1405,سایر مدیران,بخشی,164721219852269,0.005773
1405-04,تیر 1405,سایر مدیران,تضمین اصل سرمایه,1280089929984,4.5e-05
1405-04,تیر 1405,سایر مدیران,جسورانه,12315128746403,0.000432
1405-04,تیر 1405,سایر مدیران,خصوصی,20499549597962,0.000718
1405-04,تیر 1405,سایر مدیران,درآمد ثابت,5444591432961953,0.190816
1405-04,تیر 1405,سایر مدیران,سهامی,424807752840343,0.014888
1405-04,تیر 1405,سایر مدیران,شاخصی,24700713258495,0.000866
1405-04,تیر 1405,سایر مدیران,صندوق در صندوق,17823091160071,0.000625
1405-04,تیر 1405,سایر مدیران,مختلط,20604826003956,0.000722
1405-04,تیر 1405,سایر مدیران,پروژه‌ای,28407753011412,0.000996
1405-04,تیر 1405,سایر مدیران,کالایی,1484493035617448,0.052027
1405-04,تیر 1405,سبد گردان اقتصاد بیدار,اهرمی,104946774353934,0.003678
1405-04,تیر 1405,سبد گردان اقتصاد بیدار,درآمد ثابت,518318184157007,0.018165
1405-04,تیر 1405,سبد گردان اقتصاد بیدار,سهامی,23611495971590,0.000828
1405-04,تیر 1405,سبد گردان اقتصاد بیدار,کالایی,90711108987500,0.003179
1405-04,تیر 1405,سبد گردان کاریزما,املاک و مستغلات,7609196578927,0.000267
1405-04,تیر 1405,سبد گردان کاریزما,اهرمی,270806077433142,0.009491
1405-04,تیر 1405,سبد گردان کاریزما,بازنشستگی,9230710379377,0.000324
1405-04,تیر 1405,سبد گردان کاریزما,بخشی,16438388778579,0.000576
1405-04,تیر 1405,سبد گردان کاریزما,تضمین اصل سرمایه,7174408474860,0.000251
1405-04,تیر 1405,سبد گردان کاریزما,درآمد ثابت,664830704782352,0.0233
1405-04,تیر 1405,سبد گردان کاریزما,سهامی,15666455363136,0.000549
1405-04,تیر 1405,سبد گردان کاریزما,شاخصی,9387492284613,0.000329
1405-04,تیر 1405,سبد گردان کاریزما,صندوق در صندوق,4026973426684,0.000141
1405-04,تیر 1405,سبد گردان کاریزما,مختلط,17509911064863,0.000614
1405-04,تیر 1405,سبد گردان کاریزما,کالایی,591216638884368,0.02072
1405-04,تیر 1405,سبدگردان آگاه,املاک و مستغلات,5927133918491,0.000208
1405-04,تیر 1405,سبدگردان آگاه,اهرمی,83740676950667,0.002935
1405-04,تیر 1405,سبدگردان آگاه,بازنشستگی,11792671983523,0.000413
1405-04,تیر 1405,سبدگردان آگاه,بخشی,39412151540541,0.001381
1405-04,تیر 1405,سبدگردان آگاه,درآمد ثابت,693009278336209,0.024288
1405-04,تیر 1405,سبدگردان آگاه,سهامی,93928593657411,0.003292
1405-04,تیر 1405,سبدگردان آگاه,مختلط,774832644132,2.7e-05
1405-04,تیر 1405,سبدگردان آگاه,کالایی,380668976563891,0.013341
1405-04,تیر 1405,سبدگردان توسعه فیروزه,اهرمی,201704523537479,0.007069
1405-04,تیر 1405,سبدگردان توسعه فیروزه,بخشی,30766023583925,0.001078
1405-04,تیر 1405,سبدگردان توسعه فیروزه,جسورانه,610810161500,2.1e-05
1405-04,تیر 1405,سبدگردان توسعه فیروزه,خصوصی,1342266138546,4.7e-05
1405-04,تیر 1405,سبدگردان توسعه فیروزه,درآمد ثابت,374834671310809,0.013137
1405-04,تیر 1405,سبدگردان توسعه فیروزه,سهامی,17547842642912,0.000615
1405-04,تیر 1405,سبدگردان توسعه فیروزه,شاخصی,13273884786997,0.000465
1405-04,تیر 1405,سبدگردان توسعه فیروزه,کالایی,172501357529630,0.006046
1405-04,تیر 1405,سبدگردان فارابی,اهرمی,91436668872936,0.003205
1405-04,تیر 1405,سبدگردان فارابی,بخشی,5719857347634,0.0002
1405-04,تیر 1405,سبدگردان فارابی,درآمد ثابت,360417613833234,0.012631
1405-04,تیر 1405,سبدگردان فارابی,سهامی,21425735147242,0.000751
1405-04,تیر 1405,سبدگردان فارابی,کالایی,110873863359969,0.003886
1405-04,تیر 1405,سبدگردان مفید,اهرمی,127705096100554,0.004476
1405-04,تیر 1405,سبدگردان مفید,بازنشستگی,51362825675829,0.0018
1405-04,تیر 1405,سبدگردان مفید,بخشی,108586695624732,0.003806
1405-04,تیر 1405,سبدگردان مفید,تضمین اصل سرمایه,21918357485963,0.000768
1405-04,تیر 1405,سبدگردان مفید,درآمد ثابت,2114554590421973,0.074108
1405-04,تیر 1405,سبدگردان مفید,سهامی,406977645397030,0.014263
1405-04,تیر 1405,سبدگردان مفید,شاخصی,28458493545898,0.000997
1405-04,تیر 1405,سبدگردان مفید,مختلط,3382485018965,0.000119
1405-04,تیر 1405,سبدگردان مفید,کالایی,2405086126811470,0.084291
1405-04,تیر 1405,مشاور سرمایه گذاری ترنج,اهرمی,102429377188763,0.00359
1405-04,تیر 1405,مشاور سرمایه گذاری ترنج,درآمد ثابت,439279879954201,0.015395
1405-04,تیر 1405,مشاور سرمایه گذاری ترنج,سهامی,51638116026377,0.00181
1405-04,تیر 1405,مشاور سرمایه گذاری ترنج,صندوق در صندوق,9426519880397,0.00033
1405-04,تیر 1405,مشاور سرمایه گذاری ترنج,مختلط,62293421415224,0.002183
1405-04,تیر 1405,مشاور سرمایه گذاری ترنج,کالایی,98855452374685,0.003465
1405-05,مرداد 1405,تامین سرمایه,املاک و مستغلات,11331766997378,0.000355
1405-05,مرداد 1405,تامین سرمایه,اهرمی,21141391843494,0.000662
1405-05,مرداد 1405,تامین سرمایه,بازنشستگی,13832458429775,0.000433
1405-05,مرداد 1405,تامین سرمایه,بخشی,921699781815302,0.028872
1405-05,مرداد 1405,تامین سرمایه,تضمین اصل سرمایه,29893695462723,0.000936
1405-05,مرداد 1405,تامین سرمایه,درآمد ثابت,7388402860494844,0.231442
1405-05,مرداد 1405,تامین سرمایه,سهامی,213681347673765,0.006694
1405-05,مرداد 1405,تامین سرمایه,شاخصی,14120471538907,0.000442
1405-05,مرداد 1405,تامین سرمایه,مختلط,17957041288545,0.000563
1405-05,مرداد 1405,تامین سرمایه,کالایی,2037610376003083,0.063828
1405-05,مرداد 1405,سایر مدیران,املاک و مستغلات,62864109348526,0.001969
1405-05,مرداد 1405,سایر مدیران,اهرمی,49641899358747,0.001555
1405-05,مرداد 1405,سایر مدیران,بازنشستگی,35777714367047,0.001121
1405-05,مرداد 1405,سایر مدیران,بخشی,200104181648041,0.006268
1405-05,مرداد 1405,سایر مدیران,تضمین اصل سرمایه,1322640368029,4.1e-05
1405-05,مرداد 1405,سایر مدیران,جسورانه,12252364495247,0.000384
1405-05,مرداد 1405,سایر مدیران,خصوصی,21246243239664,0.000666
1405-05,مرداد 1405,سایر مدیران,درآمد ثابت,5931707083620034,0.185811
1405-05,مرداد 1405,سایر مدیران,سهامی,560621466088910,0.017562
1405-05,مرداد 1405,سایر مدیران,شاخصی,26915924218011,0.000843
1405-05,مرداد 1405,سایر مدیران,صندوق در صندوق,21442783962655,0.000672
1405-05,مرداد 1405,سایر مدیران,مختلط,21617485019193,0.000677
1405-05,مرداد 1405,سایر مدیران,پروژه‌ای,28406779650290,0.00089
1405-05,مرداد 1405,سایر مدیران,کالایی,1766153177196695,0.055325
1405-05,مرداد 1405,سبد گردان اقتصاد بیدار,اهرمی,134051275278222,0.004199
1405-05,مرداد 1405,سبد گردان اقتصاد بیدار,درآمد ثابت,570302108055719,0.017865
1405-05,مرداد 1405,سبد گردان اقتصاد بیدار,سهامی,30505682657142,0.000956
1405-05,مرداد 1405,سبد گردان اقتصاد بیدار,کالایی,113278214533742,0.003548
1405-05,مرداد 1405,سبد گردان کاریزما,املاک و مستغلات,7692838517049,0.000241
1405-05,مرداد 1405,سبد گردان کاریزما,اهرمی,358589174669354,0.011233
1405-05,مرداد 1405,سبد گردان کاریزما,بازنشستگی,11225225968088,0.000352
1405-05,مرداد 1405,سبد گردان کاریزما,بخشی,19101939102660,0.000598
1405-05,مرداد 1405,سبد گردان کاریزما,تضمین اصل سرمایه,8817876427293,0.000276
1405-05,مرداد 1405,سبد گردان کاریزما,درآمد ثابت,651723536834477,0.020415
1405-05,مرداد 1405,سبد گردان کاریزما,سهامی,17354289022837,0.000544
1405-05,مرداد 1405,سبد گردان کاریزما,شاخصی,10487141340937,0.000329
1405-05,مرداد 1405,سبد گردان کاریزما,صندوق در صندوق,5063086419678,0.000159
1405-05,مرداد 1405,سبد گردان کاریزما,مختلط,19146414943578,0.0006
1405-05,مرداد 1405,سبد گردان کاریزما,کالایی,669726382672813,0.020979
1405-05,مرداد 1405,سبدگردان آگاه,املاک و مستغلات,8559809163855,0.000268
1405-05,مرداد 1405,سبدگردان آگاه,اهرمی,102468793986781,0.00321
1405-05,مرداد 1405,سبدگردان آگاه,بازنشستگی,14080441310210,0.000441
1405-05,مرداد 1405,سبدگردان آگاه,بخشی,52648584448878,0.001649
1405-05,مرداد 1405,سبدگردان آگاه,درآمد ثابت,742877794411351,0.023271
1405-05,مرداد 1405,سبدگردان آگاه,سهامی,118557193393940,0.003714
1405-05,مرداد 1405,سبدگردان آگاه,مختلط,905527531900,2.8e-05
1405-05,مرداد 1405,سبدگردان آگاه,کالایی,455361958420612,0.014264
1405-05,مرداد 1405,سبدگردان توسعه فیروزه,اهرمی,260795094548451,0.008169
1405-05,مرداد 1405,سبدگردان توسعه فیروزه,بخشی,51225741220728,0.001605
1405-05,مرداد 1405,سبدگردان توسعه فیروزه,جسورانه,611902679555,1.9e-05
1405-05,مرداد 1405,سبدگردان توسعه فیروزه,خصوصی,1340923315449,4.2e-05
1405-05,مرداد 1405,سبدگردان توسعه فیروزه,درآمد ثابت,379339182060437,0.011883
1405-05,مرداد 1405,سبدگردان توسعه فیروزه,سهامی,22278277844027,0.000698
1405-05,مرداد 1405,سبدگردان توسعه فیروزه,شاخصی,15082867870279,0.000472
1405-05,مرداد 1405,سبدگردان توسعه فیروزه,کالایی,208915974588165,0.006544
1405-05,مرداد 1405,سبدگردان فارابی,اهرمی,113889423145072,0.003568
1405-05,مرداد 1405,سبدگردان فارابی,بخشی,7205235136950,0.000226
1405-05,مرداد 1405,سبدگردان فارابی,درآمد ثابت,388722542711731,0.012177
1405-05,مرداد 1405,سبدگردان فارابی,سهامی,31548324414778,0.000988
1405-05,مرداد 1405,سبدگردان فارابی,کالایی,130236225120826,0.00408
1405-05,مرداد 1405,سبدگردان مفید,اهرمی,170662600320794,0.005346
1405-05,مرداد 1405,سبدگردان مفید,بازنشستگی,71420372615557,0.002237
1405-05,مرداد 1405,سبدگردان مفید,بخشی,133103512943375,0.004169
1405-05,مرداد 1405,سبدگردان مفید,تضمین اصل سرمایه,33842208217880,0.00106
1405-05,مرداد 1405,سبدگردان مفید,درآمد ثابت,2238936490804816,0.070135
1405-05,مرداد 1405,سبدگردان مفید,سهامی,501956087719527,0.015724
1405-05,مرداد 1405,سبدگردان مفید,شاخصی,37428976375501,0.001172
1405-05,مرداد 1405,سبدگردان مفید,مختلط,3987111917568,0.000125
1405-05,مرداد 1405,سبدگردان مفید,کالایی,2753844879908121,0.086264
1405-05,مرداد 1405,مشاور سرمایه گذاری ترنج,اهرمی,118573726086826,0.003714
1405-05,مرداد 1405,مشاور سرمایه گذاری ترنج,درآمد ثابت,441223075675440,0.013821
1405-05,مرداد 1405,مشاور سرمایه گذاری ترنج,سهامی,59450446173810,0.001862
1405-05,مرداد 1405,مشاور سرمایه گذاری ترنج,صندوق در صندوق,11864655969376,0.000372
1405-05,مرداد 1405,مشاور سرمایه گذاری ترنج,مختلط,76277614251236,0.002389
1405-05,مرداد 1405,مشاور سرمایه گذاری ترنج,کالایی,127246533666202,0.003986
1405-06,شهریور 1405,تامین سرمایه,املاک و مستغلات,11377957059671,0.000349
1405-06,شهریور 1405,تامین سرمایه,اهرمی,21925709706316,0.000673
1405-06,شهریور 1405,تامین سرمایه,بازنشستگی,14339188491501,0.00044
1405-06,شهریور 1405,تامین سرمایه,بخشی,1002071448382757,0.030743
1405-06,شهریور 1405,تامین سرمایه,تضمین اصل سرمایه,26068794627700,0.0008
1405-06,شهریور 1405,تامین سرمایه,درآمد ثابت,7494518550260390,0.229931
1405-06,شهریور 1405,تامین سرمایه,سهامی,221354131242762,0.006791
1405-06,شهریور 1405,تامین سرمایه,شاخصی,14756542180925,0.000453
1405-06,شهریور 1405,تامین سرمایه,مختلط,18506525102401,0.000568
1405-06,شهریور 1405,تامین سرمایه,کالایی,2100186300667437,0.064433
1405-06,شهریور 1405,سایر مدیران,املاک و مستغلات,60909060111662,0.001869
1405-06,شهریور 1405,سایر مدیران,اهرمی,52090106251594,0.001598
1405-06,شهریور 1405,سایر مدیران,بازنشستگی,37138179137038,0.001139
1405-06,شهریور 1405,سایر مدیران,بخشی,171959020251072,0.005276
1405-06,شهریور 1405,سایر مدیران,تضمین اصل سرمایه,1343685109175,4.1e-05
1405-06,شهریور 1405,سایر مدیران,جسورانه,7730875648996,0.000237
1405-06,شهریور 1405,سایر مدیران,خصوصی,21317089566685,0.000654
1405-06,شهریور 1405,سایر مدیران,درآمد ثابت,6006134691289279,0.184268
1405-06,شهریور 1405,سایر مدیران,سهامی,575267907490489,0.017649
1405-06,شهریور 1405,سایر مدیران,شاخصی,27366224474414,0.00084
1405-06,شهریور 1405,سایر مدیران,صندوق در صندوق,24701208500218,0.000758
1405-06,شهریور 1405,سایر مدیران,مختلط,21956215992572,0.000674
1405-06,شهریور 1405,سایر مدیران,پروژه‌ای,28406741960510,0.000872
1405-06,شهریور 1405,سایر مدیران,کالایی,1816643090805150,0.055734
1405-06,شهریور 1405,سبد گردان اقتصاد بیدار,اهرمی,138905593027700,0.004262
1405-06,شهریور 1405,سبد گردان اقتصاد بیدار,درآمد ثابت,624468887635743,0.019159
1405-06,شهریور 1405,سبد گردان اقتصاد بیدار,سهامی,31586980529906,0.000969
1405-06,شهریور 1405,سبد گردان اقتصاد بیدار,کالایی,116394667632099,0.003571
1405-06,شهریور 1405,سبد گردان کاریزما,املاک و مستغلات,7706994353461,0.000236
1405-06,شهریور 1405,سبد گردان کاریزما,اهرمی,378139739317382,0.011601
1405-06,شهریور 1405,سبد گردان کاریزما,بازنشستگی,11687183348969,0.000359
1405-06,شهریور 1405,سبد گردان کاریزما,بخشی,19489409526459,0.000598
1405-06,شهریور 1405,سبد گردان کاریزما,تضمین اصل سرمایه,9257440128185,0.000284
1405-06,شهریور 1405,سبد گردان کاریزما,درآمد ثابت,680900606485729,0.02089
1405-06,شهریور 1405,سبد گردان کاریزما,سهامی,18504986062898,0.000568
1405-06,شهریور 1405,سبد گردان کاریزما,شاخصی,10404780655078,0.000319
1405-06,شهریور 1405,سبد گردان کاریزما,صندوق در صندوق,5267599312129,0.000162
1405-06,شهریور 1405,سبد گردان کاریزما,مختلط,19996723616906,0.000613
1405-06,شهریور 1405,سبد گردان کاریزما,کالایی,682776619210052,0.020948
1405-06,شهریور 1405,سبدگردان آگاه,املاک و مستغلات,8582490550295,0.000263
1405-06,شهریور 1405,سبدگردان آگاه,اهرمی,106526090261855,0.003268
1405-06,شهریور 1405,سبدگردان آگاه,بازنشستگی,14587405117361,0.000448
1405-06,شهریور 1405,سبدگردان آگاه,بخشی,57405613366563,0.001761
1405-06,شهریور 1405,سبدگردان آگاه,درآمد ثابت,759125553013228,0.02329
1405-06,شهریور 1405,سبدگردان آگاه,سهامی,125657002098368,0.003855
1405-06,شهریور 1405,سبدگردان آگاه,مختلط,923443045855,2.8e-05
1405-06,شهریور 1405,سبدگردان آگاه,کالایی,466893450222093,0.014324
1405-06,شهریور 1405,سبدگردان توسعه فیروزه,اهرمی,270998332013330,0.008314
1405-06,شهریور 1405,سبدگردان توسعه فیروزه,بخشی,52932006944677,0.001624
1405-06,شهریور 1405,سبدگردان توسعه فیروزه,جسورانه,611782374998,1.9e-05
1405-06,شهریور 1405,سبدگردان توسعه فیروزه,خصوصی,1340793233263,4.1e-05
1405-06,شهریور 1405,سبدگردان توسعه فیروزه,درآمد ثابت,387422830600748,0.011886
1405-06,شهریور 1405,سبدگردان توسعه فیروزه,سهامی,23462039384119,0.00072
1405-06,شهریور 1405,سبدگردان توسعه فیروزه,شاخصی,15382502808291,0.000472
1405-06,شهریور 1405,سبدگردان توسعه فیروزه,کالایی,211782706004502,0.006497
1405-06,شهریور 1405,سبدگردان فارابی,اهرمی,116998242158812,0.003589
1405-06,شهریور 1405,سبدگردان فارابی,بخشی,7310882653085,0.000224
1405-06,شهریور 1405,سبدگردان فارابی,درآمد ثابت,405759681880300,0.012449
1405-06,شهریور 1405,سبدگردان فارابی,سهامی,34397592387016,0.001055
1405-06,شهریور 1405,سبدگردان فارابی,کالایی,133652547465557,0.0041
1405-06,شهریور 1405,سبدگردان مفید,اهرمی,175710796012640,0.005391
1405-06,شهریور 1405,سبدگردان مفید,بازنشستگی,76990700882118,0.002362
1405-06,شهریور 1405,سبدگردان مفید,بخشی,138453918608399,0.004248
1405-06,شهریور 1405,سبدگردان مفید,تضمین اصل سرمایه,37462289649620,0.001149
1405-06,شهریور 1405,سبدگردان مفید,درآمد ثابت,2161881013204027,0.066326
1405-06,شهریور 1405,سبدگردان مفید,سهامی,522422634405172,0.016028
1405-06,شهریور 1405,سبدگردان مفید,شاخصی,39825243647193,0.001222
1405-06,شهریور 1405,سبدگردان مفید,مختلط,4102580067969,0.000126
1405-06,شهریور 1405,سبدگردان مفید,کالایی,2837220683051021,0.087046
1405-06,شهریور 1405,مشاور سرمایه گذاری ترنج,اهرمی,123337789615276,0.003784
1405-06,شهریور 1405,مشاور سرمایه گذاری ترنج,درآمد ثابت,455297680919010,0.013968
1405-06,شهریور 1405,مشاور سرمایه گذاری ترنج,سهامی,59785427092283,0.001834
1405-06,شهریور 1405,مشاور سرمایه گذاری ترنج,صندوق در صندوق,13558054954497,0.000416
1405-06,شهریور 1405,مشاور سرمایه گذاری ترنج,مختلط,82711758862321,0.002538
1405-06,شهریور 1405,مشاور سرمایه گذاری ترنج,کالایی,130569294831341,0.004006
