تناوب,دوره,عنوان دوره,مدیر,نوع صندوق,خالص ارزش دارایی (میلیارد ریال),سهم از کل صنعت ٪
ماهانه,1399-01,فروردین 1399,تامین سرمایه,اهرمی,1213.6,0.058
ماهانه,1399-01,فروردین 1399,تامین سرمایه,بازنشستگی,3603.0,0.172
ماهانه,1399-01,فروردین 1399,تامین سرمایه,بخشی,402.7,0.019
ماهانه,1399-01,فروردین 1399,تامین سرمایه,جسورانه,424.1,0.02
ماهانه,1399-01,فروردین 1399,تامین سرمایه,درآمد ثابت,1193228.9,56.831
ماهانه,1399-01,فروردین 1399,تامین سرمایه,سهامی,19633.2,0.935
ماهانه,1399-01,فروردین 1399,تامین سرمایه,شاخصی,992.2,0.047
ماهانه,1399-01,فروردین 1399,تامین سرمایه,مختلط,2421.6,0.115
ماهانه,1399-01,فروردین 1399,تامین سرمایه,کالایی,8965.6,0.427
ماهانه,1399-01,فروردین 1399,سایر مدیران,بخشی,975.1,0.046
ماهانه,1399-01,فروردین 1399,سایر مدیران,جسورانه,310.0,0.015
ماهانه,1399-01,فروردین 1399,سایر مدیران,درآمد ثابت,655741.7,31.231
ماهانه,1399-01,فروردین 1399,سایر مدیران,سهامی,64923.5,3.092
ماهانه,1399-01,فروردین 1399,سایر مدیران,شاخصی,576.7,0.028
ماهانه,1399-01,فروردین 1399,سایر مدیران,صندوق در صندوق,621.0,0.03
ماهانه,1399-01,فروردین 1399,سایر مدیران,مختلط,6554.1,0.312
ماهانه,1399-01,فروردین 1399,سایر مدیران,پروژه‌ای,9950.1,0.474
ماهانه,1399-01,فروردین 1399,سایر مدیران,کالایی,3233.7,0.154
ماهانه,1399-01,فروردین 1399,سبد گردان کاریزما,درآمد ثابت,27991.6,1.333
ماهانه,1399-01,فروردین 1399,سبد گردان کاریزما,سهامی,2485.1,0.118
ماهانه,1399-01,فروردین 1399,سبد گردان کاریزما,شاخصی,668.6,0.032
ماهانه,1399-01,فروردین 1399,سبدگردان آگاه,درآمد ثابت,1081.5,0.052
ماهانه,1399-01,فروردین 1399,سبدگردان آگاه,سهامی,9815.6,0.468
ماهانه,1399-01,فروردین 1399,سبدگردان آگاه,مختلط,67.4,0.003
ماهانه,1399-01,فروردین 1399,سبدگردان توسعه فیروزه,درآمد ثابت,1706.4,0.081
ماهانه,1399-01,فروردین 1399,سبدگردان توسعه فیروزه,سهامی,1608.2,0.077
ماهانه,1399-01,فروردین 1399,سبدگردان توسعه فیروزه,شاخصی,770.2,0.037
ماهانه,1399-01,فروردین 1399,سبدگردان فارابی,درآمد ثابت,3091.3,0.147
ماهانه,1399-01,فروردین 1399,سبدگردان فارابی,سهامی,3226.3,0.154
ماهانه,1399-01,فروردین 1399,سبدگردان مفید,درآمد ثابت,37424.5,1.782
ماهانه,1399-01,فروردین 1399,سبدگردان مفید,سهامی,30784.5,1.466
ماهانه,1399-01,فروردین 1399,سبدگردان مفید,مختلط,1761.2,0.084
ماهانه,1399-01,فروردین 1399,سبدگردان مفید,کالایی,1641.5,0.078
ماهانه,1399-01,فروردین 1399,مشاور سرمایه گذاری ترنج,درآمد ثابت,442.8,0.021
ماهانه,1399-01,فروردین 1399,مشاور سرمایه گذاری ترنج,سهامی,1282.5,0.061
ماهانه,1399-02,اردیبهشت 1399,تامین سرمایه,اهرمی,2068.5,0.089
ماهانه,1399-02,اردیبهشت 1399,تامین سرمایه,بازنشستگی,8194.1,0.351
ماهانه,1399-02,اردیبهشت 1399,تامین سرمایه,بخشی,459.0,0.02
ماهانه,1399-02,اردیبهشت 1399,تامین سرمایه,جسورانه,425.3,0.018
ماهانه,1399-02,اردیبهشت 1399,تامین سرمایه,درآمد ثابت,1212430.7,51.969
ماهانه,1399-02,اردیبهشت 1399,تامین سرمایه,سهامی,45801.6,1.963
ماهانه,1399-02,اردیبهشت 1399,تامین سرمایه,شاخصی,2460.1,0.105
ماهانه,1399-02,اردیبهشت 1399,تامین سرمایه,مختلط,4541.2,0.195
ماهانه,1399-02,اردیبهشت 1399,تامین سرمایه,کالایی,15522.9,0.665
ماهانه,1399-02,اردیبهشت 1399,سایر مدیران,بخشی,1823.0,0.078
ماهانه,1399-02,اردیبهشت 1399,سایر مدیران,جسورانه,339.7,0.015
ماهانه,1399-02,اردیبهشت 1399,سایر مدیران,درآمد ثابت,722665.1,30.976
ماهانه,1399-02,اردیبهشت 1399,سایر مدیران,سهامی,104709.0,4.488
ماهانه,1399-02,اردیبهشت 1399,سایر مدیران,شاخصی,1308.7,0.056
ماهانه,1399-02,اردیبهشت 1399,سایر مدیران,صندوق در صندوق,646.6,0.028
ماهانه,1399-02,اردیبهشت 1399,سایر مدیران,مختلط,9779.9,0.419
ماهانه,1399-02,اردیبهشت 1399,سایر مدیران,پروژه‌ای,9947.9,0.426
ماهانه,1399-02,اردیبهشت 1399,سایر مدیران,کالایی,3909.4,0.168
ماهانه,1399-02,اردیبهشت 1399,سبد گردان کاریزما,درآمد ثابت,27758.4,1.19
ماهانه,1399-02,اردیبهشت 1399,سبد گردان کاریزما,سهامی,6318.6,0.271
ماهانه,1399-02,اردیبهشت 1399,سبد گردان کاریزما,شاخصی,1748.0,0.075
ماهانه,1399-02,اردیبهشت 1399,سبدگردان آگاه,درآمد ثابت,5265.3,0.226
ماهانه,1399-02,اردیبهشت 1399,سبدگردان آگاه,سهامی,20509.7,0.879
ماهانه,1399-02,اردیبهشت 1399,سبدگردان آگاه,مختلط,90.8,0.004
ماهانه,1399-02,اردیبهشت 1399,سبدگردان توسعه فیروزه,درآمد ثابت,1812.0,0.078
ماهانه,1399-02,اردیبهشت 1399,سبدگردان توسعه فیروزه,سهامی,1230.0,0.053
ماهانه,1399-02,اردیبهشت 1399,سبدگردان توسعه فیروزه,شاخصی,1801.8,0.077
ماهانه,1399-02,اردیبهشت 1399,سبدگردان فارابی,درآمد ثابت,4434.8,0.19
ماهانه,1399-02,اردیبهشت 1399,سبدگردان فارابی,سهامی,4885.8,0.209
ماهانه,1399-02,اردیبهشت 1399,سبدگردان مفید,درآمد ثابت,51222.3,2.196
ماهانه,1399-02,اردیبهشت 1399,سبدگردان مفید,سهامی,48833.6,2.093
ماهانه,1399-02,اردیبهشت 1399,سبدگردان مفید,مختلط,2281.2,0.098
ماهانه,1399-02,اردیبهشت 1399,سبدگردان مفید,کالایی,1977.7,0.085
ماهانه,1399-02,اردیبهشت 1399,مشاور سرمایه گذاری ترنج,درآمد ثابت,1069.3,0.046
ماهانه,1399-02,اردیبهشت 1399,مشاور سرمایه گذاری ترنج,سهامی,4729.0,0.203
ماهانه,1399-03,خرداد 1399,تامین سرمایه,اهرمی,2790.2,0.11
ماهانه,1399-03,خرداد 1399,تامین سرمایه,بازنشستگی,12784.6,0.505
ماهانه,1399-03,خرداد 1399,تامین سرمایه,بخشی,502.2,0.02
ماهانه,1399-03,خرداد 1399,تامین سرمایه,جسورانه,426.1,0.017
ماهانه,1399-03,خرداد 1399,تامین سرمایه,درآمد ثابت,1249244.4,49.309
ماهانه,1399-03,خرداد 1399,تامین سرمایه,سهامی,62347.6,2.461
ماهانه,1399-03,خرداد 1399,تامین سرمایه,شاخصی,3270.7,0.129
ماهانه,1399-03,خرداد 1399,تامین سرمایه,مختلط,4941.3,0.195
ماهانه,1399-03,خرداد 1399,تامین سرمایه,کالایی,17776.0,0.702
ماهانه,1399-03,خرداد 1399,سایر مدیران,بخشی,2054.5,0.081
ماهانه,1399-03,خرداد 1399,سایر مدیران,جسورانه,357.7,0.014
ماهانه,1399-03,خرداد 1399,سایر مدیران,خصوصی,500.0,0.02
ماهانه,1399-03,خرداد 1399,سایر مدیران,درآمد ثابت,772693.4,30.499
ماهانه,1399-03,خرداد 1399,سایر مدیران,سهامی,138347.0,5.461
ماهانه,1399-03,خرداد 1399,سایر مدیران,شاخصی,1819.1,0.072
ماهانه,1399-03,خرداد 1399,سایر مدیران,صندوق در صندوق,708.5,0.028
ماهانه,1399-03,خرداد 1399,سایر مدیران,مختلط,13637.9,0.538
ماهانه,1399-03,خرداد 1399,سایر مدیران,پروژه‌ای,9947.7,0.393
ماهانه,1399-03,خرداد 1399,سایر مدیران,کالایی,4068.3,0.161
ماهانه,1399-03,خرداد 1399,سبد گردان کاریزما,درآمد ثابت,38696.4,1.527
ماهانه,1399-03,خرداد 1399,سبد گردان کاریزما,سهامی,7976.4,0.315
ماهانه,1399-03,خرداد 1399,سبد گردان کاریزما,شاخصی,2542.1,0.1
ماهانه,1399-03,خرداد 1399,سبدگردان آگاه,درآمد ثابت,5352.4,0.211
ماهانه,1399-03,خرداد 1399,سبدگردان آگاه,سهامی,26451.9,1.044
ماهانه,1399-03,خرداد 1399,سبدگردان آگاه,مختلط,112.2,0.004
ماهانه,1399-03,خرداد 1399,سبدگردان توسعه فیروزه,درآمد ثابت,1831.2,0.072
ماهانه,1399-03,خرداد 1399,سبدگردان توسعه فیروزه,سهامی,1349.8,0.053
ماهانه,1399-03,خرداد 1399,سبدگردان توسعه فیروزه,شاخصی,2169.4,0.086
ماهانه,1399-03,خرداد 1399,سبدگردان فارابی,درآمد ثابت,4596.3,0.181
ماهانه,1399-03,خرداد 1399,سبدگردان فارابی,سهامی,6711.5,0.265
ماهانه,1399-03,خرداد 1399,سبدگردان مفید,درآمد ثابت,61862.0,2.442
ماهانه,1399-03,خرداد 1399,سبدگردان مفید,سهامی,64760.3,2.556
ماهانه,1399-03,خرداد 1399,سبدگردان مفید,مختلط,2500.0,0.099
ماهانه,1399-03,خرداد 1399,سبدگردان مفید,کالایی,2057.4,0.081
ماهانه,1399-03,خرداد 1399,مشاور سرمایه گذاری ترنج,درآمد ثابت,1102.9,0.044
ماهانه,1399-03,خرداد 1399,مشاور سرمایه گذاری ترنج,سهامی,5222.5,0.206
ماهانه,1399-04,تیر 1399,تامین سرمایه,اهرمی,3856.3,0.127
ماهانه,1399-04,تیر 1399,تامین سرمایه,بازنشستگی,26439.7,0.869
ماهانه,1399-04,تیر 1399,تامین سرمایه,بخشی,178907.4,5.879
ماهانه,1399-04,تیر 1399,تامین سرمایه,جسورانه,425.1,0.014
ماهانه,1399-04,تیر 1399,تامین سرمایه,درآمد ثابت,1283585.9,42.176
ماهانه,1399-04,تیر 1399,تامین سرمایه,سهامی,111684.8,3.67
ماهانه,1399-04,تیر 1399,تامین سرمایه,شاخصی,5292.5,0.174
ماهانه,1399-04,تیر 1399,تامین سرمایه,مختلط,6934.4,0.228
ماهانه,1399-04,تیر 1399,تامین سرمایه,کالایی,26369.9,0.866
ماهانه,1399-04,تیر 1399,سایر مدیران,بخشی,2572.5,0.084
ماهانه,1399-04,تیر 1399,سایر مدیران,جسورانه,358.8,0.012
ماهانه,1399-04,تیر 1399,سایر مدیران,خصوصی,497.4,0.016
ماهانه,1399-04,تیر 1399,سایر مدیران,درآمد ثابت,811628.6,26.669
ماهانه,1399-04,تیر 1399,سایر مدیران,سهامی,204785.9,6.729
ماهانه,1399-04,تیر 1399,سایر مدیران,شاخصی,4072.2,0.134
ماهانه,1399-04,تیر 1399,سایر مدیران,صندوق در صندوق,813.0,0.027
ماهانه,1399-04,تیر 1399,سایر مدیران,مختلط,25784.3,0.847
ماهانه,1399-04,تیر 1399,سایر مدیران,پروژه‌ای,9953.1,0.327
ماهانه,1399-04,تیر 1399,سایر مدیران,کالایی,5281.2,0.174
ماهانه,1399-04,تیر 1399,سبد گردان اقتصاد بیدار,سهامی,4370.4,0.144
ماهانه,1399-04,تیر 1399,سبد گردان کاریزما,درآمد ثابت,48672.9,1.599
ماهانه,1399-04,تیر 1399,سبد گردان کاریزما,سهامی,10750.9,0.353
ماهانه,1399-04,تیر 1399,سبد گردان کاریزما,شاخصی,4106.8,0.135
ماهانه,1399-04,تیر 1399,سبدگردان آگاه,درآمد ثابت,5361.9,0.176
ماهانه,1399-04,تیر 1399,سبدگردان آگاه,سهامی,35546.4,1.168
ماهانه,1399-04,تیر 1399,سبدگردان آگاه,مختلط,153.5,0.005
ماهانه,1399-04,تیر 1399,سبدگردان توسعه فیروزه,درآمد ثابت,1868.3,0.061
ماهانه,1399-04,تیر 1399,سبدگردان توسعه فیروزه,سهامی,1685.4,0.055
ماهانه,1399-04,تیر 1399,سبدگردان توسعه فیروزه,شاخصی,4059.0,0.133
ماهانه,1399-04,تیر 1399,سبدگردان فارابی,درآمد ثابت,4774.4,0.157
ماهانه,1399-04,تیر 1399,سبدگردان فارابی,سهامی,10286.8,0.338
ماهانه,1399-04,تیر 1399,سبدگردان مفید,درآمد ثابت,86846.3,2.854
ماهانه,1399-04,تیر 1399,سبدگردان مفید,سهامی,102120.2,3.356
ماهانه,1399-04,تیر 1399,سبدگردان مفید,مختلط,2969.0,0.098
ماهانه,1399-04,تیر 1399,سبدگردان مفید,کالایی,2662.9,0.088
ماهانه,1399-04,تیر 1399,مشاور سرمایه گذاری ترنج,درآمد ثابت,1104.4,0.036
ماهانه,1399-04,تیر 1399,مشاور سرمایه گذاری ترنج,سهامی,6809.8,0.224
ماهانه,1399-05,مرداد 1399,تامین سرمایه,اهرمی,3406.1,0.11
ماهانه,1399-05,مرداد 1399,تامین سرمایه,بازنشستگی,26947.7,0.868
ماهانه,1399-05,مرداد 1399,تامین سرمایه,بخشی,158426.0,5.106
ماهانه,1399-05,مرداد 1399,تامین سرمایه,جسورانه,424.4,0.014
ماهانه,1399-05,مرداد 1399,تامین سرمایه,درآمد ثابت,1359742.7,43.823
ماهانه,1399-05,مرداد 1399,تامین سرمایه,سهامی,100072.0,3.225
ماهانه,1399-05,مرداد 1399,تامین سرمایه,شاخصی,4988.1,0.161
ماهانه,1399-05,مرداد 1399,تامین سرمایه,مختلط,7189.0,0.232
ماهانه,1399-05,مرداد 1399,تامین سرمایه,کالایی,24969.3,0.805
ماهانه,1399-05,مرداد 1399,سایر مدیران,بخشی,2856.7,0.092
ماهانه,1399-05,مرداد 1399,سایر مدیران,جسورانه,358.4,0.012
ماهانه,1399-05,مرداد 1399,سایر مدیران,خصوصی,502.0,0.016
ماهانه,1399-05,مرداد 1399,سایر مدیران,درآمد ثابت,827045.4,26.655
ماهانه,1399-05,مرداد 1399,سایر مدیران,سهامی,199630.3,6.434
ماهانه,1399-05,مرداد 1399,سایر مدیران,شاخصی,3906.9,0.126
ماهانه,1399-05,مرداد 1399,سایر مدیران,صندوق در صندوق,786.1,0.025
ماهانه,1399-05,مرداد 1399,سایر مدیران,مختلط,28316.5,0.913
ماهانه,1399-05,مرداد 1399,سایر مدیران,پروژه‌ای,9952.8,0.321
ماهانه,1399-05,مرداد 1399,سایر مدیران,کالایی,5536.2,0.178
ماهانه,1399-05,مرداد 1399,سبد گردان اقتصاد بیدار,سهامی,4324.4,0.139
ماهانه,1399-05,مرداد 1399,سبد گردان کاریزما,درآمد ثابت,70200.2,2.262
ماهانه,1399-05,مرداد 1399,سبد گردان کاریزما,سهامی,10202.0,0.329
ماهانه,1399-05,مرداد 1399,سبد گردان کاریزما,شاخصی,3441.0,0.111
ماهانه,1399-05,مرداد 1399,سبدگردان آگاه,درآمد ثابت,5405.5,0.174
ماهانه,1399-05,مرداد 1399,سبدگردان آگاه,سهامی,27387.8,0.883
ماهانه,1399-05,مرداد 1399,سبدگردان آگاه,مختلط,161.0,0.005
ماهانه,1399-05,مرداد 1399,سبدگردان توسعه فیروزه,جسورانه,52.5,0.002
ماهانه,1399-05,مرداد 1399,سبدگردان توسعه فیروزه,درآمد ثابت,1888.7,0.061
ماهانه,1399-05,مرداد 1399,سبدگردان توسعه فیروزه,سهامی,1747.4,0.056
ماهانه,1399-05,مرداد 1399,سبدگردان توسعه فیروزه,شاخصی,3577.7,0.115
ماهانه,1399-05,مرداد 1399,سبدگردان فارابی,درآمد ثابت,6974.4,0.225
ماهانه,1399-05,مرداد 1399,سبدگردان فارابی,سهامی,8199.5,0.264
ماهانه,1399-05,مرداد 1399,سبدگردان مفید,درآمد ثابت,89953.2,2.899
ماهانه,1399-05,مرداد 1399,سبدگردان مفید,سهامی,91926.0,2.963
ماهانه,1399-05,مرداد 1399,سبدگردان مفید,مختلط,2811.0,0.091
ماهانه,1399-05,مرداد 1399,سبدگردان مفید,کالایی,2792.7,0.09
ماهانه,1399-05,مرداد 1399,مشاور سرمایه گذاری ترنج,درآمد ثابت,1671.2,0.054
ماهانه,1399-05,مرداد 1399,مشاور سرمایه گذاری ترنج,سهامی,5053.7,0.163
ماهانه,1399-06,شهریور 1399,تامین سرمایه,اهرمی,2860.4,0.09
ماهانه,1399-06,شهریور 1399,تامین سرمایه,بازنشستگی,23401.0,0.739
ماهانه,1399-06,شهریور 1399,تامین سرمایه,بخشی,150177.9,4.745
ماهانه,1399-06,شهریور 1399,تامین سرمایه,جسورانه,424.0,0.013
ماهانه,1399-06,شهریور 1399,تامین سرمایه,درآمد ثابت,1422589.6,44.945
ماهانه,1399-06,شهریور 1399,تامین سرمایه,سهامی,74640.4,2.358
ماهانه,1399-06,شهریور 1399,تامین سرمایه,شاخصی,4918.2,0.155
ماهانه,1399-06,شهریور 1399,تامین سرمایه,مختلط,5911.7,0.187
ماهانه,1399-06,شهریور 1399,تامین سرمایه,کالایی,28166.8,0.89
ماهانه,1399-06,شهریور 1399,سایر مدیران,بخشی,2279.0,0.072
ماهانه,1399-06,شهریور 1399,سایر مدیران,جسورانه,356.2,0.011
ماهانه,1399-06,شهریور 1399,سایر مدیران,خصوصی,501.7,0.016
ماهانه,1399-06,شهریور 1399,سایر مدیران,درآمد ثابت,824842.0,26.06
ماهانه,1399-06,شهریور 1399,سایر مدیران,سهامی,159476.3,5.038
ماهانه,1399-06,شهریور 1399,سایر مدیران,شاخصی,3405.0,0.108
ماهانه,1399-06,شهریور 1399,سایر مدیران,صندوق در صندوق,763.6,0.024
ماهانه,1399-06,شهریور 1399,سایر مدیران,مختلط,21555.6,0.681
ماهانه,1399-06,شهریور 1399,سایر مدیران,پروژه‌ای,10358.4,0.327
ماهانه,1399-06,شهریور 1399,سایر مدیران,کالایی,6566.9,0.208
ماهانه,1399-06,شهریور 1399,سبد گردان اقتصاد بیدار,درآمد ثابت,245.6,0.008
ماهانه,1399-06,شهریور 1399,سبد گردان اقتصاد بیدار,سهامی,4350.3,0.137
ماهانه,1399-06,شهریور 1399,سبد گردان کاریزما,درآمد ثابت,81575.2,2.577
ماهانه,1399-06,شهریور 1399,سبد گردان کاریزما,سهامی,9336.9,0.295
ماهانه,1399-06,شهریور 1399,سبد گردان کاریزما,شاخصی,3346.2,0.106
ماهانه,1399-06,شهریور 1399,سبدگردان آگاه,درآمد ثابت,19951.2,0.63
ماهانه,1399-06,شهریور 1399,سبدگردان آگاه,سهامی,25599.2,0.809
ماهانه,1399-06,شهریور 1399,سبدگردان آگاه,مختلط,167.5,0.005
ماهانه,1399-06,شهریور 1399,سبدگردان توسعه فیروزه,جسورانه,52.8,0.002
ماهانه,1399-06,شهریور 1399,سبدگردان توسعه فیروزه,درآمد ثابت,1936.8,0.061
ماهانه,1399-06,شهریور 1399,سبدگردان توسعه فیروزه,سهامی,1386.4,0.044
ماهانه,1399-06,شهریور 1399,سبدگردان توسعه فیروزه,شاخصی,3844.5,0.122
ماهانه,1399-06,شهریور 1399,سبدگردان فارابی,درآمد ثابت,9532.0,0.301
ماهانه,1399-06,شهریور 1399,سبدگردان فارابی,سهامی,4872.9,0.154
ماهانه,1399-06,شهریور 1399,سبدگردان مفید,درآمد ثابت,160119.7,5.059
ماهانه,1399-06,شهریور 1399,سبدگردان مفید,سهامی,82581.4,2.609
ماهانه,1399-06,شهریور 1399,سبدگردان مفید,مختلط,3227.6,0.102
ماهانه,1399-06,شهریور 1399,سبدگردان مفید,کالایی,3308.3,0.104
ماهانه,1399-06,شهریور 1399,مشاور سرمایه گذاری ترنج,درآمد ثابت,1300.3,0.041
ماهانه,1399-06,شهریور 1399,مشاور سرمایه گذاری ترنج,سهامی,5271.6,0.166
ماهانه,1399-07,مهر 1399,تامین سرمایه,اهرمی,2380.5,0.077
ماهانه,1399-07,مهر 1399,تامین سرمایه,بازنشستگی,19684.3,0.638
ماهانه,1399-07,مهر 1399,تامین سرمایه,بخشی,142630.4,4.625
ماهانه,1399-07,مهر 1399,تامین سرمایه,جسورانه,423.3,0.014
ماهانه,1399-07,مهر 1399,تامین سرمایه,درآمد ثابت,1451470.1,47.066
ماهانه,1399-07,مهر 1399,تامین سرمایه,سهامی,60875.2,1.974
ماهانه,1399-07,مهر 1399,تامین سرمایه,شاخصی,4254.1,0.138
ماهانه,1399-07,مهر 1399,تامین سرمایه,مختلط,5174.5,0.168
ماهانه,1399-07,مهر 1399,تامین سرمایه,کالایی,28074.2,0.91
ماهانه,1399-07,مهر 1399,سایر مدیران,بخشی,1960.2,0.064
ماهانه,1399-07,مهر 1399,سایر مدیران,جسورانه,556.0,0.018
ماهانه,1399-07,مهر 1399,سایر مدیران,خصوصی,506.1,0.016
ماهانه,1399-07,مهر 1399,سایر مدیران,درآمد ثابت,820484.9,26.606
ماهانه,1399-07,مهر 1399,سایر مدیران,سهامی,134147.6,4.35
ماهانه,1399-07,مهر 1399,سایر مدیران,شاخصی,2594.0,0.084
ماهانه,1399-07,مهر 1399,سایر مدیران,صندوق در صندوق,730.9,0.024
ماهانه,1399-07,مهر 1399,سایر مدیران,مختلط,18051.9,0.585
ماهانه,1399-07,مهر 1399,سایر مدیران,پروژه‌ای,10357.6,0.336
ماهانه,1399-07,مهر 1399,سایر مدیران,کالایی,6948.9,0.225
ماهانه,1399-07,مهر 1399,سبد گردان اقتصاد بیدار,درآمد ثابت,243.5,0.008
ماهانه,1399-07,مهر 1399,سبد گردان اقتصاد بیدار,سهامی,4071.2,0.132
ماهانه,1399-07,مهر 1399,سبد گردان کاریزما,درآمد ثابت,86685.4,2.811
ماهانه,1399-07,مهر 1399,سبد گردان کاریزما,سهامی,8543.3,0.277
ماهانه,1399-07,مهر 1399,سبد گردان کاریزما,شاخصی,2918.5,0.095
ماهانه,1399-07,مهر 1399,سبدگردان آگاه,درآمد ثابت,19635.2,0.637
ماهانه,1399-07,مهر 1399,سبدگردان آگاه,سهامی,21718.0,0.704
ماهانه,1399-07,مهر 1399,سبدگردان آگاه,مختلط,153.7,0.005
ماهانه,1399-07,مهر 1399,سبدگردان توسعه فیروزه,جسورانه,53.1,0.002
ماهانه,1399-07,مهر 1399,سبدگردان توسعه فیروزه,درآمد ثابت,1960.8,0.064
ماهانه,1399-07,مهر 1399,سبدگردان توسعه فیروزه,سهامی,1180.1,0.038
ماهانه,1399-07,مهر 1399,سبدگردان توسعه فیروزه,شاخصی,3274.7,0.106
ماهانه,1399-07,مهر 1399,سبدگردان فارابی,درآمد ثابت,8298.7,0.269
ماهانه,1399-07,مهر 1399,سبدگردان فارابی,سهامی,6815.1,0.221
ماهانه,1399-07,مهر 1399,سبدگردان مفید,درآمد ثابت,124639.8,4.042
ماهانه,1399-07,مهر 1399,سبدگردان مفید,سهامی,70429.2,2.284
ماهانه,1399-07,مهر 1399,سبدگردان مفید,مختلط,2749.1,0.089
ماهانه,1399-07,مهر 1399,سبدگردان مفید,کالایی,3396.7,0.11
ماهانه,1399-07,مهر 1399,مشاور سرمایه گذاری ترنج,درآمد ثابت,986.8,0.032
ماهانه,1399-07,مهر 1399,مشاور سرمایه گذاری ترنج,سهامی,4828.6,0.157
ماهانه,1399-08,آبان 1399,تامین سرمایه,اهرمی,2223.6,0.072
ماهانه,1399-08,آبان 1399,تامین سرمایه,بازنشستگی,17432.3,0.567
ماهانه,1399-08,آبان 1399,تامین سرمایه,بخشی,136017.1,4.422
ماهانه,1399-08,آبان 1399,تامین سرمایه,جسورانه,422.7,0.014
ماهانه,1399-08,آبان 1399,تامین سرمایه,درآمد ثابت,1470270.4,47.805
ماهانه,1399-08,آبان 1399,تامین سرمایه,سهامی,52810.5,1.717
ماهانه,1399-08,آبان 1399,تامین سرمایه,شاخصی,4137.3,0.134
ماهانه,1399-08,آبان 1399,تامین سرمایه,مختلط,4809.7,0.156
ماهانه,1399-08,آبان 1399,تامین سرمایه,کالایی,23800.2,0.774
ماهانه,1399-08,آبان 1399,سایر مدیران,بخشی,1791.8,0.058
ماهانه,1399-08,آبان 1399,سایر مدیران,جسورانه,555.4,0.018
ماهانه,1399-08,آبان 1399,سایر مدیران,خصوصی,503.3,0.016
ماهانه,1399-08,آبان 1399,سایر مدیران,درآمد ثابت,837655.8,27.236
ماهانه,1399-08,آبان 1399,سایر مدیران,سهامی,119385.0,3.882
ماهانه,1399-08,آبان 1399,سایر مدیران,شاخصی,2253.4,0.073
ماهانه,1399-08,آبان 1399,سایر مدیران,صندوق در صندوق,751.7,0.024
ماهانه,1399-08,آبان 1399,سایر مدیران,مختلط,14925.1,0.485
ماهانه,1399-08,آبان 1399,سایر مدیران,پروژه‌ای,10357.4,0.337
ماهانه,1399-08,آبان 1399,سایر مدیران,کالایی,5488.0,0.178
ماهانه,1399-08,آبان 1399,سبد گردان اقتصاد بیدار,درآمد ثابت,230.6,0.008
ماهانه,1399-08,آبان 1399,سبد گردان اقتصاد بیدار,سهامی,4109.0,0.134
ماهانه,1399-08,آبان 1399,سبد گردان کاریزما,درآمد ثابت,90280.2,2.935
ماهانه,1399-08,آبان 1399,سبد گردان کاریزما,سهامی,8503.2,0.276
ماهانه,1399-08,آبان 1399,سبد گردان کاریزما,شاخصی,2495.6,0.081
ماهانه,1399-08,آبان 1399,سبدگردان آگاه,درآمد ثابت,20396.5,0.663
ماهانه,1399-08,آبان 1399,سبدگردان آگاه,سهامی,20397.4,0.663
ماهانه,1399-08,آبان 1399,سبدگردان آگاه,مختلط,156.3,0.005
ماهانه,1399-08,آبان 1399,سبدگردان توسعه فیروزه,جسورانه,53.4,0.002
ماهانه,1399-08,آبان 1399,سبدگردان توسعه فیروزه,درآمد ثابت,1981.4,0.064
ماهانه,1399-08,آبان 1399,سبدگردان توسعه فیروزه,سهامی,1113.9,0.036
ماهانه,1399-08,آبان 1399,سبدگردان توسعه فیروزه,شاخصی,3115.9,0.101
ماهانه,1399-08,آبان 1399,سبدگردان فارابی,درآمد ثابت,11337.3,0.369
ماهانه,1399-08,آبان 1399,سبدگردان فارابی,سهامی,6270.8,0.204
ماهانه,1399-08,آبان 1399,سبدگردان مفید,درآمد ثابت,130221.9,4.234
ماهانه,1399-08,آبان 1399,سبدگردان مفید,سهامی,58758.5,1.91
ماهانه,1399-08,آبان 1399,سبدگردان مفید,مختلط,2470.3,0.08
ماهانه,1399-08,آبان 1399,سبدگردان مفید,کالایی,2650.3,0.086
ماهانه,1399-08,آبان 1399,مشاور سرمایه گذاری ترنج,درآمد ثابت,719.8,0.023
ماهانه,1399-08,آبان 1399,مشاور سرمایه گذاری ترنج,سهامی,4730.3,0.154
ماهانه,1399-09,آذر 1399,تامین سرمایه,اهرمی,2810.7,0.084
ماهانه,1399-09,آذر 1399,تامین سرمایه,بازنشستگی,19254.7,0.572
ماهانه,1399-09,آذر 1399,تامین سرمایه,بخشی,247915.6,7.37
ماهانه,1399-09,آذر 1399,تامین سرمایه,جسورانه,421.9,0.012
ماهانه,1399-09,آذر 1399,تامین سرمایه,درآمد ثابت,1537016.0,45.693
ماهانه,1399-09,آذر 1399,تامین سرمایه,سهامی,58528.8,1.74
ماهانه,1399-09,آذر 1399,تامین سرمایه,شاخصی,4683.9,0.139
ماهانه,1399-09,آذر 1399,تامین سرمایه,مختلط,5232.5,0.156
ماهانه,1399-09,آذر 1399,تامین سرمایه,کالایی,25042.8,0.744
ماهانه,1399-09,آذر 1399,سایر مدیران,بخشی,1757.6,0.052
ماهانه,1399-09,آذر 1399,سایر مدیران,جسورانه,554.4,0.016
ماهانه,1399-09,آذر 1399,سایر مدیران,خصوصی,503.6,0.015
ماهانه,1399-09,آذر 1399,سایر مدیران,درآمد ثابت,886692.1,26.36
ماهانه,1399-09,آذر 1399,سایر مدیران,سهامی,138977.2,4.132
ماهانه,1399-09,آذر 1399,سایر مدیران,شاخصی,2632.9,0.078
ماهانه,1399-09,آذر 1399,سایر مدیران,صندوق در صندوق,787.4,0.023
ماهانه,1399-09,آذر 1399,سایر مدیران,مختلط,15118.6,0.45
ماهانه,1399-09,آذر 1399,سایر مدیران,پروژه‌ای,10357.7,0.308
ماهانه,1399-09,آذر 1399,سایر مدیران,کالایی,5326.3,0.158
ماهانه,1399-09,آذر 1399,سبد گردان اقتصاد بیدار,درآمد ثابت,182.0,0.005
ماهانه,1399-09,آذر 1399,سبد گردان اقتصاد بیدار,سهامی,4406.3,0.131
ماهانه,1399-09,آذر 1399,سبد گردان کاریزما,درآمد ثابت,94216.5,2.801
ماهانه,1399-09,آذر 1399,سبد گردان کاریزما,سهامی,9233.1,0.274
ماهانه,1399-09,آذر 1399,سبد گردان کاریزما,شاخصی,2817.2,0.084
ماهانه,1399-09,آذر 1399,سبدگردان آگاه,درآمد ثابت,25743.0,0.765
ماهانه,1399-09,آذر 1399,سبدگردان آگاه,سهامی,23647.8,0.703
ماهانه,1399-09,آذر 1399,سبدگردان آگاه,مختلط,170.0,0.005
ماهانه,1399-09,آذر 1399,سبدگردان توسعه فیروزه,جسورانه,53.7,0.002
ماهانه,1399-09,آذر 1399,سبدگردان توسعه فیروزه,درآمد ثابت,2017.5,0.06
ماهانه,1399-09,آذر 1399,سبدگردان توسعه فیروزه,سهامی,1400.2,0.042
ماهانه,1399-09,آذر 1399,سبدگردان توسعه فیروزه,شاخصی,3186.8,0.095
ماهانه,1399-09,آذر 1399,سبدگردان فارابی,درآمد ثابت,12111.9,0.36
ماهانه,1399-09,آذر 1399,سبدگردان فارابی,سهامی,8599.3,0.256
ماهانه,1399-09,آذر 1399,سبدگردان مفید,درآمد ثابت,132112.4,3.927
ماهانه,1399-09,آذر 1399,سبدگردان مفید,سهامی,67017.2,1.992
ماهانه,1399-09,آذر 1399,سبدگردان مفید,مختلط,2799.6,0.083
ماهانه,1399-09,آذر 1399,سبدگردان مفید,کالایی,2554.3,0.076
ماهانه,1399-09,آذر 1399,مشاور سرمایه گذاری ترنج,درآمد ثابت,1769.2,0.053
ماهانه,1399-09,آذر 1399,مشاور سرمایه گذاری ترنج,سهامی,6117.1,0.182
ماهانه,1399-10,دی 1399,تامین سرمایه,اهرمی,2002.8,0.059
ماهانه,1399-10,دی 1399,تامین سرمایه,بازنشستگی,13339.8,0.395
ماهانه,1399-10,دی 1399,تامین سرمایه,بخشی,178827.9,5.3
ماهانه,1399-10,دی 1399,تامین سرمایه,جسورانه,421.1,0.012
ماهانه,1399-10,دی 1399,تامین سرمایه,درآمد ثابت,1621782.9,48.067
ماهانه,1399-10,دی 1399,تامین سرمایه,سهامی,44757.9,1.326
ماهانه,1399-10,دی 1399,تامین سرمایه,شاخصی,3587.8,0.106
ماهانه,1399-10,دی 1399,تامین سرمایه,مختلط,4545.1,0.135
ماهانه,1399-10,دی 1399,تامین سرمایه,کالایی,21158.6,0.627
ماهانه,1399-10,دی 1399,سایر مدیران,بخشی,1593.8,0.047
ماهانه,1399-10,دی 1399,سایر مدیران,جسورانه,474.8,0.014
ماهانه,1399-10,دی 1399,سایر مدیران,خصوصی,504.2,0.015
ماهانه,1399-10,دی 1399,سایر مدیران,درآمد ثابت,947945.8,28.095
ماهانه,1399-10,دی 1399,سایر مدیران,سهامی,109011.7,3.231
ماهانه,1399-10,دی 1399,سایر مدیران,شاخصی,1776.2,0.053
ماهانه,1399-10,دی 1399,سایر مدیران,صندوق در صندوق,728.2,0.022
ماهانه,1399-10,دی 1399,سایر مدیران,مختلط,13195.6,0.391
ماهانه,1399-10,دی 1399,سایر مدیران,پروژه‌ای,10357.6,0.307
ماهانه,1399-10,دی 1399,سایر مدیران,کالایی,6255.3,0.185
ماهانه,1399-10,دی 1399,سبد گردان اقتصاد بیدار,درآمد ثابت,318.6,0.009
ماهانه,1399-10,دی 1399,سبد گردان اقتصاد بیدار,سهامی,3765.8,0.112
ماهانه,1399-10,دی 1399,سبد گردان کاریزما,درآمد ثابت,92070.4,2.729
ماهانه,1399-10,دی 1399,سبد گردان کاریزما,سهامی,7623.2,0.226
ماهانه,1399-10,دی 1399,سبد گردان کاریزما,شاخصی,2031.5,0.06
ماهانه,1399-10,دی 1399,سبدگردان آگاه,درآمد ثابت,30334.4,0.899
ماهانه,1399-10,دی 1399,سبدگردان آگاه,سهامی,17875.7,0.53
ماهانه,1399-10,دی 1399,سبدگردان آگاه,مختلط,150.3,0.005
ماهانه,1399-10,دی 1399,سبدگردان توسعه فیروزه,جسورانه,54.0,0.002
ماهانه,1399-10,دی 1399,سبدگردان توسعه فیروزه,درآمد ثابت,2047.8,0.061
ماهانه,1399-10,دی 1399,سبدگردان توسعه فیروزه,سهامی,1322.6,0.039
ماهانه,1399-10,دی 1399,سبدگردان توسعه فیروزه,شاخصی,2272.5,0.067
ماهانه,1399-10,دی 1399,سبدگردان فارابی,درآمد ثابت,11620.9,0.344
ماهانه,1399-10,دی 1399,سبدگردان فارابی,سهامی,7790.7,0.231
ماهانه,1399-10,دی 1399,سبدگردان مفید,درآمد ثابت,141791.7,4.202
ماهانه,1399-10,دی 1399,سبدگردان مفید,سهامی,58380.9,1.73
ماهانه,1399-10,دی 1399,سبدگردان مفید,مختلط,2399.1,0.071
ماهانه,1399-10,دی 1399,سبدگردان مفید,کالایی,2131.7,0.063
ماهانه,1399-10,دی 1399,مشاور سرمایه گذاری ترنج,درآمد ثابت,2523.3,0.075
ماهانه,1399-10,دی 1399,مشاور سرمایه گذاری ترنج,سهامی,5251.5,0.156
ماهانه,1399-11,بهمن 1399,تامین سرمایه,اهرمی,1729.1,0.048
ماهانه,1399-11,بهمن 1399,تامین سرمایه,بازنشستگی,15057.5,0.423
ماهانه,1399-11,بهمن 1399,تامین سرمایه,بخشی,212531.1,5.966
ماهانه,1399-11,بهمن 1399,تامین سرمایه,جسورانه,420.0,0.012
ماهانه,1399-11,بهمن 1399,تامین سرمایه,درآمد ثابت,1736200.7,48.734
ماهانه,1399-11,بهمن 1399,تامین سرمایه,سهامی,47327.6,1.328
ماهانه,1399-11,بهمن 1399,تامین سرمایه,شاخصی,3945.2,0.111
ماهانه,1399-11,بهمن 1399,تامین سرمایه,مختلط,4635.4,0.13
ماهانه,1399-11,بهمن 1399,تامین سرمایه,کالایی,23066.2,0.648
ماهانه,1399-11,بهمن 1399,سایر مدیران,بخشی,1639.1,0.046
ماهانه,1399-11,بهمن 1399,سایر مدیران,جسورانه,1511.6,0.042
ماهانه,1399-11,بهمن 1399,سایر مدیران,خصوصی,504.9,0.014
ماهانه,1399-11,بهمن 1399,سایر مدیران,درآمد ثابت,951882.0,26.719
ماهانه,1399-11,بهمن 1399,سایر مدیران,سهامی,116873.1,3.281
ماهانه,1399-11,بهمن 1399,سایر مدیران,شاخصی,2049.3,0.057
ماهانه,1399-11,بهمن 1399,سایر مدیران,صندوق در صندوق,751.9,0.021
ماهانه,1399-11,بهمن 1399,سایر مدیران,مختلط,12481.3,0.35
ماهانه,1399-11,بهمن 1399,سایر مدیران,پروژه‌ای,10357.4,0.291
ماهانه,1399-11,بهمن 1399,سایر مدیران,کالایی,6886.6,0.193
ماهانه,1399-11,بهمن 1399,سبد گردان اقتصاد بیدار,درآمد ثابت,437.0,0.012
ماهانه,1399-11,بهمن 1399,سبد گردان اقتصاد بیدار,سهامی,4143.9,0.116
ماهانه,1399-11,بهمن 1399,سبد گردان کاریزما,درآمد ثابت,99383.0,2.79
ماهانه,1399-11,بهمن 1399,سبد گردان کاریزما,سهامی,8116.0,0.228
ماهانه,1399-11,بهمن 1399,سبد گردان کاریزما,شاخصی,2202.3,0.062
ماهانه,1399-11,بهمن 1399,سبدگردان آگاه,درآمد ثابت,33807.3,0.949
ماهانه,1399-11,بهمن 1399,سبدگردان آگاه,سهامی,20030.6,0.562
ماهانه,1399-11,بهمن 1399,سبدگردان آگاه,مختلط,156.2,0.004
ماهانه,1399-11,بهمن 1399,سبدگردان توسعه فیروزه,جسورانه,54.3,0.002
ماهانه,1399-11,بهمن 1399,سبدگردان توسعه فیروزه,درآمد ثابت,2057.4,0.058
ماهانه,1399-11,بهمن 1399,سبدگردان توسعه فیروزه,سهامی,1417.1,0.04
ماهانه,1399-11,بهمن 1399,سبدگردان توسعه فیروزه,شاخصی,2504.8,0.07
ماهانه,1399-11,بهمن 1399,سبدگردان فارابی,درآمد ثابت,13425.0,0.377
ماهانه,1399-11,بهمن 1399,سبدگردان فارابی,سهامی,7864.4,0.221
ماهانه,1399-11,بهمن 1399,سبدگردان مفید,درآمد ثابت,137957.5,3.872
ماهانه,1399-11,بهمن 1399,سبدگردان مفید,سهامی,64392.1,1.807
ماهانه,1399-11,بهمن 1399,سبدگردان مفید,مختلط,2605.2,0.073
ماهانه,1399-11,بهمن 1399,سبدگردان مفید,کالایی,2348.2,0.066
ماهانه,1399-11,بهمن 1399,مشاور سرمایه گذاری ترنج,درآمد ثابت,2876.8,0.081
ماهانه,1399-11,بهمن 1399,مشاور سرمایه گذاری ترنج,سهامی,6973.2,0.196
ماهانه,1399-12,اسفند 1399,تامین سرمایه,اهرمی,1442.8,0.038
ماهانه,1399-12,اسفند 1399,تامین سرمایه,بازنشستگی,15506.9,0.414
ماهانه,1399-12,اسفند 1399,تامین سرمایه,بخشی,228333.7,6.091
ماهانه,1399-12,اسفند 1399,تامین سرمایه,جسورانه,418.8,0.011
ماهانه,1399-12,اسفند 1399,تامین سرمایه,درآمد ثابت,1890565.9,50.432
ماهانه,1399-12,اسفند 1399,تامین سرمایه,سهامی,47252.7,1.26
ماهانه,1399-12,اسفند 1399,تامین سرمایه,شاخصی,4144.5,0.111
ماهانه,1399-12,اسفند 1399,تامین سرمایه,مختلط,4735.6,0.126
ماهانه,1399-12,اسفند 1399,تامین سرمایه,کالایی,21507.0,0.574
ماهانه,1399-12,اسفند 1399,سایر مدیران,بخشی,1691.9,0.045
ماهانه,1399-12,اسفند 1399,سایر مدیران,جسورانه,1512.3,0.04
ماهانه,1399-12,اسفند 1399,سایر مدیران,خصوصی,504.1,0.013
ماهانه,1399-12,اسفند 1399,سایر مدیران,درآمد ثابت,962107.6,25.665
ماهانه,1399-12,اسفند 1399,سایر مدیران,سهامی,118160.7,3.152
ماهانه,1399-12,اسفند 1399,سایر مدیران,شاخصی,3271.8,0.087
ماهانه,1399-12,اسفند 1399,سایر مدیران,صندوق در صندوق,776.8,0.021
ماهانه,1399-12,اسفند 1399,سایر مدیران,مختلط,11886.1,0.317
ماهانه,1399-12,اسفند 1399,سایر مدیران,پروژه‌ای,10578.7,0.282
ماهانه,1399-12,اسفند 1399,سایر مدیران,کالایی,5921.1,0.158
ماهانه,1399-12,اسفند 1399,سبد گردان اقتصاد بیدار,درآمد ثابت,461.9,0.012
ماهانه,1399-12,اسفند 1399,سبد گردان اقتصاد بیدار,سهامی,4241.5,0.113
ماهانه,1399-12,اسفند 1399,سبد گردان کاریزما,درآمد ثابت,113157.2,3.019
ماهانه,1399-12,اسفند 1399,سبد گردان کاریزما,سهامی,8599.2,0.229
ماهانه,1399-12,اسفند 1399,سبد گردان کاریزما,شاخصی,2200.7,0.059
ماهانه,1399-12,اسفند 1399,سبدگردان آگاه,درآمد ثابت,26402.8,0.704
ماهانه,1399-12,اسفند 1399,سبدگردان آگاه,سهامی,20313.3,0.542
ماهانه,1399-12,اسفند 1399,سبدگردان آگاه,مختلط,164.7,0.004
ماهانه,1399-12,اسفند 1399,سبدگردان توسعه فیروزه,جسورانه,54.2,0.001
ماهانه,1399-12,اسفند 1399,سبدگردان توسعه فیروزه,خصوصی,1002.2,0.027
ماهانه,1399-12,اسفند 1399,سبدگردان توسعه فیروزه,درآمد ثابت,2094.2,0.056
ماهانه,1399-12,اسفند 1399,سبدگردان توسعه فیروزه,سهامی,1431.7,0.038
ماهانه,1399-12,اسفند 1399,سبدگردان توسعه فیروزه,شاخصی,2622.0,0.07
ماهانه,1399-12,اسفند 1399,سبدگردان فارابی,درآمد ثابت,12431.6,0.332
ماهانه,1399-12,اسفند 1399,سبدگردان فارابی,سهامی,7965.1,0.213
ماهانه,1399-12,اسفند 1399,سبدگردان مفید,درآمد ثابت,131036.9,3.496
ماهانه,1399-12,اسفند 1399,سبدگردان مفید,سهامی,68214.8,1.82
ماهانه,1399-12,اسفند 1399,سبدگردان مفید,مختلط,3322.0,0.089
ماهانه,1399-12,اسفند 1399,سبدگردان مفید,کالایی,2155.4,0.057
ماهانه,1399-12,اسفند 1399,مشاور سرمایه گذاری ترنج,درآمد ثابت,3568.0,0.095
ماهانه,1399-12,اسفند 1399,مشاور سرمایه گذاری ترنج,سهامی,6954.0,0.186
ماهانه,1400-01,فروردین 1400,تامین سرمایه,اهرمی,1318.9,0.035
ماهانه,1400-01,فروردین 1400,تامین سرمایه,بازنشستگی,13587.2,0.36
ماهانه,1400-01,فروردین 1400,تامین سرمایه,بخشی,201279.9,5.338
ماهانه,1400-01,فروردین 1400,تامین سرمایه,جسورانه,417.6,0.011
ماهانه,1400-01,فروردین 1400,تامین سرمایه,درآمد ثابت,1949690.2,51.705
ماهانه,1400-01,فروردین 1400,تامین سرمایه,سهامی,42562.1,1.129
ماهانه,1400-01,فروردین 1400,تامین سرمایه,شاخصی,3605.1,0.096
ماهانه,1400-01,فروردین 1400,تامین سرمایه,مختلط,4534.5,0.12
ماهانه,1400-01,فروردین 1400,تامین سرمایه,کالایی,19432.9,0.515
ماهانه,1400-01,فروردین 1400,سایر مدیران,بخشی,1758.3,0.047
ماهانه,1400-01,فروردین 1400,سایر مدیران,جسورانه,1513.4,0.04
ماهانه,1400-01,فروردین 1400,سایر مدیران,خصوصی,504.4,0.013
ماهانه,1400-01,فروردین 1400,سایر مدیران,درآمد ثابت,969957.4,25.723
ماهانه,1400-01,فروردین 1400,سایر مدیران,سهامی,105047.0,2.786
ماهانه,1400-01,فروردین 1400,سایر مدیران,شاخصی,2944.2,0.078
ماهانه,1400-01,فروردین 1400,سایر مدیران,صندوق در صندوق,752.0,0.02
ماهانه,1400-01,فروردین 1400,سایر مدیران,مختلط,10958.7,0.291
ماهانه,1400-01,فروردین 1400,سایر مدیران,پروژه‌ای,10578.6,0.28
ماهانه,1400-01,فروردین 1400,سایر مدیران,کالایی,5658.3,0.15
ماهانه,1400-01,فروردین 1400,سبد گردان اقتصاد بیدار,درآمد ثابت,522.2,0.014
ماهانه,1400-01,فروردین 1400,سبد گردان اقتصاد بیدار,سهامی,4020.1,0.107
ماهانه,1400-01,فروردین 1400,سبد گردان کاریزما,درآمد ثابت,125024.5,3.316
ماهانه,1400-01,فروردین 1400,سبد گردان کاریزما,سهامی,8086.4,0.214
ماهانه,1400-01,فروردین 1400,سبد گردان کاریزما,شاخصی,2050.4,0.054
ماهانه,1400-01,فروردین 1400,سبدگردان آگاه,درآمد ثابت,31699.4,0.841
ماهانه,1400-01,فروردین 1400,سبدگردان آگاه,سهامی,17407.5,0.462
ماهانه,1400-01,فروردین 1400,سبدگردان آگاه,مختلط,158.7,0.004
ماهانه,1400-01,فروردین 1400,سبدگردان توسعه فیروزه,جسورانه,54.1,0.001
ماهانه,1400-01,فروردین 1400,سبدگردان توسعه فیروزه,خصوصی,1006.0,0.027
ماهانه,1400-01,فروردین 1400,سبدگردان توسعه فیروزه,درآمد ثابت,2114.9,0.056
ماهانه,1400-01,فروردین 1400,سبدگردان توسعه فیروزه,سهامی,1276.3,0.034
ماهانه,1400-01,فروردین 1400,سبدگردان توسعه فیروزه,شاخصی,2384.7,0.063
ماهانه,1400-01,فروردین 1400,سبدگردان فارابی,درآمد ثابت,12821.5,0.34
ماهانه,1400-01,فروردین 1400,سبدگردان فارابی,سهامی,6999.2,0.186
ماهانه,1400-01,فروردین 1400,سبدگردان مفید,درآمد ثابت,131741.0,3.494
ماهانه,1400-01,فروردین 1400,سبدگردان مفید,سهامی,61746.2,1.638
ماهانه,1400-01,فروردین 1400,سبدگردان مفید,مختلط,3130.1,0.083
ماهانه,1400-01,فروردین 1400,سبدگردان مفید,کالایی,1933.1,0.051
ماهانه,1400-01,فروردین 1400,مشاور سرمایه گذاری ترنج,درآمد ثابت,4341.6,0.115
ماهانه,1400-01,فروردین 1400,مشاور سرمایه گذاری ترنج,سهامی,6182.6,0.164
ماهانه,1400-02,اردیبهشت 1400,تامین سرمایه,اهرمی,1096.6,0.029
ماهانه,1400-02,اردیبهشت 1400,تامین سرمایه,بازنشستگی,12675.6,0.33
ماهانه,1400-02,اردیبهشت 1400,تامین سرمایه,بخشی,187688.4,4.888
ماهانه,1400-02,اردیبهشت 1400,تامین سرمایه,جسورانه,416.6,0.011
ماهانه,1400-02,اردیبهشت 1400,تامین سرمایه,درآمد ثابت,2040542.8,53.138
ماهانه,1400-02,اردیبهشت 1400,تامین سرمایه,سهامی,39590.4,1.031
ماهانه,1400-02,اردیبهشت 1400,تامین سرمایه,شاخصی,3354.8,0.087
ماهانه,1400-02,اردیبهشت 1400,تامین سرمایه,مختلط,4364.3,0.114
ماهانه,1400-02,اردیبهشت 1400,تامین سرمایه,کالایی,19230.7,0.501
ماهانه,1400-02,اردیبهشت 1400,سایر مدیران,بخشی,1872.5,0.049
ماهانه,1400-02,اردیبهشت 1400,سایر مدیران,جسورانه,1515.6,0.04
ماهانه,1400-02,اردیبهشت 1400,سایر مدیران,خصوصی,504.8,0.013
ماهانه,1400-02,اردیبهشت 1400,سایر مدیران,درآمد ثابت,982035.9,25.573
ماهانه,1400-02,اردیبهشت 1400,سایر مدیران,سهامی,97931.0,2.55
ماهانه,1400-02,اردیبهشت 1400,سایر مدیران,شاخصی,2799.5,0.073
ماهانه,1400-02,اردیبهشت 1400,سایر مدیران,صندوق در صندوق,751.4,0.02
ماهانه,1400-02,اردیبهشت 1400,سایر مدیران,مختلط,10639.1,0.277
ماهانه,1400-02,اردیبهشت 1400,سایر مدیران,پروژه‌ای,10578.4,0.276
ماهانه,1400-02,اردیبهشت 1400,سایر مدیران,کالایی,5276.8,0.137
ماهانه,1400-02,اردیبهشت 1400,سبد گردان اقتصاد بیدار,درآمد ثابت,1152.6,0.03
ماهانه,1400-02,اردیبهشت 1400,سبد گردان اقتصاد بیدار,سهامی,3656.8,0.095
ماهانه,1400-02,اردیبهشت 1400,سبد گردان کاریزما,درآمد ثابت,118363.5,3.082
ماهانه,1400-02,اردیبهشت 1400,سبد گردان کاریزما,سهامی,7740.7,0.202
ماهانه,1400-02,اردیبهشت 1400,سبد گردان کاریزما,شاخصی,1914.4,0.05
ماهانه,1400-02,اردیبهشت 1400,سبدگردان آگاه,درآمد ثابت,33038.0,0.86
ماهانه,1400-02,اردیبهشت 1400,سبدگردان آگاه,سهامی,16483.9,0.429
ماهانه,1400-02,اردیبهشت 1400,سبدگردان آگاه,مختلط,158.9,0.004
ماهانه,1400-02,اردیبهشت 1400,سبدگردان توسعه فیروزه,جسورانه,146.8,0.004
ماهانه,1400-02,اردیبهشت 1400,سبدگردان توسعه فیروزه,خصوصی,1005.8,0.026
ماهانه,1400-02,اردیبهشت 1400,سبدگردان توسعه فیروزه,درآمد ثابت,2138.6,0.056
ماهانه,1400-02,اردیبهشت 1400,سبدگردان توسعه فیروزه,سهامی,1189.9,0.031
ماهانه,1400-02,اردیبهشت 1400,سبدگردان توسعه فیروزه,شاخصی,2210.1,0.058
ماهانه,1400-02,اردیبهشت 1400,سبدگردان فارابی,درآمد ثابت,11236.8,0.293
ماهانه,1400-02,اردیبهشت 1400,سبدگردان فارابی,سهامی,6062.1,0.158
ماهانه,1400-02,اردیبهشت 1400,سبدگردان مفید,درآمد ثابت,129187.8,3.364
ماهانه,1400-02,اردیبهشت 1400,سبدگردان مفید,سهامی,64780.4,1.687
ماهانه,1400-02,اردیبهشت 1400,سبدگردان مفید,مختلط,2972.2,0.077
ماهانه,1400-02,اردیبهشت 1400,سبدگردان مفید,کالایی,1895.4,0.049
ماهانه,1400-02,اردیبهشت 1400,مشاور سرمایه گذاری ترنج,درآمد ثابت,6242.7,0.163
ماهانه,1400-02,اردیبهشت 1400,مشاور سرمایه گذاری ترنج,سهامی,5671.2,0.148
ماهانه,1400-03,خرداد 1400,تامین سرمایه,اهرمی,1126.9,0.029
ماهانه,1400-03,خرداد 1400,تامین سرمایه,بازنشستگی,12523.4,0.321
ماهانه,1400-03,خرداد 1400,تامین سرمایه,بخشی,194089.7,4.97
ماهانه,1400-03,خرداد 1400,تامین سرمایه,جسورانه,560.0,0.014
ماهانه,1400-03,خرداد 1400,تامین سرمایه,درآمد ثابت,2090573.2,53.527
ماهانه,1400-03,خرداد 1400,تامین سرمایه,سهامی,37812.2,0.968
ماهانه,1400-03,خرداد 1400,تامین سرمایه,شاخصی,3369.6,0.086
ماهانه,1400-03,خرداد 1400,تامین سرمایه,مختلط,4239.4,0.108
ماهانه,1400-03,خرداد 1400,تامین سرمایه,کالایی,20566.3,0.527
ماهانه,1400-03,خرداد 1400,سایر مدیران,بخشی,1841.4,0.047
ماهانه,1400-03,خرداد 1400,سایر مدیران,جسورانه,1561.8,0.04
ماهانه,1400-03,خرداد 1400,سایر مدیران,خصوصی,505.7,0.013
ماهانه,1400-03,خرداد 1400,سایر مدیران,درآمد ثابت,989001.1,25.322
ماهانه,1400-03,خرداد 1400,سایر مدیران,سهامی,97764.1,2.503
ماهانه,1400-03,خرداد 1400,سایر مدیران,شاخصی,2850.1,0.073
ماهانه,1400-03,خرداد 1400,سایر مدیران,صندوق در صندوق,758.0,0.019
ماهانه,1400-03,خرداد 1400,سایر مدیران,مختلط,10393.5,0.266
ماهانه,1400-03,خرداد 1400,سایر مدیران,پروژه‌ای,10578.2,0.271
ماهانه,1400-03,خرداد 1400,سایر مدیران,کالایی,5420.3,0.139
ماهانه,1400-03,خرداد 1400,سبد گردان اقتصاد بیدار,درآمد ثابت,1188.0,0.03
ماهانه,1400-03,خرداد 1400,سبد گردان اقتصاد بیدار,سهامی,3641.4,0.093
ماهانه,1400-03,خرداد 1400,سبد گردان کاریزما,درآمد ثابت,116188.0,2.975
ماهانه,1400-03,خرداد 1400,سبد گردان کاریزما,سهامی,7556.2,0.194
ماهانه,1400-03,خرداد 1400,سبد گردان کاریزما,شاخصی,1915.3,0.049
ماهانه,1400-03,خرداد 1400,سبدگردان آگاه,درآمد ثابت,33398.2,0.855
ماهانه,1400-03,خرداد 1400,سبدگردان آگاه,سهامی,16435.7,0.421
ماهانه,1400-03,خرداد 1400,سبدگردان آگاه,مختلط,159.4,0.004
ماهانه,1400-03,خرداد 1400,سبدگردان توسعه فیروزه,جسورانه,149.2,0.004
ماهانه,1400-03,خرداد 1400,سبدگردان توسعه فیروزه,خصوصی,1015.3,0.026
ماهانه,1400-03,خرداد 1400,سبدگردان توسعه فیروزه,درآمد ثابت,2201.3,0.056
ماهانه,1400-03,خرداد 1400,سبدگردان توسعه فیروزه,سهامی,1197.6,0.031
ماهانه,1400-03,خرداد 1400,سبدگردان توسعه فیروزه,شاخصی,2300.2,0.059
ماهانه,1400-03,خرداد 1400,سبدگردان فارابی,درآمد ثابت,10820.3,0.277
ماهانه,1400-03,خرداد 1400,سبدگردان فارابی,سهامی,5771.3,0.148
ماهانه,1400-03,خرداد 1400,سبدگردان مفید,درآمد ثابت,131416.7,3.365
ماهانه,1400-03,خرداد 1400,سبدگردان مفید,سهامی,67264.1,1.722
ماهانه,1400-03,خرداد 1400,سبدگردان مفید,مختلط,2984.5,0.076
ماهانه,1400-03,خرداد 1400,سبدگردان مفید,کالایی,1955.3,0.05
ماهانه,1400-03,خرداد 1400,مشاور سرمایه گذاری ترنج,درآمد ثابت,6849.1,0.175
ماهانه,1400-03,خرداد 1400,مشاور سرمایه گذاری ترنج,سهامی,5674.7,0.145
ماهانه,1400-04,تیر 1400,تامین سرمایه,اهرمی,1370.9,0.034
ماهانه,1400-04,تیر 1400,تامین سرمایه,بازنشستگی,14337.5,0.356
ماهانه,1400-04,تیر 1400,تامین سرمایه,بخشی,210013.7,5.207
ماهانه,1400-04,تیر 1400,تامین سرمایه,جسورانه,562.4,0.014
ماهانه,1400-04,تیر 1400,تامین سرمایه,درآمد ثابت,2143676.0,53.152
ماهانه,1400-04,تیر 1400,تامین سرمایه,سهامی,41786.1,1.036
ماهانه,1400-04,تیر 1400,تامین سرمایه,شاخصی,3888.5,0.096
ماهانه,1400-04,تیر 1400,تامین سرمایه,مختلط,4470.6,0.111
ماهانه,1400-04,تیر 1400,تامین سرمایه,کالایی,21762.0,0.54
ماهانه,1400-04,تیر 1400,سایر مدیران,بخشی,2684.2,0.067
ماهانه,1400-04,تیر 1400,سایر مدیران,جسورانه,1565.0,0.039
ماهانه,1400-04,تیر 1400,سایر مدیران,خصوصی,506.3,0.013
ماهانه,1400-04,تیر 1400,سایر مدیران,درآمد ثابت,1010269.1,25.05
ماهانه,1400-04,تیر 1400,سایر مدیران,سهامی,110564.7,2.741
ماهانه,1400-04,تیر 1400,سایر مدیران,شاخصی,3405.4,0.084
ماهانه,1400-04,تیر 1400,سایر مدیران,صندوق در صندوق,800.0,0.02
ماهانه,1400-04,تیر 1400,سایر مدیران,مختلط,10135.5,0.251
ماهانه,1400-04,تیر 1400,سایر مدیران,پروژه‌ای,10578.1,0.262
ماهانه,1400-04,تیر 1400,سایر مدیران,کالایی,5410.7,0.134
ماهانه,1400-04,تیر 1400,سبد گردان اقتصاد بیدار,درآمد ثابت,1227.2,0.03
ماهانه,1400-04,تیر 1400,سبد گردان اقتصاد بیدار,سهامی,4200.0,0.104
ماهانه,1400-04,تیر 1400,سبد گردان کاریزما,درآمد ثابت,115272.4,2.858
ماهانه,1400-04,تیر 1400,سبد گردان کاریزما,سهامی,8086.6,0.2
ماهانه,1400-04,تیر 1400,سبد گردان کاریزما,شاخصی,2177.5,0.054
ماهانه,1400-04,تیر 1400,سبد گردان کاریزما,مختلط,341.5,0.008
ماهانه,1400-04,تیر 1400,سبد گردان کاریزما,کالایی,1005.0,0.025
ماهانه,1400-04,تیر 1400,سبدگردان آگاه,درآمد ثابت,34021.7,0.844
ماهانه,1400-04,تیر 1400,سبدگردان آگاه,سهامی,18643.3,0.462
ماهانه,1400-04,تیر 1400,سبدگردان آگاه,مختلط,172.7,0.004
ماهانه,1400-04,تیر 1400,سبدگردان توسعه فیروزه,جسورانه,151.1,0.004
ماهانه,1400-04,تیر 1400,سبدگردان توسعه فیروزه,خصوصی,1021.4,0.025
ماهانه,1400-04,تیر 1400,سبدگردان توسعه فیروزه,درآمد ثابت,2255.4,0.056
ماهانه,1400-04,تیر 1400,سبدگردان توسعه فیروزه,سهامی,1379.0,0.034
ماهانه,1400-04,تیر 1400,سبدگردان توسعه فیروزه,شاخصی,2488.4,0.062
ماهانه,1400-04,تیر 1400,سبدگردان فارابی,درآمد ثابت,9954.3,0.247
ماهانه,1400-04,تیر 1400,سبدگردان فارابی,سهامی,5990.6,0.148
ماهانه,1400-04,تیر 1400,سبدگردان مفید,درآمد ثابت,131144.9,3.252
ماهانه,1400-04,تیر 1400,سبدگردان مفید,سهامی,78430.2,1.945
ماهانه,1400-04,تیر 1400,سبدگردان مفید,مختلط,3417.0,0.085
ماهانه,1400-04,تیر 1400,سبدگردان مفید,کالایی,1966.6,0.049
ماهانه,1400-04,تیر 1400,مشاور سرمایه گذاری ترنج,درآمد ثابت,5550.2,0.138
ماهانه,1400-04,تیر 1400,مشاور سرمایه گذاری ترنج,سهامی,6413.0,0.159
ماهانه,1400-05,مرداد 1400,تامین سرمایه,اهرمی,1511.5,0.036
ماهانه,1400-05,مرداد 1400,تامین سرمایه,بازنشستگی,16706.8,0.402
ماهانه,1400-05,مرداد 1400,تامین سرمایه,بخشی,228526.7,5.492
ماهانه,1400-05,مرداد 1400,تامین سرمایه,جسورانه,561.6,0.014
ماهانه,1400-05,مرداد 1400,تامین سرمایه,درآمد ثابت,2172445.8,52.21
ماهانه,1400-05,مرداد 1400,تامین سرمایه,سهامی,47081.8,1.132
ماهانه,1400-05,مرداد 1400,تامین سرمایه,شاخصی,4626.5,0.111
ماهانه,1400-05,مرداد 1400,تامین سرمایه,مختلط,4729.9,0.114
ماهانه,1400-05,مرداد 1400,تامین سرمایه,کالایی,28010.2,0.673
ماهانه,1400-05,مرداد 1400,سایر مدیران,بخشی,3020.6,0.073
ماهانه,1400-05,مرداد 1400,سایر مدیران,جسورانه,1567.0,0.038
ماهانه,1400-05,مرداد 1400,سایر مدیران,خصوصی,507.3,0.012
ماهانه,1400-05,مرداد 1400,سایر مدیران,درآمد ثابت,1013390.1,24.354
ماهانه,1400-05,مرداد 1400,سایر مدیران,سهامی,125139.3,3.007
ماهانه,1400-05,مرداد 1400,سایر مدیران,شاخصی,4677.0,0.112
ماهانه,1400-05,مرداد 1400,سایر مدیران,صندوق در صندوق,992.7,0.024
ماهانه,1400-05,مرداد 1400,سایر مدیران,مختلط,11501.8,0.276
ماهانه,1400-05,مرداد 1400,سایر مدیران,پروژه‌ای,10577.7,0.254
ماهانه,1400-05,مرداد 1400,سایر مدیران,کالایی,6419.0,0.154
ماهانه,1400-05,مرداد 1400,سبد گردان اقتصاد بیدار,درآمد ثابت,1251.2,0.03
ماهانه,1400-05,مرداد 1400,سبد گردان اقتصاد بیدار,سهامی,4730.4,0.114
ماهانه,1400-05,مرداد 1400,سبد گردان کاریزما,درآمد ثابت,119688.7,2.876
ماهانه,1400-05,مرداد 1400,سبد گردان کاریزما,سهامی,9032.2,0.217
ماهانه,1400-05,مرداد 1400,سبد گردان کاریزما,شاخصی,2782.9,0.067
ماهانه,1400-05,مرداد 1400,سبد گردان کاریزما,مختلط,385.3,0.009
ماهانه,1400-05,مرداد 1400,سبد گردان کاریزما,کالایی,1042.6,0.025
ماهانه,1400-05,مرداد 1400,سبدگردان آگاه,درآمد ثابت,34566.1,0.831
ماهانه,1400-05,مرداد 1400,سبدگردان آگاه,سهامی,23982.9,0.576
ماهانه,1400-05,مرداد 1400,سبدگردان آگاه,مختلط,191.0,0.005
ماهانه,1400-05,مرداد 1400,سبدگردان توسعه فیروزه,جسورانه,150.8,0.004
ماهانه,1400-05,مرداد 1400,سبدگردان توسعه فیروزه,خصوصی,1031.0,0.025
ماهانه,1400-05,مرداد 1400,سبدگردان توسعه فیروزه,درآمد ثابت,2314.2,0.056
ماهانه,1400-05,مرداد 1400,سبدگردان توسعه فیروزه,سهامی,1574.0,0.038
ماهانه,1400-05,مرداد 1400,سبدگردان توسعه فیروزه,شاخصی,2847.2,0.068
ماهانه,1400-05,مرداد 1400,سبدگردان فارابی,درآمد ثابت,9191.4,0.221
ماهانه,1400-05,مرداد 1400,سبدگردان فارابی,سهامی,7600.0,0.183
ماهانه,1400-05,مرداد 1400,سبدگردان مفید,درآمد ثابت,135646.7,3.26
ماهانه,1400-05,مرداد 1400,سبدگردان مفید,سهامی,98930.9,2.378
ماهانه,1400-05,مرداد 1400,سبدگردان مفید,مختلط,3880.4,0.093
ماهانه,1400-05,مرداد 1400,سبدگردان مفید,کالایی,2799.8,0.067
ماهانه,1400-05,مرداد 1400,مشاور سرمایه گذاری ترنج,درآمد ثابت,6245.8,0.15
ماهانه,1400-05,مرداد 1400,مشاور سرمایه گذاری ترنج,سهامی,9149.7,0.22
ماهانه,1400-06,شهریور 1400,تامین سرمایه,اهرمی,1378.9,0.032
ماهانه,1400-06,شهریور 1400,تامین سرمایه,بازنشستگی,14525.9,0.338
ماهانه,1400-06,شهریور 1400,تامین سرمایه,بخشی,216857.0,5.051
ماهانه,1400-06,شهریور 1400,تامین سرمایه,جسورانه,564.6,0.013
ماهانه,1400-06,شهریور 1400,تامین سرمایه,درآمد ثابت,2266537.8,52.793
ماهانه,1400-06,شهریور 1400,تامین سرمایه,سهامی,41707.9,0.971
ماهانه,1400-06,شهریور 1400,تامین سرمایه,شاخصی,4226.7,0.098
ماهانه,1400-06,شهریور 1400,تامین سرمایه,مختلط,4141.2,0.096
ماهانه,1400-06,شهریور 1400,تامین سرمایه,کالایی,27097.6,0.631
ماهانه,1400-06,شهریور 1400,سایر مدیران,بخشی,3010.2,0.07
ماهانه,1400-06,شهریور 1400,سایر مدیران,جسورانه,1567.5,0.036
ماهانه,1400-06,شهریور 1400,سایر مدیران,خصوصی,509.8,0.012
ماهانه,1400-06,شهریور 1400,سایر مدیران,درآمد ثابت,1031380.9,24.023
ماهانه,1400-06,شهریور 1400,سایر مدیران,سهامی,110754.8,2.58
ماهانه,1400-06,شهریور 1400,سایر مدیران,شاخصی,4072.2,0.095
ماهانه,1400-06,شهریور 1400,سایر مدیران,صندوق در صندوق,1371.4,0.032
ماهانه,1400-06,شهریور 1400,سایر مدیران,مختلط,10579.1,0.246
ماهانه,1400-06,شهریور 1400,سایر مدیران,پروژه‌ای,10577.5,0.246
ماهانه,1400-06,شهریور 1400,سایر مدیران,کالایی,6142.5,0.143
ماهانه,1400-06,شهریور 1400,سبد گردان اقتصاد بیدار,درآمد ثابت,2137.6,0.05
ماهانه,1400-06,شهریور 1400,سبد گردان اقتصاد بیدار,سهامی,4361.0,0.102
ماهانه,1400-06,شهریور 1400,سبد گردان کاریزما,درآمد ثابت,151296.8,3.524
ماهانه,1400-06,شهریور 1400,سبد گردان کاریزما,سهامی,8385.7,0.195
ماهانه,1400-06,شهریور 1400,سبد گردان کاریزما,شاخصی,2416.5,0.056
ماهانه,1400-06,شهریور 1400,سبد گردان کاریزما,مختلط,362.7,0.008
ماهانه,1400-06,شهریور 1400,سبد گردان کاریزما,کالایی,1114.6,0.026
ماهانه,1400-06,شهریور 1400,سبدگردان آگاه,درآمد ثابت,38614.5,0.899
ماهانه,1400-06,شهریور 1400,سبدگردان آگاه,سهامی,23101.5,0.538
ماهانه,1400-06,شهریور 1400,سبدگردان آگاه,مختلط,185.0,0.004
ماهانه,1400-06,شهریور 1400,سبدگردان توسعه فیروزه,جسورانه,151.3,0.003
ماهانه,1400-06,شهریور 1400,سبدگردان توسعه فیروزه,خصوصی,1021.0,0.024
ماهانه,1400-06,شهریور 1400,سبدگردان توسعه فیروزه,درآمد ثابت,2309.3,0.054
ماهانه,1400-06,شهریور 1400,سبدگردان توسعه فیروزه,سهامی,1508.1,0.035
ماهانه,1400-06,شهریور 1400,سبدگردان توسعه فیروزه,شاخصی,2616.2,0.061
ماهانه,1400-06,شهریور 1400,سبدگردان فارابی,درآمد ثابت,10312.3,0.24
ماهانه,1400-06,شهریور 1400,سبدگردان فارابی,سهامی,6772.3,0.158
ماهانه,1400-06,شهریور 1400,سبدگردان مفید,درآمد ثابت,155229.6,3.616
ماهانه,1400-06,شهریور 1400,سبدگردان مفید,سهامی,96927.1,2.258
ماهانه,1400-06,شهریور 1400,سبدگردان مفید,مختلط,3815.2,0.089
ماهانه,1400-06,شهریور 1400,سبدگردان مفید,کالایی,2644.0,0.062
ماهانه,1400-06,شهریور 1400,مشاور سرمایه گذاری ترنج,درآمد ثابت,11959.3,0.279
ماهانه,1400-06,شهریور 1400,مشاور سرمایه گذاری ترنج,سهامی,9021.3,0.21
ماهانه,1400-07,مهر 1400,تامین سرمایه,اهرمی,1359.4,0.031
ماهانه,1400-07,مهر 1400,تامین سرمایه,بازنشستگی,14990.4,0.341
ماهانه,1400-07,مهر 1400,تامین سرمایه,بخشی,211084.3,4.802
ماهانه,1400-07,مهر 1400,تامین سرمایه,جسورانه,564.7,0.013
ماهانه,1400-07,مهر 1400,تامین سرمایه,درآمد ثابت,2364056.0,53.784
ماهانه,1400-07,مهر 1400,تامین سرمایه,سهامی,42097.0,0.958
ماهانه,1400-07,مهر 1400,تامین سرمایه,شاخصی,4839.3,0.11
ماهانه,1400-07,مهر 1400,تامین سرمایه,مختلط,4155.4,0.094
ماهانه,1400-07,مهر 1400,تامین سرمایه,کالایی,26891.8,0.612
ماهانه,1400-07,مهر 1400,سایر مدیران,بخشی,3092.1,0.07
ماهانه,1400-07,مهر 1400,سایر مدیران,جسورانه,1569.0,0.036
ماهانه,1400-07,مهر 1400,سایر مدیران,خصوصی,511.5,0.012
ماهانه,1400-07,مهر 1400,سایر مدیران,درآمد ثابت,1042588.6,23.72
ماهانه,1400-07,مهر 1400,سایر مدیران,سهامی,113929.5,2.592
ماهانه,1400-07,مهر 1400,سایر مدیران,شاخصی,4261.0,0.097
ماهانه,1400-07,مهر 1400,سایر مدیران,صندوق در صندوق,1525.4,0.035
ماهانه,1400-07,مهر 1400,سایر مدیران,مختلط,10574.7,0.241
ماهانه,1400-07,مهر 1400,سایر مدیران,پروژه‌ای,10577.5,0.241
ماهانه,1400-07,مهر 1400,سایر مدیران,کالایی,6120.2,0.139
ماهانه,1400-07,مهر 1400,سبد گردان اقتصاد بیدار,درآمد ثابت,2814.6,0.064
ماهانه,1400-07,مهر 1400,سبد گردان اقتصاد بیدار,سهامی,4318.8,0.098
ماهانه,1400-07,مهر 1400,سبد گردان کاریزما,درآمد ثابت,133895.2,3.046
ماهانه,1400-07,مهر 1400,سبد گردان کاریزما,سهامی,8399.6,0.191
ماهانه,1400-07,مهر 1400,سبد گردان کاریزما,شاخصی,2510.1,0.057
ماهانه,1400-07,مهر 1400,سبد گردان کاریزما,مختلط,361.1,0.008
ماهانه,1400-07,مهر 1400,سبد گردان کاریزما,کالایی,1107.8,0.025
ماهانه,1400-07,مهر 1400,سبدگردان آگاه,درآمد ثابت,39665.2,0.902
ماهانه,1400-07,مهر 1400,سبدگردان آگاه,سهامی,24045.6,0.547
ماهانه,1400-07,مهر 1400,سبدگردان آگاه,مختلط,201.6,0.005
ماهانه,1400-07,مهر 1400,سبدگردان توسعه فیروزه,جسورانه,151.7,0.003
ماهانه,1400-07,مهر 1400,سبدگردان توسعه فیروزه,خصوصی,1023.3,0.023
ماهانه,1400-07,مهر 1400,سبدگردان توسعه فیروزه,درآمد ثابت,2336.5,0.053
ماهانه,1400-07,مهر 1400,سبدگردان توسعه فیروزه,سهامی,1546.5,0.035
ماهانه,1400-07,مهر 1400,سبدگردان توسعه فیروزه,شاخصی,2686.8,0.061
ماهانه,1400-07,مهر 1400,سبدگردان فارابی,درآمد ثابت,10817.1,0.246
ماهانه,1400-07,مهر 1400,سبدگردان فارابی,سهامی,6410.9,0.146
ماهانه,1400-07,مهر 1400,سبدگردان مفید,درآمد ثابت,155693.6,3.542
ماهانه,1400-07,مهر 1400,سبدگردان مفید,سهامی,103957.2,2.365
ماهانه,1400-07,مهر 1400,سبدگردان مفید,مختلط,4041.3,0.092
ماهانه,1400-07,مهر 1400,سبدگردان مفید,کالایی,2627.8,0.06
ماهانه,1400-07,مهر 1400,مشاور سرمایه گذاری ترنج,درآمد ثابت,12756.7,0.29
ماهانه,1400-07,مهر 1400,مشاور سرمایه گذاری ترنج,سهامی,9317.3,0.212
ماهانه,1400-08,آبان 1400,تامین سرمایه,اهرمی,1541.3,0.035
ماهانه,1400-08,آبان 1400,تامین سرمایه,بازنشستگی,14315.2,0.327
ماهانه,1400-08,آبان 1400,تامین سرمایه,بخشی,195441.6,4.463
ماهانه,1400-08,آبان 1400,تامین سرمایه,جسورانه,566.5,0.013
ماهانه,1400-08,آبان 1400,تامین سرمایه,درآمد ثابت,2385380.3,54.473
ماهانه,1400-08,آبان 1400,تامین سرمایه,سهامی,40048.0,0.915
ماهانه,1400-08,آبان 1400,تامین سرمایه,شاخصی,4842.6,0.111
ماهانه,1400-08,آبان 1400,تامین سرمایه,مختلط,4068.5,0.093
ماهانه,1400-08,آبان 1400,تامین سرمایه,کالایی,28407.7,0.649
ماهانه,1400-08,آبان 1400,سایر مدیران,بخشی,3051.0,0.07
ماهانه,1400-08,آبان 1400,سایر مدیران,جسورانه,3088.5,0.07
ماهانه,1400-08,آبان 1400,سایر مدیران,خصوصی,10522.6,0.24
ماهانه,1400-08,آبان 1400,سایر مدیران,درآمد ثابت,1032961.9,23.589
ماهانه,1400-08,آبان 1400,سایر مدیران,سهامی,107609.6,2.457
ماهانه,1400-08,آبان 1400,سایر مدیران,شاخصی,4093.8,0.094
ماهانه,1400-08,آبان 1400,سایر مدیران,صندوق در صندوق,1531.9,0.035
ماهانه,1400-08,آبان 1400,سایر مدیران,مختلط,10205.6,0.233
ماهانه,1400-08,آبان 1400,سایر مدیران,پروژه‌ای,10577.3,0.242
ماهانه,1400-08,آبان 1400,سایر مدیران,کالایی,8201.4,0.187
ماهانه,1400-08,آبان 1400,سبد گردان اقتصاد بیدار,درآمد ثابت,4610.3,0.105
ماهانه,1400-08,آبان 1400,سبد گردان اقتصاد بیدار,سهامی,3969.8,0.091
ماهانه,1400-08,آبان 1400,سبد گردان کاریزما,درآمد ثابت,121309.5,2.77
ماهانه,1400-08,آبان 1400,سبد گردان کاریزما,سهامی,7989.6,0.182
ماهانه,1400-08,آبان 1400,سبد گردان کاریزما,شاخصی,2388.8,0.055
ماهانه,1400-08,آبان 1400,سبد گردان کاریزما,مختلط,348.2,0.008
ماهانه,1400-08,آبان 1400,سبد گردان کاریزما,کالایی,1311.0,0.03
ماهانه,1400-08,آبان 1400,سبدگردان آگاه,درآمد ثابت,39813.9,0.909
ماهانه,1400-08,آبان 1400,سبدگردان آگاه,سهامی,23539.0,0.538
ماهانه,1400-08,آبان 1400,سبدگردان آگاه,مختلط,201.0,0.005
ماهانه,1400-08,آبان 1400,سبدگردان توسعه فیروزه,جسورانه,205.1,0.005
ماهانه,1400-08,آبان 1400,سبدگردان توسعه فیروزه,خصوصی,1023.4,0.023
ماهانه,1400-08,آبان 1400,سبدگردان توسعه فیروزه,درآمد ثابت,2386.7,0.054
ماهانه,1400-08,آبان 1400,سبدگردان توسعه فیروزه,سهامی,1411.8,0.032
ماهانه,1400-08,آبان 1400,سبدگردان توسعه فیروزه,شاخصی,2646.4,0.06
ماهانه,1400-08,آبان 1400,سبدگردان فارابی,درآمد ثابت,9869.5,0.225
ماهانه,1400-08,آبان 1400,سبدگردان فارابی,سهامی,6058.6,0.138
ماهانه,1400-08,آبان 1400,سبدگردان مفید,درآمد ثابت,152147.7,3.474
ماهانه,1400-08,آبان 1400,سبدگردان مفید,سهامی,101114.5,2.309
ماهانه,1400-08,آبان 1400,سبدگردان مفید,مختلط,3958.8,0.09
ماهانه,1400-08,آبان 1400,سبدگردان مفید,کالایی,2875.0,0.066
ماهانه,1400-08,آبان 1400,مشاور سرمایه گذاری ترنج,درآمد ثابت,13718.2,0.313
ماهانه,1400-08,آبان 1400,مشاور سرمایه گذاری ترنج,سهامی,8970.7,0.205
ماهانه,1400-08,آبان 1400,مشاور سرمایه گذاری ترنج,مختلط,709.9,0.016
ماهانه,1400-09,آذر 1400,تامین سرمایه,اهرمی,1541.3,0.036
ماهانه,1400-09,آذر 1400,تامین سرمایه,بازنشستگی,13429.0,0.311
ماهانه,1400-09,آذر 1400,تامین سرمایه,بخشی,184901.4,4.276
ماهانه,1400-09,آذر 1400,تامین سرمایه,جسورانه,566.3,0.013
ماهانه,1400-09,آذر 1400,تامین سرمایه,درآمد ثابت,2429738.3,56.189
ماهانه,1400-09,آذر 1400,تامین سرمایه,سهامی,37115.2,0.858
ماهانه,1400-09,آذر 1400,تامین سرمایه,شاخصی,4575.1,0.106
ماهانه,1400-09,آذر 1400,تامین سرمایه,مختلط,3918.9,0.091
ماهانه,1400-09,آذر 1400,تامین سرمایه,کالایی,28184.3,0.652
ماهانه,1400-09,آذر 1400,سایر مدیران,بخشی,3002.7,0.069
ماهانه,1400-09,آذر 1400,سایر مدیران,جسورانه,3114.3,0.072
ماهانه,1400-09,آذر 1400,سایر مدیران,خصوصی,10559.2,0.244
ماهانه,1400-09,آذر 1400,سایر مدیران,درآمد ثابت,968767.1,22.403
ماهانه,1400-09,آذر 1400,سایر مدیران,سهامی,98845.2,2.286
ماهانه,1400-09,آذر 1400,سایر مدیران,شاخصی,3827.5,0.089
ماهانه,1400-09,آذر 1400,سایر مدیران,صندوق در صندوق,1531.8,0.035
ماهانه,1400-09,آذر 1400,سایر مدیران,مختلط,9620.8,0.222
ماهانه,1400-09,آذر 1400,سایر مدیران,پروژه‌ای,10577.1,0.245
ماهانه,1400-09,آذر 1400,سایر مدیران,کالایی,8264.1,0.191
ماهانه,1400-09,آذر 1400,سبد گردان اقتصاد بیدار,درآمد ثابت,5926.8,0.137
ماهانه,1400-09,آذر 1400,سبد گردان اقتصاد بیدار,سهامی,3702.0,0.086
ماهانه,1400-09,آذر 1400,سبد گردان کاریزما,اهرمی,5000.4,0.116
ماهانه,1400-09,آذر 1400,سبد گردان کاریزما,درآمد ثابت,114542.3,2.649
ماهانه,1400-09,آذر 1400,سبد گردان کاریزما,سهامی,7721.5,0.179
ماهانه,1400-09,آذر 1400,سبد گردان کاریزما,شاخصی,2236.3,0.052
ماهانه,1400-09,آذر 1400,سبد گردان کاریزما,مختلط,335.1,0.008
ماهانه,1400-09,آذر 1400,سبد گردان کاریزما,کالایی,1691.1,0.039
ماهانه,1400-09,آذر 1400,سبدگردان آگاه,درآمد ثابت,37136.6,0.859
ماهانه,1400-09,آذر 1400,سبدگردان آگاه,سهامی,22228.3,0.514
ماهانه,1400-09,آذر 1400,سبدگردان آگاه,مختلط,191.1,0.004
ماهانه,1400-09,آذر 1400,سبدگردان توسعه فیروزه,جسورانه,206.1,0.005
ماهانه,1400-09,آذر 1400,سبدگردان توسعه فیروزه,خصوصی,1025.3,0.024
ماهانه,1400-09,آذر 1400,سبدگردان توسعه فیروزه,درآمد ثابت,2023.7,0.047
ماهانه,1400-09,آذر 1400,سبدگردان توسعه فیروزه,سهامی,1622.8,0.038
ماهانه,1400-09,آذر 1400,سبدگردان توسعه فیروزه,شاخصی,2556.9,0.059
ماهانه,1400-09,آذر 1400,سبدگردان فارابی,درآمد ثابت,8852.9,0.205
ماهانه,1400-09,آذر 1400,سبدگردان فارابی,سهامی,5584.4,0.129
ماهانه,1400-09,آذر 1400,سبدگردان مفید,درآمد ثابت,147149.1,3.403
ماهانه,1400-09,آذر 1400,سبدگردان مفید,سهامی,98408.2,2.276
ماهانه,1400-09,آذر 1400,سبدگردان مفید,مختلط,3704.1,0.086
ماهانه,1400-09,آذر 1400,سبدگردان مفید,کالایی,3409.2,0.079
ماهانه,1400-09,آذر 1400,مشاور سرمایه گذاری ترنج,درآمد ثابت,17217.1,0.398
ماهانه,1400-09,آذر 1400,مشاور سرمایه گذاری ترنج,سهامی,8983.2,0.208
ماهانه,1400-09,آذر 1400,مشاور سرمایه گذاری ترنج,مختلط,670.4,0.016
ماهانه,1400-10,دی 1400,تامین سرمایه,اهرمی,1480.0,0.034
ماهانه,1400-10,دی 1400,تامین سرمایه,بازنشستگی,12944.3,0.297
ماهانه,1400-10,دی 1400,تامین سرمایه,بخشی,182888.8,4.202
ماهانه,1400-10,دی 1400,تامین سرمایه,جسورانه,564.4,0.013
ماهانه,1400-10,دی 1400,تامین سرمایه,درآمد ثابت,2469636.8,56.74
ماهانه,1400-10,دی 1400,تامین سرمایه,سهامی,35073.0,0.806
ماهانه,1400-10,دی 1400,تامین سرمایه,شاخصی,4368.6,0.1
ماهانه,1400-10,دی 1400,تامین سرمایه,مختلط,3829.7,0.088
ماهانه,1400-10,دی 1400,تامین سرمایه,کالایی,25180.1,0.578
ماهانه,1400-10,دی 1400,سایر مدیران,بخشی,3142.3,0.072
ماهانه,1400-10,دی 1400,سایر مدیران,جسورانه,3135.3,0.072
ماهانه,1400-10,دی 1400,سایر مدیران,خصوصی,10768.1,0.247
ماهانه,1400-10,دی 1400,سایر مدیران,درآمد ثابت,959912.3,22.054
ماهانه,1400-10,دی 1400,سایر مدیران,سهامی,92852.4,2.133
ماهانه,1400-10,دی 1400,سایر مدیران,شاخصی,3684.1,0.085
ماهانه,1400-10,دی 1400,سایر مدیران,صندوق در صندوق,1537.6,0.035
ماهانه,1400-10,دی 1400,سایر مدیران,مختلط,8663.2,0.199
ماهانه,1400-10,دی 1400,سایر مدیران,پروژه‌ای,10576.9,0.243
ماهانه,1400-10,دی 1400,سایر مدیران,کالایی,7500.4,0.172
ماهانه,1400-10,دی 1400,سبد گردان اقتصاد بیدار,درآمد ثابت,6689.3,0.154
ماهانه,1400-10,دی 1400,سبد گردان اقتصاد بیدار,سهامی,3612.6,0.083
ماهانه,1400-10,دی 1400,سبد گردان کاریزما,اهرمی,4775.9,0.11
ماهانه,1400-10,دی 1400,سبد گردان کاریزما,درآمد ثابت,126797.5,2.913
ماهانه,1400-10,دی 1400,سبد گردان کاریزما,سهامی,7380.7,0.17
ماهانه,1400-10,دی 1400,سبد گردان کاریزما,شاخصی,2077.9,0.048
ماهانه,1400-10,دی 1400,سبد گردان کاریزما,مختلط,331.8,0.008
ماهانه,1400-10,دی 1400,سبد گردان کاریزما,کالایی,1762.6,0.04
ماهانه,1400-10,دی 1400,سبدگردان آگاه,درآمد ثابت,35513.1,0.816
ماهانه,1400-10,دی 1400,سبدگردان آگاه,سهامی,20808.6,0.478
ماهانه,1400-10,دی 1400,سبدگردان آگاه,مختلط,187.7,0.004
ماهانه,1400-10,دی 1400,سبدگردان توسعه فیروزه,جسورانه,208.5,0.005
ماهانه,1400-10,دی 1400,سبدگردان توسعه فیروزه,خصوصی,1043.4,0.024
ماهانه,1400-10,دی 1400,سبدگردان توسعه فیروزه,درآمد ثابت,2068.8,0.048
ماهانه,1400-10,دی 1400,سبدگردان توسعه فیروزه,سهامی,1609.6,0.037
ماهانه,1400-10,دی 1400,سبدگردان توسعه فیروزه,شاخصی,2417.6,0.056
ماهانه,1400-10,دی 1400,سبدگردان فارابی,درآمد ثابت,8654.1,0.199
ماهانه,1400-10,دی 1400,سبدگردان فارابی,سهامی,5368.2,0.123
ماهانه,1400-10,دی 1400,سبدگردان مفید,درآمد ثابت,152556.4,3.505
ماهانه,1400-10,دی 1400,سبدگردان مفید,سهامی,92402.9,2.123
ماهانه,1400-10,دی 1400,سبدگردان مفید,مختلط,3616.3,0.083
ماهانه,1400-10,دی 1400,سبدگردان مفید,کالایی,2976.8,0.068
ماهانه,1400-10,دی 1400,مشاور سرمایه گذاری ترنج,درآمد ثابت,22692.5,0.521
ماهانه,1400-10,دی 1400,مشاور سرمایه گذاری ترنج,سهامی,8577.9,0.197
ماهانه,1400-10,دی 1400,مشاور سرمایه گذاری ترنج,مختلط,654.5,0.015
ماهانه,1400-11,بهمن 1400,تامین سرمایه,اهرمی,1500.2,0.034
ماهانه,1400-11,بهمن 1400,تامین سرمایه,بازنشستگی,13120.9,0.297
ماهانه,1400-11,بهمن 1400,تامین سرمایه,بخشی,186630.4,4.222
ماهانه,1400-11,بهمن 1400,تامین سرمایه,جسورانه,567.0,0.013
ماهانه,1400-11,بهمن 1400,تامین سرمایه,درآمد ثابت,2505321.6,56.669
ماهانه,1400-11,بهمن 1400,تامین سرمایه,سهامی,34495.9,0.78
ماهانه,1400-11,بهمن 1400,تامین سرمایه,شاخصی,4334.6,0.098
ماهانه,1400-11,بهمن 1400,تامین سرمایه,مختلط,3812.3,0.086
ماهانه,1400-11,بهمن 1400,تامین سرمایه,کالایی,23646.8,0.535
ماهانه,1400-11,بهمن 1400,سایر مدیران,بخشی,3023.1,0.068
ماهانه,1400-11,بهمن 1400,سایر مدیران,جسورانه,3188.4,0.072
ماهانه,1400-11,بهمن 1400,سایر مدیران,خصوصی,10812.7,0.245
ماهانه,1400-11,بهمن 1400,سایر مدیران,درآمد ثابت,958057.6,21.671
ماهانه,1400-11,بهمن 1400,سایر مدیران,سهامی,89473.7,2.024
ماهانه,1400-11,بهمن 1400,سایر مدیران,شاخصی,3639.2,0.082
ماهانه,1400-11,بهمن 1400,سایر مدیران,صندوق در صندوق,2114.7,0.048
ماهانه,1400-11,بهمن 1400,سایر مدیران,مختلط,7739.1,0.175
ماهانه,1400-11,بهمن 1400,سایر مدیران,پروژه‌ای,10576.8,0.239
ماهانه,1400-11,بهمن 1400,سایر مدیران,کالایی,6922.0,0.157
ماهانه,1400-11,بهمن 1400,سبد گردان اقتصاد بیدار,درآمد ثابت,8031.3,0.182
ماهانه,1400-11,بهمن 1400,سبد گردان اقتصاد بیدار,سهامی,3422.3,0.077
ماهانه,1400-11,بهمن 1400,سبد گردان کاریزما,اهرمی,4750.3,0.108
ماهانه,1400-11,بهمن 1400,سبد گردان کاریزما,درآمد ثابت,152820.8,3.457
ماهانه,1400-11,بهمن 1400,سبد گردان کاریزما,سهامی,7127.3,0.161
ماهانه,1400-11,بهمن 1400,سبد گردان کاریزما,شاخصی,2026.4,0.046
ماهانه,1400-11,بهمن 1400,سبد گردان کاریزما,صندوق در صندوق,582.7,0.013
ماهانه,1400-11,بهمن 1400,سبد گردان کاریزما,مختلط,360.6,0.008
ماهانه,1400-11,بهمن 1400,سبد گردان کاریزما,کالایی,1746.1,0.04
ماهانه,1400-11,بهمن 1400,سبدگردان آگاه,درآمد ثابت,34335.2,0.777
ماهانه,1400-11,بهمن 1400,سبدگردان آگاه,سهامی,20123.2,0.455
ماهانه,1400-11,بهمن 1400,سبدگردان آگاه,مختلط,187.6,0.004
ماهانه,1400-11,بهمن 1400,سبدگردان توسعه فیروزه,جسورانه,209.2,0.005
ماهانه,1400-11,بهمن 1400,سبدگردان توسعه فیروزه,خصوصی,1049.6,0.024
ماهانه,1400-11,بهمن 1400,سبدگردان توسعه فیروزه,درآمد ثابت,2068.8,0.047
ماهانه,1400-11,بهمن 1400,سبدگردان توسعه فیروزه,سهامی,1535.4,0.035
ماهانه,1400-11,بهمن 1400,سبدگردان توسعه فیروزه,شاخصی,2410.5,0.054
ماهانه,1400-11,بهمن 1400,سبدگردان فارابی,درآمد ثابت,9120.6,0.206
ماهانه,1400-11,بهمن 1400,سبدگردان فارابی,سهامی,4989.3,0.113
ماهانه,1400-11,بهمن 1400,سبدگردان مفید,درآمد ثابت,167612.7,3.791
ماهانه,1400-11,بهمن 1400,سبدگردان مفید,سهامی,88608.3,2.004
ماهانه,1400-11,بهمن 1400,سبدگردان مفید,مختلط,3342.9,0.076
ماهانه,1400-11,بهمن 1400,سبدگردان مفید,کالایی,2773.2,0.063
ماهانه,1400-11,بهمن 1400,مشاور سرمایه گذاری ترنج,درآمد ثابت,23808.4,0.538
ماهانه,1400-11,بهمن 1400,مشاور سرمایه گذاری ترنج,سهامی,8302.2,0.188
ماهانه,1400-11,بهمن 1400,مشاور سرمایه گذاری ترنج,مختلط,650.3,0.015
ماهانه,1400-12,اسفند 1400,تامین سرمایه,اهرمی,1407.2,0.031
ماهانه,1400-12,اسفند 1400,تامین سرمایه,بازنشستگی,13991.9,0.305
ماهانه,1400-12,اسفند 1400,تامین سرمایه,بخشی,211252.4,4.601
ماهانه,1400-12,اسفند 1400,تامین سرمایه,جسورانه,567.1,0.012
ماهانه,1400-12,اسفند 1400,تامین سرمایه,درآمد ثابت,2595768.0,56.54
ماهانه,1400-12,اسفند 1400,تامین سرمایه,سهامی,36645.4,0.798
ماهانه,1400-12,اسفند 1400,تامین سرمایه,شاخصی,4745.0,0.103
ماهانه,1400-12,اسفند 1400,تامین سرمایه,مختلط,3902.8,0.085
ماهانه,1400-12,اسفند 1400,تامین سرمایه,کالایی,23683.3,0.516
ماهانه,1400-12,اسفند 1400,سایر مدیران,بخشی,2735.4,0.06
ماهانه,1400-12,اسفند 1400,سایر مدیران,جسورانه,3380.8,0.074
ماهانه,1400-12,اسفند 1400,سایر مدیران,خصوصی,10881.9,0.237
ماهانه,1400-12,اسفند 1400,سایر مدیران,درآمد ثابت,971444.7,21.16
ماهانه,1400-12,اسفند 1400,سایر مدیران,سهامی,95183.5,2.073
ماهانه,1400-12,اسفند 1400,سایر مدیران,شاخصی,3260.8,0.071
ماهانه,1400-12,اسفند 1400,سایر مدیران,صندوق در صندوق,2189.7,0.048
ماهانه,1400-12,اسفند 1400,سایر مدیران,مختلط,7901.2,0.172
ماهانه,1400-12,اسفند 1400,سایر مدیران,پروژه‌ای,10576.6,0.23
ماهانه,1400-12,اسفند 1400,سایر مدیران,کالایی,7035.3,0.153
ماهانه,1400-12,اسفند 1400,سبد گردان اقتصاد بیدار,درآمد ثابت,8244.6,0.18
ماهانه,1400-12,اسفند 1400,سبد گردان اقتصاد بیدار,سهامی,3580.6,0.078
ماهانه,1400-12,اسفند 1400,سبد گردان کاریزما,اهرمی,5247.9,0.114
ماهانه,1400-12,اسفند 1400,سبد گردان کاریزما,درآمد ثابت,157697.8,3.435
ماهانه,1400-12,اسفند 1400,سبد گردان کاریزما,سهامی,7603.3,0.166
ماهانه,1400-12,اسفند 1400,سبد گردان کاریزما,شاخصی,2115.9,0.046
ماهانه,1400-12,اسفند 1400,سبد گردان کاریزما,صندوق در صندوق,703.5,0.015
ماهانه,1400-12,اسفند 1400,سبد گردان کاریزما,مختلط,394.6,0.009
ماهانه,1400-12,اسفند 1400,سبد گردان کاریزما,کالایی,1799.6,0.039
ماهانه,1400-12,اسفند 1400,سبدگردان آگاه,درآمد ثابت,37835.5,0.824
ماهانه,1400-12,اسفند 1400,سبدگردان آگاه,سهامی,21425.4,0.467
ماهانه,1400-12,اسفند 1400,سبدگردان آگاه,مختلط,194.4,0.004
ماهانه,1400-12,اسفند 1400,سبدگردان توسعه فیروزه,جسورانه,211.4,0.005
ماهانه,1400-12,اسفند 1400,سبدگردان توسعه فیروزه,خصوصی,1055.6,0.023
ماهانه,1400-12,اسفند 1400,سبدگردان توسعه فیروزه,درآمد ثابت,2478.5,0.054
ماهانه,1400-12,اسفند 1400,سبدگردان توسعه فیروزه,سهامی,1571.3,0.034
ماهانه,1400-12,اسفند 1400,سبدگردان توسعه فیروزه,شاخصی,2557.2,0.056
ماهانه,1400-12,اسفند 1400,سبدگردان فارابی,درآمد ثابت,7372.6,0.161
ماهانه,1400-12,اسفند 1400,سبدگردان فارابی,سهامی,5416.0,0.118
ماهانه,1400-12,اسفند 1400,سبدگردان مفید,درآمد ثابت,171377.0,3.733
ماهانه,1400-12,اسفند 1400,سبدگردان مفید,سهامی,93404.3,2.034
ماهانه,1400-12,اسفند 1400,سبدگردان مفید,شاخصی,5067.7,0.11
ماهانه,1400-12,اسفند 1400,سبدگردان مفید,مختلط,3590.1,0.078
ماهانه,1400-12,اسفند 1400,سبدگردان مفید,کالایی,2992.0,0.065
ماهانه,1400-12,اسفند 1400,مشاور سرمایه گذاری ترنج,درآمد ثابت,31200.0,0.68
ماهانه,1400-12,اسفند 1400,مشاور سرمایه گذاری ترنج,سهامی,8634.4,0.188
ماهانه,1400-12,اسفند 1400,مشاور سرمایه گذاری ترنج,مختلط,701.0,0.015
ماهانه,1401-01,فروردین 1401,تامین سرمایه,اهرمی,1529.3,0.032
ماهانه,1401-01,فروردین 1401,تامین سرمایه,بازنشستگی,15294.2,0.316
ماهانه,1401-01,فروردین 1401,تامین سرمایه,بخشی,239246.4,4.941
ماهانه,1401-01,فروردین 1401,تامین سرمایه,جسورانه,567.4,0.012
ماهانه,1401-01,فروردین 1401,تامین سرمایه,درآمد ثابت,2717105.4,56.112
ماهانه,1401-01,فروردین 1401,تامین سرمایه,سهامی,41047.3,0.848
ماهانه,1401-01,فروردین 1401,تامین سرمایه,شاخصی,5117.1,0.106
ماهانه,1401-01,فروردین 1401,تامین سرمایه,مختلط,4137.7,0.085
ماهانه,1401-01,فروردین 1401,تامین سرمایه,کالایی,25142.2,0.519
ماهانه,1401-01,فروردین 1401,سایر مدیران,بخشی,2822.9,0.058
ماهانه,1401-01,فروردین 1401,سایر مدیران,جسورانه,3389.6,0.07
ماهانه,1401-01,فروردین 1401,سایر مدیران,خصوصی,10973.6,0.227
ماهانه,1401-01,فروردین 1401,سایر مدیران,درآمد ثابت,1006227.9,20.78
ماهانه,1401-01,فروردین 1401,سایر مدیران,سهامی,106183.7,2.193
ماهانه,1401-01,فروردین 1401,سایر مدیران,شاخصی,3331.8,0.069
ماهانه,1401-01,فروردین 1401,سایر مدیران,صندوق در صندوق,2305.2,0.048
ماهانه,1401-01,فروردین 1401,سایر مدیران,مختلط,8357.2,0.173
ماهانه,1401-01,فروردین 1401,سایر مدیران,پروژه‌ای,10576.6,0.218
ماهانه,1401-01,فروردین 1401,سایر مدیران,کالایی,7465.5,0.154
ماهانه,1401-01,فروردین 1401,سبد گردان اقتصاد بیدار,درآمد ثابت,8509.2,0.176
ماهانه,1401-01,فروردین 1401,سبد گردان اقتصاد بیدار,سهامی,4094.4,0.085
ماهانه,1401-01,فروردین 1401,سبد گردان کاریزما,اهرمی,6185.5,0.128
ماهانه,1401-01,فروردین 1401,سبد گردان کاریزما,درآمد ثابت,167659.7,3.462
ماهانه,1401-01,فروردین 1401,سبد گردان کاریزما,سهامی,8466.3,0.175
ماهانه,1401-01,فروردین 1401,سبد گردان کاریزما,شاخصی,2386.5,0.049
ماهانه,1401-01,فروردین 1401,سبد گردان کاریزما,صندوق در صندوق,879.4,0.018
ماهانه,1401-01,فروردین 1401,سبد گردان کاریزما,مختلط,565.8,0.012
ماهانه,1401-01,فروردین 1401,سبد گردان کاریزما,کالایی,1909.9,0.039
ماهانه,1401-01,فروردین 1401,سبدگردان آگاه,درآمد ثابت,45959.4,0.949
ماهانه,1401-01,فروردین 1401,سبدگردان آگاه,سهامی,23402.6,0.483
ماهانه,1401-01,فروردین 1401,سبدگردان آگاه,مختلط,209.6,0.004
ماهانه,1401-01,فروردین 1401,سبدگردان توسعه فیروزه,جسورانه,213.6,0.004
ماهانه,1401-01,فروردین 1401,سبدگردان توسعه فیروزه,خصوصی,1063.4,0.022
ماهانه,1401-01,فروردین 1401,سبدگردان توسعه فیروزه,درآمد ثابت,5863.0,0.121
ماهانه,1401-01,فروردین 1401,سبدگردان توسعه فیروزه,سهامی,1672.7,0.034
ماهانه,1401-01,فروردین 1401,سبدگردان توسعه فیروزه,شاخصی,2768.2,0.057
ماهانه,1401-01,فروردین 1401,سبدگردان فارابی,درآمد ثابت,6571.6,0.136
ماهانه,1401-01,فروردین 1401,سبدگردان فارابی,سهامی,5940.5,0.123
ماهانه,1401-01,فروردین 1401,سبدگردان مفید,درآمد ثابت,178055.0,3.677
ماهانه,1401-01,فروردین 1401,سبدگردان مفید,سهامی,105422.0,2.177
ماهانه,1401-01,فروردین 1401,سبدگردان مفید,شاخصی,4436.3,0.092
ماهانه,1401-01,فروردین 1401,سبدگردان مفید,مختلط,3955.0,0.082
ماهانه,1401-01,فروردین 1401,سبدگردان مفید,کالایی,3929.0,0.081
ماهانه,1401-01,فروردین 1401,مشاور سرمایه گذاری ترنج,درآمد ثابت,31243.6,0.645
ماهانه,1401-01,فروردین 1401,مشاور سرمایه گذاری ترنج,سهامی,9185.6,0.19
ماهانه,1401-01,فروردین 1401,مشاور سرمایه گذاری ترنج,مختلط,912.3,0.019
ماهانه,1401-02,اردیبهشت 1401,تامین سرمایه,اهرمی,1556.1,0.031
ماهانه,1401-02,اردیبهشت 1401,تامین سرمایه,بازنشستگی,15363.9,0.306
ماهانه,1401-02,اردیبهشت 1401,تامین سرمایه,بخشی,253089.0,5.039
ماهانه,1401-02,اردیبهشت 1401,تامین سرمایه,جسورانه,567.7,0.011
ماهانه,1401-02,اردیبهشت 1401,تامین سرمایه,درآمد ثابت,2771768.3,55.19
ماهانه,1401-02,اردیبهشت 1401,تامین سرمایه,سهامی,43440.1,0.865
ماهانه,1401-02,اردیبهشت 1401,تامین سرمایه,شاخصی,5479.7,0.109
ماهانه,1401-02,اردیبهشت 1401,تامین سرمایه,مختلط,4252.8,0.085
ماهانه,1401-02,اردیبهشت 1401,تامین سرمایه,کالایی,27466.3,0.547
ماهانه,1401-02,اردیبهشت 1401,سایر مدیران,بخشی,2830.0,0.056
ماهانه,1401-02,اردیبهشت 1401,سایر مدیران,جسورانه,3401.1,0.068
ماهانه,1401-02,اردیبهشت 1401,سایر مدیران,خصوصی,11071.1,0.22
ماهانه,1401-02,اردیبهشت 1401,سایر مدیران,درآمد ثابت,1077989.9,21.465
ماهانه,1401-02,اردیبهشت 1401,سایر مدیران,سهامی,107170.8,2.134
ماهانه,1401-02,اردیبهشت 1401,سایر مدیران,شاخصی,3462.6,0.069
ماهانه,1401-02,اردیبهشت 1401,سایر مدیران,صندوق در صندوق,2436.8,0.048
ماهانه,1401-02,اردیبهشت 1401,سایر مدیران,مختلط,8160.4,0.162
ماهانه,1401-02,اردیبهشت 1401,سایر مدیران,پروژه‌ای,10576.7,0.211
ماهانه,1401-02,اردیبهشت 1401,سایر مدیران,کالایی,8242.5,0.164
ماهانه,1401-02,اردیبهشت 1401,سبد گردان اقتصاد بیدار,درآمد ثابت,8681.2,0.173
ماهانه,1401-02,اردیبهشت 1401,سبد گردان اقتصاد بیدار,سهامی,4298.2,0.086
ماهانه,1401-02,اردیبهشت 1401,سبد گردان کاریزما,اهرمی,6895.8,0.137
ماهانه,1401-02,اردیبهشت 1401,سبد گردان کاریزما,درآمد ثابت,184523.0,3.674
ماهانه,1401-02,اردیبهشت 1401,سبد گردان کاریزما,سهامی,9082.3,0.181
ماهانه,1401-02,اردیبهشت 1401,سبد گردان کاریزما,شاخصی,2573.2,0.051
ماهانه,1401-02,اردیبهشت 1401,سبد گردان کاریزما,صندوق در صندوق,1027.6,0.02
ماهانه,1401-02,اردیبهشت 1401,سبد گردان کاریزما,مختلط,676.7,0.014
ماهانه,1401-02,اردیبهشت 1401,سبد گردان کاریزما,کالایی,2097.4,0.042
ماهانه,1401-02,اردیبهشت 1401,سبدگردان آگاه,درآمد ثابت,51115.1,1.018
ماهانه,1401-02,اردیبهشت 1401,سبدگردان آگاه,سهامی,24231.2,0.483
ماهانه,1401-02,اردیبهشت 1401,سبدگردان آگاه,مختلط,227.6,0.005
ماهانه,1401-02,اردیبهشت 1401,سبدگردان توسعه فیروزه,جسورانه,215.4,0.004
ماهانه,1401-02,اردیبهشت 1401,سبدگردان توسعه فیروزه,خصوصی,1068.8,0.021
ماهانه,1401-02,اردیبهشت 1401,سبدگردان توسعه فیروزه,درآمد ثابت,7946.8,0.158
ماهانه,1401-02,اردیبهشت 1401,سبدگردان توسعه فیروزه,سهامی,1879.5,0.037
ماهانه,1401-02,اردیبهشت 1401,سبدگردان توسعه فیروزه,شاخصی,2836.6,0.056
ماهانه,1401-02,اردیبهشت 1401,سبدگردان فارابی,درآمد ثابت,6376.5,0.127
ماهانه,1401-02,اردیبهشت 1401,سبدگردان فارابی,سهامی,7294.0,0.145
ماهانه,1401-02,اردیبهشت 1401,سبدگردان مفید,درآمد ثابت,172136.4,3.428
ماهانه,1401-02,اردیبهشت 1401,سبدگردان مفید,سهامی,111501.7,2.22
ماهانه,1401-02,اردیبهشت 1401,سبدگردان مفید,شاخصی,4502.1,0.09
ماهانه,1401-02,اردیبهشت 1401,سبدگردان مفید,مختلط,4039.4,0.08
ماهانه,1401-02,اردیبهشت 1401,سبدگردان مفید,کالایی,4292.2,0.085
ماهانه,1401-02,اردیبهشت 1401,مشاور سرمایه گذاری ترنج,درآمد ثابت,33914.0,0.675
ماهانه,1401-02,اردیبهشت 1401,مشاور سرمایه گذاری ترنج,سهامی,9150.3,0.182
ماهانه,1401-02,اردیبهشت 1401,مشاور سرمایه گذاری ترنج,مختلط,1275.7,0.025
ماهانه,1401-03,خرداد 1401,تامین سرمایه,اهرمی,1409.1,0.028
ماهانه,1401-03,خرداد 1401,تامین سرمایه,بازنشستگی,15016.4,0.294
ماهانه,1401-03,خرداد 1401,تامین سرمایه,بخشی,243211.5,4.76
ماهانه,1401-03,خرداد 1401,تامین سرمایه,جسورانه,568.0,0.011
ماهانه,1401-03,خرداد 1401,تامین سرمایه,درآمد ثابت,2840362.9,55.596
ماهانه,1401-03,خرداد 1401,تامین سرمایه,سهامی,40986.5,0.802
ماهانه,1401-03,خرداد 1401,تامین سرمایه,شاخصی,5321.4,0.104
ماهانه,1401-03,خرداد 1401,تامین سرمایه,مختلط,4112.3,0.08
ماهانه,1401-03,خرداد 1401,تامین سرمایه,کالایی,32084.9,0.628
ماهانه,1401-03,خرداد 1401,سایر مدیران,بخشی,2846.7,0.056
ماهانه,1401-03,خرداد 1401,سایر مدیران,جسورانه,3408.6,0.067
ماهانه,1401-03,خرداد 1401,سایر مدیران,خصوصی,11127.3,0.218
ماهانه,1401-03,خرداد 1401,سایر مدیران,درآمد ثابت,1105325.9,21.635
ماهانه,1401-03,خرداد 1401,سایر مدیران,سهامی,101612.6,1.989
ماهانه,1401-03,خرداد 1401,سایر مدیران,شاخصی,4925.2,0.096
ماهانه,1401-03,خرداد 1401,سایر مدیران,صندوق در صندوق,2419.2,0.047
ماهانه,1401-03,خرداد 1401,سایر مدیران,مختلط,7624.3,0.149
ماهانه,1401-03,خرداد 1401,سایر مدیران,پروژه‌ای,10576.4,0.207
ماهانه,1401-03,خرداد 1401,سایر مدیران,کالایی,10533.5,0.206
ماهانه,1401-03,خرداد 1401,سبد گردان اقتصاد بیدار,درآمد ثابت,10284.3,0.201
ماهانه,1401-03,خرداد 1401,سبد گردان اقتصاد بیدار,سهامی,4022.0,0.079
ماهانه,1401-03,خرداد 1401,سبد گردان کاریزما,اهرمی,8084.6,0.158
ماهانه,1401-03,خرداد 1401,سبد گردان کاریزما,درآمد ثابت,189778.2,3.715
ماهانه,1401-03,خرداد 1401,سبد گردان کاریزما,سهامی,8858.6,0.173
ماهانه,1401-03,خرداد 1401,سبد گردان کاریزما,شاخصی,2407.2,0.047
ماهانه,1401-03,خرداد 1401,سبد گردان کاریزما,صندوق در صندوق,1048.9,0.02
ماهانه,1401-03,خرداد 1401,سبد گردان کاریزما,مختلط,715.6,0.014
ماهانه,1401-03,خرداد 1401,سبد گردان کاریزما,کالایی,3027.2,0.059
ماهانه,1401-03,خرداد 1401,سبدگردان آگاه,درآمد ثابت,49995.2,0.979
ماهانه,1401-03,خرداد 1401,سبدگردان آگاه,سهامی,22961.9,0.449
ماهانه,1401-03,خرداد 1401,سبدگردان آگاه,مختلط,216.7,0.004
ماهانه,1401-03,خرداد 1401,سبدگردان توسعه فیروزه,جسورانه,217.2,0.004
ماهانه,1401-03,خرداد 1401,سبدگردان توسعه فیروزه,خصوصی,1074.9,0.021
ماهانه,1401-03,خرداد 1401,سبدگردان توسعه فیروزه,درآمد ثابت,8630.6,0.169
ماهانه,1401-03,خرداد 1401,سبدگردان توسعه فیروزه,سهامی,1818.4,0.036
ماهانه,1401-03,خرداد 1401,سبدگردان توسعه فیروزه,شاخصی,2796.4,0.055
ماهانه,1401-03,خرداد 1401,سبدگردان فارابی,درآمد ثابت,5667.9,0.111
ماهانه,1401-03,خرداد 1401,سبدگردان فارابی,سهامی,6537.1,0.128
ماهانه,1401-03,خرداد 1401,سبدگردان مفید,درآمد ثابت,172239.8,3.371
ماهانه,1401-03,خرداد 1401,سبدگردان مفید,سهامی,107402.4,2.102
ماهانه,1401-03,خرداد 1401,سبدگردان مفید,شاخصی,4488.5,0.088
ماهانه,1401-03,خرداد 1401,سبدگردان مفید,مختلط,3882.7,0.076
ماهانه,1401-03,خرداد 1401,سبدگردان مفید,کالایی,6409.2,0.126
ماهانه,1401-03,خرداد 1401,مشاور سرمایه گذاری ترنج,درآمد ثابت,32741.3,0.641
ماهانه,1401-03,خرداد 1401,مشاور سرمایه گذاری ترنج,سهامی,8780.7,0.172
ماهانه,1401-03,خرداد 1401,مشاور سرمایه گذاری ترنج,مختلط,1363.2,0.027
ماهانه,1401-04,تیر 1401,تامین سرمایه,اهرمی,1296.8,0.024
ماهانه,1401-04,تیر 1401,تامین سرمایه,بازنشستگی,13751.4,0.257
ماهانه,1401-04,تیر 1401,تامین سرمایه,بخشی,235923.4,4.403
ماهانه,1401-04,تیر 1401,تامین سرمایه,جسورانه,568.3,0.011
ماهانه,1401-04,تیر 1401,تامین سرمایه,درآمد ثابت,3014551.2,56.262
ماهانه,1401-04,تیر 1401,تامین سرمایه,سهامی,38558.7,0.72
ماهانه,1401-04,تیر 1401,تامین سرمایه,شاخصی,5059.7,0.094
ماهانه,1401-04,تیر 1401,تامین سرمایه,مختلط,4021.8,0.075
ماهانه,1401-04,تیر 1401,تامین سرمایه,کالایی,32727.9,0.611
ماهانه,1401-04,تیر 1401,سایر مدیران,بخشی,2290.0,0.043
ماهانه,1401-04,تیر 1401,سایر مدیران,جسورانه,3428.6,0.064
ماهانه,1401-04,تیر 1401,سایر مدیران,خصوصی,11197.7,0.209
ماهانه,1401-04,تیر 1401,سایر مدیران,درآمد ثابت,1140955.3,21.294
ماهانه,1401-04,تیر 1401,سایر مدیران,سهامی,94706.9,1.768
ماهانه,1401-04,تیر 1401,سایر مدیران,شاخصی,4479.1,0.084
ماهانه,1401-04,تیر 1401,سایر مدیران,صندوق در صندوق,2366.5,0.044
ماهانه,1401-04,تیر 1401,سایر مدیران,مختلط,7169.9,0.134
ماهانه,1401-04,تیر 1401,سایر مدیران,پروژه‌ای,10576.3,0.197
ماهانه,1401-04,تیر 1401,سایر مدیران,کالایی,10440.7,0.195
ماهانه,1401-04,تیر 1401,سبد گردان اقتصاد بیدار,درآمد ثابت,11354.2,0.212
ماهانه,1401-04,تیر 1401,سبد گردان اقتصاد بیدار,سهامی,3451.2,0.064
ماهانه,1401-04,تیر 1401,سبد گردان کاریزما,اهرمی,15439.1,0.288
ماهانه,1401-04,تیر 1401,سبد گردان کاریزما,درآمد ثابت,218828.4,4.084
ماهانه,1401-04,تیر 1401,سبد گردان کاریزما,سهامی,8499.1,0.159
ماهانه,1401-04,تیر 1401,سبد گردان کاریزما,شاخصی,2199.7,0.041
ماهانه,1401-04,تیر 1401,سبد گردان کاریزما,صندوق در صندوق,1041.8,0.019
ماهانه,1401-04,تیر 1401,سبد گردان کاریزما,مختلط,685.2,0.013
ماهانه,1401-04,تیر 1401,سبد گردان کاریزما,کالایی,3074.7,0.057
ماهانه,1401-04,تیر 1401,سبدگردان آگاه,درآمد ثابت,57961.4,1.082
ماهانه,1401-04,تیر 1401,سبدگردان آگاه,سهامی,21696.1,0.405
ماهانه,1401-04,تیر 1401,سبدگردان آگاه,مختلط,208.3,0.004
ماهانه,1401-04,تیر 1401,سبدگردان توسعه فیروزه,جسورانه,218.5,0.004
ماهانه,1401-04,تیر 1401,سبدگردان توسعه فیروزه,خصوصی,1079.0,0.02
ماهانه,1401-04,تیر 1401,سبدگردان توسعه فیروزه,درآمد ثابت,12227.9,0.228
ماهانه,1401-04,تیر 1401,سبدگردان توسعه فیروزه,سهامی,2046.6,0.038
ماهانه,1401-04,تیر 1401,سبدگردان توسعه فیروزه,شاخصی,2411.3,0.045
ماهانه,1401-04,تیر 1401,سبدگردان فارابی,درآمد ثابت,6984.6,0.13
ماهانه,1401-04,تیر 1401,سبدگردان فارابی,سهامی,5748.8,0.107
ماهانه,1401-04,تیر 1401,سبدگردان مفید,درآمد ثابت,177734.4,3.317
ماهانه,1401-04,تیر 1401,سبدگردان مفید,سهامی,101921.8,1.902
ماهانه,1401-04,تیر 1401,سبدگردان مفید,شاخصی,4253.2,0.079
ماهانه,1401-04,تیر 1401,سبدگردان مفید,مختلط,3651.4,0.068
ماهانه,1401-04,تیر 1401,سبدگردان مفید,کالایی,6256.9,0.117
ماهانه,1401-04,تیر 1401,مشاور سرمایه گذاری ترنج,درآمد ثابت,45548.0,0.85
ماهانه,1401-04,تیر 1401,مشاور سرمایه گذاری ترنج,سهامی,8179.3,0.153
ماهانه,1401-04,تیر 1401,مشاور سرمایه گذاری ترنج,مختلط,1314.3,0.024
ماهانه,1401-05,مرداد 1401,تامین سرمایه,اهرمی,1336.9,0.024
ماهانه,1401-05,مرداد 1401,تامین سرمایه,بازنشستگی,13340.0,0.24
ماهانه,1401-05,مرداد 1401,تامین سرمایه,بخشی,229659.4,4.132
ماهانه,1401-05,مرداد 1401,تامین سرمایه,جسورانه,568.7,0.01
ماهانه,1401-05,مرداد 1401,تامین سرمایه,درآمد ثابت,3138603.2,56.467
ماهانه,1401-05,مرداد 1401,تامین سرمایه,سهامی,37901.5,0.682
ماهانه,1401-05,مرداد 1401,تامین سرمایه,شاخصی,4997.2,0.09
ماهانه,1401-05,مرداد 1401,تامین سرمایه,مختلط,3973.2,0.072
ماهانه,1401-05,مرداد 1401,تامین سرمایه,کالایی,34067.9,0.613
ماهانه,1401-05,مرداد 1401,سایر مدیران,بخشی,1987.0,0.036
ماهانه,1401-05,مرداد 1401,سایر مدیران,جسورانه,3441.2,0.062
ماهانه,1401-05,مرداد 1401,سایر مدیران,خصوصی,11247.6,0.202
ماهانه,1401-05,مرداد 1401,سایر مدیران,درآمد ثابت,1175637.9,21.151
ماهانه,1401-05,مرداد 1401,سایر مدیران,سهامی,93969.6,1.691
ماهانه,1401-05,مرداد 1401,سایر مدیران,شاخصی,4376.4,0.079
ماهانه,1401-05,مرداد 1401,سایر مدیران,صندوق در صندوق,2248.9,0.04
ماهانه,1401-05,مرداد 1401,سایر مدیران,مختلط,6870.9,0.124
ماهانه,1401-05,مرداد 1401,سایر مدیران,پروژه‌ای,10576.2,0.19
ماهانه,1401-05,مرداد 1401,سایر مدیران,کالایی,9191.5,0.165
ماهانه,1401-05,مرداد 1401,سبد گردان اقتصاد بیدار,درآمد ثابت,12625.8,0.227
ماهانه,1401-05,مرداد 1401,سبد گردان اقتصاد بیدار,سهامی,3352.9,0.06
ماهانه,1401-05,مرداد 1401,سبد گردان کاریزما,اهرمی,16340.7,0.294
ماهانه,1401-05,مرداد 1401,سبد گردان کاریزما,درآمد ثابت,235779.5,4.242
ماهانه,1401-05,مرداد 1401,سبد گردان کاریزما,سهامی,8294.0,0.149
ماهانه,1401-05,مرداد 1401,سبد گردان کاریزما,شاخصی,2169.6,0.039
ماهانه,1401-05,مرداد 1401,سبد گردان کاریزما,صندوق در صندوق,1012.2,0.018
ماهانه,1401-05,مرداد 1401,سبد گردان کاریزما,مختلط,914.2,0.016
ماهانه,1401-05,مرداد 1401,سبد گردان کاریزما,کالایی,3410.4,0.061
ماهانه,1401-05,مرداد 1401,سبدگردان آگاه,درآمد ثابت,65886.1,1.185
ماهانه,1401-05,مرداد 1401,سبدگردان آگاه,سهامی,21492.7,0.387
ماهانه,1401-05,مرداد 1401,سبدگردان آگاه,مختلط,211.0,0.004
ماهانه,1401-05,مرداد 1401,سبدگردان توسعه فیروزه,جسورانه,220.5,0.004
ماهانه,1401-05,مرداد 1401,سبدگردان توسعه فیروزه,خصوصی,1083.2,0.02
ماهانه,1401-05,مرداد 1401,سبدگردان توسعه فیروزه,درآمد ثابت,12413.6,0.223
ماهانه,1401-05,مرداد 1401,سبدگردان توسعه فیروزه,سهامی,2098.0,0.038
ماهانه,1401-05,مرداد 1401,سبدگردان توسعه فیروزه,شاخصی,2303.6,0.041
ماهانه,1401-05,مرداد 1401,سبدگردان فارابی,درآمد ثابت,8204.3,0.148
ماهانه,1401-05,مرداد 1401,سبدگردان فارابی,سهامی,5644.1,0.102
ماهانه,1401-05,مرداد 1401,سبدگردان مفید,درآمد ثابت,195876.0,3.524
ماهانه,1401-05,مرداد 1401,سبدگردان مفید,سهامی,99818.7,1.796
ماهانه,1401-05,مرداد 1401,سبدگردان مفید,شاخصی,4100.3,0.074
ماهانه,1401-05,مرداد 1401,سبدگردان مفید,مختلط,3737.7,0.067
ماهانه,1401-05,مرداد 1401,سبدگردان مفید,کالایی,5645.3,0.102
ماهانه,1401-05,مرداد 1401,مشاور سرمایه گذاری ترنج,درآمد ثابت,52427.5,0.943
ماهانه,1401-05,مرداد 1401,مشاور سرمایه گذاری ترنج,سهامی,7805.0,0.14
ماهانه,1401-05,مرداد 1401,مشاور سرمایه گذاری ترنج,مختلط,1437.5,0.026
ماهانه,1401-06,شهریور 1401,تامین سرمایه,اهرمی,1226.6,0.022
ماهانه,1401-06,شهریور 1401,تامین سرمایه,بازنشستگی,11983.8,0.22
ماهانه,1401-06,شهریور 1401,تامین سرمایه,بخشی,211094.9,3.88
ماهانه,1401-06,شهریور 1401,تامین سرمایه,جسورانه,570.0,0.01
ماهانه,1401-06,شهریور 1401,تامین سرمایه,درآمد ثابت,3078163.0,56.57
ماهانه,1401-06,شهریور 1401,تامین سرمایه,سهامی,35765.7,0.657
ماهانه,1401-06,شهریور 1401,تامین سرمایه,شاخصی,4733.2,0.087
ماهانه,1401-06,شهریور 1401,تامین سرمایه,مختلط,3891.7,0.072
ماهانه,1401-06,شهریور 1401,تامین سرمایه,کالایی,32837.0,0.604
ماهانه,1401-06,شهریور 1401,سایر مدیران,بخشی,1914.4,0.035
ماهانه,1401-06,شهریور 1401,سایر مدیران,جسورانه,3450.9,0.063
ماهانه,1401-06,شهریور 1401,سایر مدیران,خصوصی,11315.5,0.208
ماهانه,1401-06,شهریور 1401,سایر مدیران,درآمد ثابت,1139163.0,20.936
ماهانه,1401-06,شهریور 1401,سایر مدیران,سهامی,88598.1,1.628
ماهانه,1401-06,شهریور 1401,سایر مدیران,شاخصی,4191.5,0.077
ماهانه,1401-06,شهریور 1401,سایر مدیران,صندوق در صندوق,2337.6,0.043
ماهانه,1401-06,شهریور 1401,سایر مدیران,مختلط,6698.8,0.123
ماهانه,1401-06,شهریور 1401,سایر مدیران,پروژه‌ای,10576.0,0.194
ماهانه,1401-06,شهریور 1401,سایر مدیران,کالایی,8508.9,0.156
ماهانه,1401-06,شهریور 1401,سبد گردان اقتصاد بیدار,درآمد ثابت,14676.5,0.27
ماهانه,1401-06,شهریور 1401,سبد گردان اقتصاد بیدار,سهامی,3131.9,0.058
ماهانه,1401-06,شهریور 1401,سبد گردان کاریزما,اهرمی,15764.2,0.29
ماهانه,1401-06,شهریور 1401,سبد گردان کاریزما,درآمد ثابت,219043.5,4.026
ماهانه,1401-06,شهریور 1401,سبد گردان کاریزما,سهامی,7960.9,0.146
ماهانه,1401-06,شهریور 1401,سبد گردان کاریزما,شاخصی,2044.4,0.038
ماهانه,1401-06,شهریور 1401,سبد گردان کاریزما,صندوق در صندوق,1000.0,0.018
ماهانه,1401-06,شهریور 1401,سبد گردان کاریزما,مختلط,893.0,0.016
ماهانه,1401-06,شهریور 1401,سبد گردان کاریزما,کالایی,3574.6,0.066
ماهانه,1401-06,شهریور 1401,سبدگردان آگاه,درآمد ثابت,67502.1,1.241
ماهانه,1401-06,شهریور 1401,سبدگردان آگاه,سهامی,20864.4,0.383
ماهانه,1401-06,شهریور 1401,سبدگردان آگاه,مختلط,206.8,0.004
ماهانه,1401-06,شهریور 1401,سبدگردان توسعه فیروزه,جسورانه,221.7,0.004
ماهانه,1401-06,شهریور 1401,سبدگردان توسعه فیروزه,خصوصی,1085.5,0.02
ماهانه,1401-06,شهریور 1401,سبدگردان توسعه فیروزه,درآمد ثابت,13249.9,0.244
ماهانه,1401-06,شهریور 1401,سبدگردان توسعه فیروزه,سهامی,2034.1,0.037
ماهانه,1401-06,شهریور 1401,سبدگردان توسعه فیروزه,شاخصی,2189.1,0.04
ماهانه,1401-06,شهریور 1401,سبدگردان فارابی,درآمد ثابت,13377.7,0.246
ماهانه,1401-06,شهریور 1401,سبدگردان فارابی,سهامی,5418.7,0.1
ماهانه,1401-06,شهریور 1401,سبدگردان مفید,درآمد ثابت,211027.4,3.878
ماهانه,1401-06,شهریور 1401,سبدگردان مفید,سهامی,95706.1,1.759
ماهانه,1401-06,شهریور 1401,سبدگردان مفید,شاخصی,3558.0,0.065
ماهانه,1401-06,شهریور 1401,سبدگردان مفید,مختلط,3627.9,0.067
ماهانه,1401-06,شهریور 1401,سبدگردان مفید,کالایی,5684.4,0.104
ماهانه,1401-06,شهریور 1401,مشاور سرمایه گذاری ترنج,درآمد ثابت,61220.4,1.125
ماهانه,1401-06,شهریور 1401,مشاور سرمایه گذاری ترنج,سهامی,7668.4,0.141
ماهانه,1401-06,شهریور 1401,مشاور سرمایه گذاری ترنج,مختلط,1532.6,0.028
ماهانه,1401-07,مهر 1401,تامین سرمایه,اهرمی,1185.0,0.022
ماهانه,1401-07,مهر 1401,تامین سرمایه,بازنشستگی,11993.5,0.22
ماهانه,1401-07,مهر 1401,تامین سرمایه,بخشی,216108.9,3.958
ماهانه,1401-07,مهر 1401,تامین سرمایه,جسورانه,571.0,0.01
ماهانه,1401-07,مهر 1401,تامین سرمایه,درآمد ثابت,3082295.1,56.457
ماهانه,1401-07,مهر 1401,تامین سرمایه,سهامی,34765.2,0.637
ماهانه,1401-07,مهر 1401,تامین سرمایه,شاخصی,4631.4,0.085
ماهانه,1401-07,مهر 1401,تامین سرمایه,مختلط,3686.7,0.068
ماهانه,1401-07,مهر 1401,تامین سرمایه,کالایی,34306.0,0.628
ماهانه,1401-07,مهر 1401,سایر مدیران,بخشی,1643.0,0.03
ماهانه,1401-07,مهر 1401,سایر مدیران,جسورانه,2414.1,0.044
ماهانه,1401-07,مهر 1401,سایر مدیران,خصوصی,13367.8,0.245
ماهانه,1401-07,مهر 1401,سایر مدیران,درآمد ثابت,1107633.9,20.288
ماهانه,1401-07,مهر 1401,سایر مدیران,سهامی,85575.9,1.568
ماهانه,1401-07,مهر 1401,سایر مدیران,شاخصی,4067.6,0.074
ماهانه,1401-07,مهر 1401,سایر مدیران,صندوق در صندوق,2323.7,0.043
ماهانه,1401-07,مهر 1401,سایر مدیران,مختلط,6524.8,0.12
ماهانه,1401-07,مهر 1401,سایر مدیران,پروژه‌ای,10898.3,0.2
ماهانه,1401-07,مهر 1401,سایر مدیران,کالایی,8810.5,0.161
ماهانه,1401-07,مهر 1401,سبد گردان اقتصاد بیدار,درآمد ثابت,14420.3,0.264
ماهانه,1401-07,مهر 1401,سبد گردان اقتصاد بیدار,سهامی,3051.2,0.056
ماهانه,1401-07,مهر 1401,سبد گردان کاریزما,اهرمی,15563.7,0.285
ماهانه,1401-07,مهر 1401,سبد گردان کاریزما,تضمین اصل سرمایه,5166.9,0.095
ماهانه,1401-07,مهر 1401,سبد گردان کاریزما,درآمد ثابت,244550.2,4.479
ماهانه,1401-07,مهر 1401,سبد گردان کاریزما,سهامی,7808.4,0.143
ماهانه,1401-07,مهر 1401,سبد گردان کاریزما,شاخصی,1954.5,0.036
ماهانه,1401-07,مهر 1401,سبد گردان کاریزما,صندوق در صندوق,984.2,0.018
ماهانه,1401-07,مهر 1401,سبد گردان کاریزما,مختلط,879.3,0.016
ماهانه,1401-07,مهر 1401,سبد گردان کاریزما,کالایی,3861.4,0.071
ماهانه,1401-07,مهر 1401,سبدگردان آگاه,درآمد ثابت,69049.4,1.265
ماهانه,1401-07,مهر 1401,سبدگردان آگاه,سهامی,19750.8,0.362
ماهانه,1401-07,مهر 1401,سبدگردان آگاه,مختلط,205.2,0.004
ماهانه,1401-07,مهر 1401,سبدگردان توسعه فیروزه,جسورانه,222.3,0.004
ماهانه,1401-07,مهر 1401,سبدگردان توسعه فیروزه,خصوصی,1086.0,0.02
ماهانه,1401-07,مهر 1401,سبدگردان توسعه فیروزه,درآمد ثابت,13035.2,0.239
ماهانه,1401-07,مهر 1401,سبدگردان توسعه فیروزه,سهامی,2432.7,0.045
ماهانه,1401-07,مهر 1401,سبدگردان توسعه فیروزه,شاخصی,2144.5,0.039
ماهانه,1401-07,مهر 1401,سبدگردان فارابی,درآمد ثابت,16103.8,0.295
ماهانه,1401-07,مهر 1401,سبدگردان فارابی,سهامی,5204.8,0.095
ماهانه,1401-07,مهر 1401,سبدگردان مفید,درآمد ثابت,214335.4,3.926
ماهانه,1401-07,مهر 1401,سبدگردان مفید,سهامی,92644.3,1.697
ماهانه,1401-07,مهر 1401,سبدگردان مفید,شاخصی,3410.1,0.062
ماهانه,1401-07,مهر 1401,سبدگردان مفید,مختلط,3320.6,0.061
ماهانه,1401-07,مهر 1401,سبدگردان مفید,کالایی,6770.6,0.124
ماهانه,1401-07,مهر 1401,مشاور سرمایه گذاری ترنج,درآمد ثابت,69887.2,1.28
ماهانه,1401-07,مهر 1401,مشاور سرمایه گذاری ترنج,سهامی,7390.3,0.135
ماهانه,1401-07,مهر 1401,مشاور سرمایه گذاری ترنج,مختلط,1514.2,0.028
ماهانه,1401-08,آبان 1401,تامین سرمایه,اهرمی,1278.1,0.024
ماهانه,1401-08,آبان 1401,تامین سرمایه,بازنشستگی,13179.4,0.248
ماهانه,1401-08,آبان 1401,تامین سرمایه,بخشی,244626.8,4.602
ماهانه,1401-08,آبان 1401,تامین سرمایه,جسورانه,568.5,0.011
ماهانه,1401-08,آبان 1401,تامین سرمایه,درآمد ثابت,2934307.0,55.196
ماهانه,1401-08,آبان 1401,تامین سرمایه,سهامی,36232.8,0.682
ماهانه,1401-08,آبان 1401,تامین سرمایه,شاخصی,4920.7,0.093
ماهانه,1401-08,آبان 1401,تامین سرمایه,مختلط,3633.2,0.068
ماهانه,1401-08,آبان 1401,تامین سرمایه,کالایی,41710.5,0.785
ماهانه,1401-08,آبان 1401,سایر مدیران,املاک و مستغلات,1648.9,0.031
ماهانه,1401-08,آبان 1401,سایر مدیران,بخشی,1699.1,0.032
ماهانه,1401-08,آبان 1401,سایر مدیران,جسورانه,2435.6,0.046
ماهانه,1401-08,آبان 1401,سایر مدیران,خصوصی,13480.1,0.254
ماهانه,1401-08,آبان 1401,سایر مدیران,درآمد ثابت,1030844.7,19.391
ماهانه,1401-08,آبان 1401,سایر مدیران,سهامی,90197.5,1.697
ماهانه,1401-08,آبان 1401,سایر مدیران,شاخصی,4873.0,0.092
ماهانه,1401-08,آبان 1401,سایر مدیران,صندوق در صندوق,2372.8,0.045
ماهانه,1401-08,آبان 1401,سایر مدیران,مختلط,6699.6,0.126
ماهانه,1401-08,آبان 1401,سایر مدیران,پروژه‌ای,10897.9,0.205
ماهانه,1401-08,آبان 1401,سایر مدیران,کالایی,11003.6,0.207
ماهانه,1401-08,آبان 1401,سبد گردان اقتصاد بیدار,درآمد ثابت,14754.8,0.278
ماهانه,1401-08,آبان 1401,سبد گردان اقتصاد بیدار,سهامی,3145.3,0.059
ماهانه,1401-08,آبان 1401,سبد گردان کاریزما,اهرمی,18407.5,0.346
ماهانه,1401-08,آبان 1401,سبد گردان کاریزما,تضمین اصل سرمایه,5406.4,0.102
ماهانه,1401-08,آبان 1401,سبد گردان کاریزما,درآمد ثابت,259193.3,4.876
ماهانه,1401-08,آبان 1401,سبد گردان کاریزما,سهامی,8433.7,0.159
ماهانه,1401-08,آبان 1401,سبد گردان کاریزما,شاخصی,2070.9,0.039
ماهانه,1401-08,آبان 1401,سبد گردان کاریزما,صندوق در صندوق,1057.9,0.02
ماهانه,1401-08,آبان 1401,سبد گردان کاریزما,مختلط,1068.0,0.02
ماهانه,1401-08,آبان 1401,سبد گردان کاریزما,کالایی,4515.1,0.085
ماهانه,1401-08,آبان 1401,سبدگردان آگاه,درآمد ثابت,63436.1,1.193
ماهانه,1401-08,آبان 1401,سبدگردان آگاه,سهامی,21576.6,0.406
ماهانه,1401-08,آبان 1401,سبدگردان آگاه,مختلط,220.4,0.004
ماهانه,1401-08,آبان 1401,سبدگردان توسعه فیروزه,جسورانه,222.1,0.004
ماهانه,1401-08,آبان 1401,سبدگردان توسعه فیروزه,خصوصی,1085.0,0.02
ماهانه,1401-08,آبان 1401,سبدگردان توسعه فیروزه,درآمد ثابت,14760.8,0.278
ماهانه,1401-08,آبان 1401,سبدگردان توسعه فیروزه,سهامی,2368.1,0.044
ماهانه,1401-08,آبان 1401,سبدگردان توسعه فیروزه,شاخصی,2294.7,0.043
ماهانه,1401-08,آبان 1401,سبدگردان فارابی,درآمد ثابت,17825.5,0.335
ماهانه,1401-08,آبان 1401,سبدگردان فارابی,سهامی,5629.6,0.106
ماهانه,1401-08,آبان 1401,سبدگردان مفید,اهرمی,6774.5,0.127
ماهانه,1401-08,آبان 1401,سبدگردان مفید,تضمین اصل سرمایه,2291.0,0.043
ماهانه,1401-08,آبان 1401,سبدگردان مفید,درآمد ثابت,210826.6,3.966
ماهانه,1401-08,آبان 1401,سبدگردان مفید,سهامی,98580.0,1.854
ماهانه,1401-08,آبان 1401,سبدگردان مفید,شاخصی,3642.0,0.068
ماهانه,1401-08,آبان 1401,سبدگردان مفید,مختلط,3489.0,0.066
ماهانه,1401-08,آبان 1401,سبدگردان مفید,کالایی,8867.8,0.167
ماهانه,1401-08,آبان 1401,مشاور سرمایه گذاری ترنج,درآمد ثابت,68102.2,1.281
ماهانه,1401-08,آبان 1401,مشاور سرمایه گذاری ترنج,سهامی,7631.2,0.144
ماهانه,1401-08,آبان 1401,مشاور سرمایه گذاری ترنج,مختلط,1876.0,0.035
ماهانه,1401-09,آذر 1401,تامین سرمایه,اهرمی,1342.8,0.026
ماهانه,1401-09,آذر 1401,تامین سرمایه,بازنشستگی,13688.9,0.262
ماهانه,1401-09,آذر 1401,تامین سرمایه,بخشی,242109.4,4.639
ماهانه,1401-09,آذر 1401,تامین سرمایه,جسورانه,569.9,0.011
ماهانه,1401-09,آذر 1401,تامین سرمایه,درآمد ثابت,2877823.4,55.138
ماهانه,1401-09,آذر 1401,تامین سرمایه,سهامی,38087.9,0.73
ماهانه,1401-09,آذر 1401,تامین سرمایه,شاخصی,5373.3,0.103
ماهانه,1401-09,آذر 1401,تامین سرمایه,مختلط,3740.1,0.072
ماهانه,1401-09,آذر 1401,تامین سرمایه,کالایی,48347.5,0.926
ماهانه,1401-09,آذر 1401,سایر مدیران,املاک و مستغلات,1657.9,0.032
ماهانه,1401-09,آذر 1401,سایر مدیران,بخشی,1584.8,0.03
ماهانه,1401-09,آذر 1401,سایر مدیران,جسورانه,3523.8,0.068
ماهانه,1401-09,آذر 1401,سایر مدیران,خصوصی,14821.7,0.284
ماهانه,1401-09,آذر 1401,سایر مدیران,درآمد ثابت,980524.1,18.786
ماهانه,1401-09,آذر 1401,سایر مدیران,سهامی,96287.7,1.845
ماهانه,1401-09,آذر 1401,سایر مدیران,شاخصی,4917.9,0.094
ماهانه,1401-09,آذر 1401,سایر مدیران,صندوق در صندوق,2605.7,0.05
ماهانه,1401-09,آذر 1401,سایر مدیران,مختلط,6868.1,0.132
ماهانه,1401-09,آذر 1401,سایر مدیران,پروژه‌ای,10897.4,0.209
ماهانه,1401-09,آذر 1401,سایر مدیران,کالایی,13186.1,0.253
ماهانه,1401-09,آذر 1401,سبد گردان اقتصاد بیدار,درآمد ثابت,15102.4,0.289
ماهانه,1401-09,آذر 1401,سبد گردان اقتصاد بیدار,سهامی,3327.4,0.064
ماهانه,1401-09,آذر 1401,سبد گردان کاریزما,اهرمی,25445.5,0.488
ماهانه,1401-09,آذر 1401,سبد گردان کاریزما,تضمین اصل سرمایه,6596.7,0.126
ماهانه,1401-09,آذر 1401,سبد گردان کاریزما,درآمد ثابت,227660.4,4.362
ماهانه,1401-09,آذر 1401,سبد گردان کاریزما,سهامی,8731.5,0.167
ماهانه,1401-09,آذر 1401,سبد گردان کاریزما,شاخصی,2082.5,0.04
ماهانه,1401-09,آذر 1401,سبد گردان کاریزما,صندوق در صندوق,867.2,0.017
ماهانه,1401-09,آذر 1401,سبد گردان کاریزما,مختلط,1049.3,0.02
ماهانه,1401-09,آذر 1401,سبد گردان کاریزما,کالایی,6050.6,0.116
ماهانه,1401-09,آذر 1401,سبدگردان آگاه,درآمد ثابت,60000.7,1.15
ماهانه,1401-09,آذر 1401,سبدگردان آگاه,سهامی,24239.1,0.464
ماهانه,1401-09,آذر 1401,سبدگردان آگاه,مختلط,230.1,0.004
ماهانه,1401-09,آذر 1401,سبدگردان توسعه فیروزه,جسورانه,222.6,0.004
ماهانه,1401-09,آذر 1401,سبدگردان توسعه فیروزه,خصوصی,1086.9,0.021
ماهانه,1401-09,آذر 1401,سبدگردان توسعه فیروزه,درآمد ثابت,17184.3,0.329
ماهانه,1401-09,آذر 1401,سبدگردان توسعه فیروزه,سهامی,4792.6,0.092
ماهانه,1401-09,آذر 1401,سبدگردان توسعه فیروزه,شاخصی,2341.7,0.045
ماهانه,1401-09,آذر 1401,سبدگردان فارابی,درآمد ثابت,18700.9,0.358
ماهانه,1401-09,آذر 1401,سبدگردان فارابی,سهامی,6039.1,0.116
ماهانه,1401-09,آذر 1401,سبدگردان مفید,اهرمی,8000.9,0.153
ماهانه,1401-09,آذر 1401,سبدگردان مفید,تضمین اصل سرمایه,2465.8,0.047
ماهانه,1401-09,آذر 1401,سبدگردان مفید,درآمد ثابت,201449.5,3.86
ماهانه,1401-09,آذر 1401,سبدگردان مفید,سهامی,102957.9,1.973
ماهانه,1401-09,آذر 1401,سبدگردان مفید,شاخصی,3637.7,0.07
ماهانه,1401-09,آذر 1401,سبدگردان مفید,مختلط,3435.6,0.066
ماهانه,1401-09,آذر 1401,سبدگردان مفید,کالایی,11425.0,0.219
ماهانه,1401-09,آذر 1401,مشاور سرمایه گذاری ترنج,درآمد ثابت,75561.4,1.448
ماهانه,1401-09,آذر 1401,مشاور سرمایه گذاری ترنج,سهامی,7950.1,0.152
ماهانه,1401-09,آذر 1401,مشاور سرمایه گذاری ترنج,مختلط,2698.1,0.052
ماهانه,1401-10,دی 1401,تامین سرمایه,اهرمی,1532.8,0.029
ماهانه,1401-10,دی 1401,تامین سرمایه,بازنشستگی,14938.6,0.283
ماهانه,1401-10,دی 1401,تامین سرمایه,بخشی,273004.0,5.173
ماهانه,1401-10,دی 1401,تامین سرمایه,جسورانه,568.2,0.011
ماهانه,1401-10,دی 1401,تامین سرمایه,درآمد ثابت,2860511.6,54.198
ماهانه,1401-10,دی 1401,تامین سرمایه,سهامی,41846.9,0.793
ماهانه,1401-10,دی 1401,تامین سرمایه,شاخصی,5790.2,0.11
ماهانه,1401-10,دی 1401,تامین سرمایه,مختلط,4008.3,0.076
ماهانه,1401-10,دی 1401,تامین سرمایه,کالایی,54527.1,1.033
ماهانه,1401-10,دی 1401,سایر مدیران,املاک و مستغلات,1661.3,0.032
ماهانه,1401-10,دی 1401,سایر مدیران,بخشی,1465.3,0.028
ماهانه,1401-10,دی 1401,سایر مدیران,جسورانه,3535.6,0.067
ماهانه,1401-10,دی 1401,سایر مدیران,خصوصی,15038.8,0.285
ماهانه,1401-10,دی 1401,سایر مدیران,درآمد ثابت,918391.3,17.401
ماهانه,1401-10,دی 1401,سایر مدیران,سهامی,109974.8,2.084
ماهانه,1401-10,دی 1401,سایر مدیران,شاخصی,7007.3,0.133
ماهانه,1401-10,دی 1401,سایر مدیران,صندوق در صندوق,2732.2,0.052
ماهانه,1401-10,دی 1401,سایر مدیران,مختلط,7216.8,0.137
ماهانه,1401-10,دی 1401,سایر مدیران,پروژه‌ای,10897.0,0.206
ماهانه,1401-10,دی 1401,سایر مدیران,کالایی,15245.3,0.289
ماهانه,1401-10,دی 1401,سبد گردان اقتصاد بیدار,درآمد ثابت,16763.9,0.318
ماهانه,1401-10,دی 1401,سبد گردان اقتصاد بیدار,سهامی,3713.4,0.07
ماهانه,1401-10,دی 1401,سبد گردان کاریزما,اهرمی,36092.9,0.684
ماهانه,1401-10,دی 1401,سبد گردان کاریزما,تضمین اصل سرمایه,9255.7,0.175
ماهانه,1401-10,دی 1401,سبد گردان کاریزما,درآمد ثابت,231248.3,4.382
ماهانه,1401-10,دی 1401,سبد گردان کاریزما,سهامی,10182.9,0.193
ماهانه,1401-10,دی 1401,سبد گردان کاریزما,شاخصی,2335.5,0.044
ماهانه,1401-10,دی 1401,سبد گردان کاریزما,صندوق در صندوق,980.3,0.019
ماهانه,1401-10,دی 1401,سبد گردان کاریزما,مختلط,1182.9,0.022
ماهانه,1401-10,دی 1401,سبد گردان کاریزما,کالایی,6602.3,0.125
ماهانه,1401-10,دی 1401,سبدگردان آگاه,درآمد ثابت,61323.4,1.162
ماهانه,1401-10,دی 1401,سبدگردان آگاه,سهامی,28035.0,0.531
ماهانه,1401-10,دی 1401,سبدگردان آگاه,مختلط,253.9,0.005
ماهانه,1401-10,دی 1401,سبدگردان توسعه فیروزه,جسورانه,224.8,0.004
ماهانه,1401-10,دی 1401,سبدگردان توسعه فیروزه,خصوصی,1089.8,0.021
ماهانه,1401-10,دی 1401,سبدگردان توسعه فیروزه,درآمد ثابت,16900.7,0.32
ماهانه,1401-10,دی 1401,سبدگردان توسعه فیروزه,سهامی,5586.8,0.106
ماهانه,1401-10,دی 1401,سبدگردان توسعه فیروزه,شاخصی,2639.7,0.05
ماهانه,1401-10,دی 1401,سبدگردان فارابی,درآمد ثابت,29394.4,0.557
ماهانه,1401-10,دی 1401,سبدگردان فارابی,سهامی,7065.6,0.134
ماهانه,1401-10,دی 1401,سبدگردان مفید,اهرمی,13337.8,0.253
ماهانه,1401-10,دی 1401,سبدگردان مفید,تضمین اصل سرمایه,2712.2,0.051
ماهانه,1401-10,دی 1401,سبدگردان مفید,درآمد ثابت,211106.1,4.0
ماهانه,1401-10,دی 1401,سبدگردان مفید,سهامی,112215.6,2.126
ماهانه,1401-10,دی 1401,سبدگردان مفید,شاخصی,4448.5,0.084
ماهانه,1401-10,دی 1401,سبدگردان مفید,مختلط,3658.1,0.069
ماهانه,1401-10,دی 1401,سبدگردان مفید,کالایی,12261.0,0.232
ماهانه,1401-10,دی 1401,مشاور سرمایه گذاری ترنج,درآمد ثابت,81730.7,1.548
ماهانه,1401-10,دی 1401,مشاور سرمایه گذاری ترنج,سهامی,9940.6,0.188
ماهانه,1401-10,دی 1401,مشاور سرمایه گذاری ترنج,صندوق در صندوق,2022.9,0.038
ماهانه,1401-10,دی 1401,مشاور سرمایه گذاری ترنج,مختلط,3694.3,0.07
ماهانه,1401-11,بهمن 1401,تامین سرمایه,اهرمی,1370.7,0.026
ماهانه,1401-11,بهمن 1401,تامین سرمایه,بازنشستگی,13194.4,0.252
ماهانه,1401-11,بهمن 1401,تامین سرمایه,بخشی,229689.4,4.38
ماهانه,1401-11,بهمن 1401,تامین سرمایه,جسورانه,568.3,0.011
ماهانه,1401-11,بهمن 1401,تامین سرمایه,درآمد ثابت,2791842.2,53.232
ماهانه,1401-11,بهمن 1401,تامین سرمایه,سهامی,38815.9,0.74
ماهانه,1401-11,بهمن 1401,تامین سرمایه,شاخصی,5083.2,0.097
ماهانه,1401-11,بهمن 1401,تامین سرمایه,مختلط,4107.0,0.078
ماهانه,1401-11,بهمن 1401,تامین سرمایه,کالایی,72649.6,1.385
ماهانه,1401-11,بهمن 1401,سایر مدیران,املاک و مستغلات,1667.1,0.032
ماهانه,1401-11,بهمن 1401,سایر مدیران,بخشی,1348.4,0.026
ماهانه,1401-11,بهمن 1401,سایر مدیران,جسورانه,3700.8,0.071
ماهانه,1401-11,بهمن 1401,سایر مدیران,خصوصی,14977.5,0.286
ماهانه,1401-11,بهمن 1401,سایر مدیران,درآمد ثابت,970155.3,18.498
ماهانه,1401-11,بهمن 1401,سایر مدیران,سهامی,97857.2,1.866
ماهانه,1401-11,بهمن 1401,سایر مدیران,شاخصی,5891.8,0.112
ماهانه,1401-11,بهمن 1401,سایر مدیران,صندوق در صندوق,2681.9,0.051
ماهانه,1401-11,بهمن 1401,سایر مدیران,مختلط,6744.5,0.129
ماهانه,1401-11,بهمن 1401,سایر مدیران,پروژه‌ای,10896.5,0.208
ماهانه,1401-11,بهمن 1401,سایر مدیران,کالایی,25000.3,0.477
ماهانه,1401-11,بهمن 1401,سبد گردان اقتصاد بیدار,درآمد ثابت,24574.9,0.469
ماهانه,1401-11,بهمن 1401,سبد گردان اقتصاد بیدار,سهامی,3476.6,0.066
ماهانه,1401-11,بهمن 1401,سبد گردان کاریزما,اهرمی,37694.2,0.719
ماهانه,1401-11,بهمن 1401,سبد گردان کاریزما,تضمین اصل سرمایه,8674.6,0.165
ماهانه,1401-11,بهمن 1401,سبد گردان کاریزما,درآمد ثابت,231607.1,4.416
ماهانه,1401-11,بهمن 1401,سبد گردان کاریزما,سهامی,9382.8,0.179
ماهانه,1401-11,بهمن 1401,سبد گردان کاریزما,شاخصی,2111.8,0.04
ماهانه,1401-11,بهمن 1401,سبد گردان کاریزما,صندوق در صندوق,932.2,0.018
ماهانه,1401-11,بهمن 1401,سبد گردان کاریزما,مختلط,1124.6,0.021
ماهانه,1401-11,بهمن 1401,سبد گردان کاریزما,کالایی,9490.6,0.181
ماهانه,1401-11,بهمن 1401,سبدگردان آگاه,بخشی,4010.0,0.076
ماهانه,1401-11,بهمن 1401,سبدگردان آگاه,درآمد ثابت,55749.6,1.063
ماهانه,1401-11,بهمن 1401,سبدگردان آگاه,سهامی,25583.4,0.488
ماهانه,1401-11,بهمن 1401,سبدگردان آگاه,مختلط,240.0,0.005
ماهانه,1401-11,بهمن 1401,سبدگردان توسعه فیروزه,جسورانه,227.5,0.004
ماهانه,1401-11,بهمن 1401,سبدگردان توسعه فیروزه,خصوصی,1091.7,0.021
ماهانه,1401-11,بهمن 1401,سبدگردان توسعه فیروزه,درآمد ثابت,20843.3,0.397
ماهانه,1401-11,بهمن 1401,سبدگردان توسعه فیروزه,سهامی,5674.5,0.108
ماهانه,1401-11,بهمن 1401,سبدگردان توسعه فیروزه,شاخصی,2275.2,0.043
ماهانه,1401-11,بهمن 1401,سبدگردان فارابی,درآمد ثابت,34401.6,0.656
ماهانه,1401-11,بهمن 1401,سبدگردان فارابی,سهامی,6288.3,0.12
ماهانه,1401-11,بهمن 1401,سبدگردان مفید,اهرمی,12900.5,0.246
ماهانه,1401-11,بهمن 1401,سبدگردان مفید,تضمین اصل سرمایه,2342.6,0.045
ماهانه,1401-11,بهمن 1401,سبدگردان مفید,درآمد ثابت,211802.6,4.038
ماهانه,1401-11,بهمن 1401,سبدگردان مفید,سهامی,101802.8,1.941
ماهانه,1401-11,بهمن 1401,سبدگردان مفید,شاخصی,4022.9,0.077
ماهانه,1401-11,بهمن 1401,سبدگردان مفید,مختلط,3533.7,0.067
ماهانه,1401-11,بهمن 1401,سبدگردان مفید,کالایی,18434.2,0.352
ماهانه,1401-11,بهمن 1401,مشاور سرمایه گذاری ترنج,درآمد ثابت,91476.7,1.744
ماهانه,1401-11,بهمن 1401,مشاور سرمایه گذاری ترنج,سهامی,8779.6,0.167
ماهانه,1401-11,بهمن 1401,مشاور سرمایه گذاری ترنج,صندوق در صندوق,1842.6,0.035
ماهانه,1401-11,بهمن 1401,مشاور سرمایه گذاری ترنج,مختلط,4007.6,0.076
ماهانه,1401-12,اسفند 1401,تامین سرمایه,اهرمی,1632.6,0.029
ماهانه,1401-12,اسفند 1401,تامین سرمایه,بازنشستگی,17025.1,0.305
ماهانه,1401-12,اسفند 1401,تامین سرمایه,بخشی,276074.1,4.948
ماهانه,1401-12,اسفند 1401,تامین سرمایه,جسورانه,566.8,0.01
ماهانه,1401-12,اسفند 1401,تامین سرمایه,درآمد ثابت,2890650.2,51.806
ماهانه,1401-12,اسفند 1401,تامین سرمایه,سهامی,50677.0,0.908
ماهانه,1401-12,اسفند 1401,تامین سرمایه,شاخصی,9487.1,0.17
ماهانه,1401-12,اسفند 1401,تامین سرمایه,مختلط,5410.0,0.097
ماهانه,1401-12,اسفند 1401,تامین سرمایه,کالایی,76757.2,1.376
ماهانه,1401-12,اسفند 1401,سایر مدیران,املاک و مستغلات,1669.4,0.03
ماهانه,1401-12,اسفند 1401,سایر مدیران,بخشی,1379.7,0.025
ماهانه,1401-12,اسفند 1401,سایر مدیران,جسورانه,2682.3,0.048
ماهانه,1401-12,اسفند 1401,سایر مدیران,خصوصی,15683.7,0.281
ماهانه,1401-12,اسفند 1401,سایر مدیران,درآمد ثابت,980053.7,17.565
ماهانه,1401-12,اسفند 1401,سایر مدیران,سهامی,130458.4,2.338
ماهانه,1401-12,اسفند 1401,سایر مدیران,شاخصی,11371.4,0.204
ماهانه,1401-12,اسفند 1401,سایر مدیران,صندوق در صندوق,3067.3,0.055
ماهانه,1401-12,اسفند 1401,سایر مدیران,مختلط,7310.5,0.131
ماهانه,1401-12,اسفند 1401,سایر مدیران,پروژه‌ای,11262.6,0.202
ماهانه,1401-12,اسفند 1401,سایر مدیران,کالایی,25114.1,0.45
ماهانه,1401-12,اسفند 1401,سبد گردان اقتصاد بیدار,درآمد ثابت,35095.6,0.629
ماهانه,1401-12,اسفند 1401,سبد گردان اقتصاد بیدار,سهامی,4805.6,0.086
ماهانه,1401-12,اسفند 1401,سبد گردان کاریزما,اهرمی,55174.8,0.989
ماهانه,1401-12,اسفند 1401,سبد گردان کاریزما,تضمین اصل سرمایه,11759.6,0.211
ماهانه,1401-12,اسفند 1401,سبد گردان کاریزما,درآمد ثابت,213755.0,3.831
ماهانه,1401-12,اسفند 1401,سبد گردان کاریزما,سهامی,18286.7,0.328
ماهانه,1401-12,اسفند 1401,سبد گردان کاریزما,شاخصی,2801.0,0.05
ماهانه,1401-12,اسفند 1401,سبد گردان کاریزما,صندوق در صندوق,1066.3,0.019
ماهانه,1401-12,اسفند 1401,سبد گردان کاریزما,مختلط,1365.7,0.024
ماهانه,1401-12,اسفند 1401,سبد گردان کاریزما,کالایی,10308.2,0.185
ماهانه,1401-12,اسفند 1401,سبدگردان آگاه,بخشی,11845.3,0.212
ماهانه,1401-12,اسفند 1401,سبدگردان آگاه,درآمد ثابت,55730.6,0.999
ماهانه,1401-12,اسفند 1401,سبدگردان آگاه,سهامی,39574.8,0.709
ماهانه,1401-12,اسفند 1401,سبدگردان آگاه,مختلط,282.9,0.005
ماهانه,1401-12,اسفند 1401,سبدگردان توسعه فیروزه,جسورانه,229.3,0.004
ماهانه,1401-12,اسفند 1401,سبدگردان توسعه فیروزه,خصوصی,1106.8,0.02
ماهانه,1401-12,اسفند 1401,سبدگردان توسعه فیروزه,درآمد ثابت,20311.0,0.364
ماهانه,1401-12,اسفند 1401,سبدگردان توسعه فیروزه,سهامی,8672.4,0.155
ماهانه,1401-12,اسفند 1401,سبدگردان توسعه فیروزه,شاخصی,4438.7,0.08
ماهانه,1401-12,اسفند 1401,سبدگردان فارابی,درآمد ثابت,27967.6,0.501
ماهانه,1401-12,اسفند 1401,سبدگردان فارابی,سهامی,9090.0,0.163
ماهانه,1401-12,اسفند 1401,سبدگردان مفید,اهرمی,23279.2,0.417
ماهانه,1401-12,اسفند 1401,سبدگردان مفید,تضمین اصل سرمایه,2832.5,0.051
ماهانه,1401-12,اسفند 1401,سبدگردان مفید,درآمد ثابت,199065.2,3.568
ماهانه,1401-12,اسفند 1401,سبدگردان مفید,سهامی,137692.2,2.468
ماهانه,1401-12,اسفند 1401,سبدگردان مفید,شاخصی,8165.4,0.146
ماهانه,1401-12,اسفند 1401,سبدگردان مفید,مختلط,4142.8,0.074
ماهانه,1401-12,اسفند 1401,سبدگردان مفید,کالایی,20541.2,0.368
ماهانه,1401-12,اسفند 1401,مشاور سرمایه گذاری ترنج,درآمد ثابت,106448.2,1.908
ماهانه,1401-12,اسفند 1401,مشاور سرمایه گذاری ترنج,سهامی,15770.5,0.283
ماهانه,1401-12,اسفند 1401,مشاور سرمایه گذاری ترنج,صندوق در صندوق,3967.5,0.071
ماهانه,1401-12,اسفند 1401,مشاور سرمایه گذاری ترنج,مختلط,5813.2,0.104
ماهانه,1402-01,فروردین 1402,تامین سرمایه,اهرمی,1973.1,0.033
ماهانه,1402-01,فروردین 1402,تامین سرمایه,بازنشستگی,20585.4,0.341
ماهانه,1402-01,فروردین 1402,تامین سرمایه,بخشی,322665.1,5.35
ماهانه,1402-01,فروردین 1402,تامین سرمایه,جسورانه,569.1,0.009
ماهانه,1402-01,فروردین 1402,تامین سرمایه,درآمد ثابت,3032051.7,50.274
ماهانه,1402-01,فروردین 1402,تامین سرمایه,سهامی,62831.1,1.042
ماهانه,1402-01,فروردین 1402,تامین سرمایه,شاخصی,10746.3,0.178
ماهانه,1402-01,فروردین 1402,تامین سرمایه,مختلط,6119.0,0.102
ماهانه,1402-01,فروردین 1402,تامین سرمایه,کالایی,79445.1,1.317
ماهانه,1402-01,فروردین 1402,سایر مدیران,املاک و مستغلات,1924.7,0.032
ماهانه,1402-01,فروردین 1402,سایر مدیران,بخشی,1539.3,0.026
ماهانه,1402-01,فروردین 1402,سایر مدیران,جسورانه,2890.2,0.048
ماهانه,1402-01,فروردین 1402,سایر مدیران,خصوصی,16335.5,0.271
ماهانه,1402-01,فروردین 1402,سایر مدیران,درآمد ثابت,1007780.2,16.71
ماهانه,1402-01,فروردین 1402,سایر مدیران,سهامی,160191.5,2.656
ماهانه,1402-01,فروردین 1402,سایر مدیران,شاخصی,18103.5,0.3
ماهانه,1402-01,فروردین 1402,سایر مدیران,صندوق در صندوق,3313.1,0.055
ماهانه,1402-01,فروردین 1402,سایر مدیران,مختلط,8179.6,0.136
ماهانه,1402-01,فروردین 1402,سایر مدیران,پروژه‌ای,11262.1,0.187
ماهانه,1402-01,فروردین 1402,سایر مدیران,کالایی,26212.1,0.435
ماهانه,1402-01,فروردین 1402,سبد گردان اقتصاد بیدار,درآمد ثابت,34063.6,0.565
ماهانه,1402-01,فروردین 1402,سبد گردان اقتصاد بیدار,سهامی,5950.0,0.099
ماهانه,1402-01,فروردین 1402,سبد گردان کاریزما,اهرمی,78282.0,1.298
ماهانه,1402-01,فروردین 1402,سبد گردان کاریزما,تضمین اصل سرمایه,19385.8,0.321
ماهانه,1402-01,فروردین 1402,سبد گردان کاریزما,درآمد ثابت,231838.0,3.844
ماهانه,1402-01,فروردین 1402,سبد گردان کاریزما,سهامی,22849.0,0.379
ماهانه,1402-01,فروردین 1402,سبد گردان کاریزما,شاخصی,4072.1,0.068
ماهانه,1402-01,فروردین 1402,سبد گردان کاریزما,صندوق در صندوق,1242.5,0.021
ماهانه,1402-01,فروردین 1402,سبد گردان کاریزما,مختلط,1714.1,0.028
ماهانه,1402-01,فروردین 1402,سبد گردان کاریزما,کالایی,11849.5,0.196
ماهانه,1402-01,فروردین 1402,سبدگردان آگاه,بخشی,12916.0,0.214
ماهانه,1402-01,فروردین 1402,سبدگردان آگاه,درآمد ثابت,53253.0,0.883
ماهانه,1402-01,فروردین 1402,سبدگردان آگاه,سهامی,46155.6,0.765
ماهانه,1402-01,فروردین 1402,سبدگردان آگاه,مختلط,320.7,0.005
ماهانه,1402-01,فروردین 1402,سبدگردان توسعه فیروزه,جسورانه,230.2,0.004
ماهانه,1402-01,فروردین 1402,سبدگردان توسعه فیروزه,خصوصی,812.9,0.014
ماهانه,1402-01,فروردین 1402,سبدگردان توسعه فیروزه,درآمد ثابت,27195.5,0.451
ماهانه,1402-01,فروردین 1402,سبدگردان توسعه فیروزه,سهامی,12529.6,0.208
ماهانه,1402-01,فروردین 1402,سبدگردان توسعه فیروزه,شاخصی,5115.2,0.085
ماهانه,1402-01,فروردین 1402,سبدگردان فارابی,درآمد ثابت,32438.0,0.538
ماهانه,1402-01,فروردین 1402,سبدگردان فارابی,سهامی,11479.9,0.19
ماهانه,1402-01,فروردین 1402,سبدگردان مفید,اهرمی,35202.8,0.584
ماهانه,1402-01,فروردین 1402,سبدگردان مفید,تضمین اصل سرمایه,4168.7,0.069
ماهانه,1402-01,فروردین 1402,سبدگردان مفید,درآمد ثابت,232095.4,3.848
ماهانه,1402-01,فروردین 1402,سبدگردان مفید,سهامی,165590.4,2.746
ماهانه,1402-01,فروردین 1402,سبدگردان مفید,شاخصی,10298.7,0.171
ماهانه,1402-01,فروردین 1402,سبدگردان مفید,مختلط,4385.7,0.073
ماهانه,1402-01,فروردین 1402,سبدگردان مفید,کالایی,23103.0,0.383
ماهانه,1402-01,فروردین 1402,مشاور سرمایه گذاری ترنج,درآمد ثابت,114086.8,1.892
ماهانه,1402-01,فروردین 1402,مشاور سرمایه گذاری ترنج,سهامی,20496.1,0.34
ماهانه,1402-01,فروردین 1402,مشاور سرمایه گذاری ترنج,صندوق در صندوق,5986.7,0.099
ماهانه,1402-01,فروردین 1402,مشاور سرمایه گذاری ترنج,مختلط,7180.4,0.119
ماهانه,1402-02,اردیبهشت 1402,تامین سرمایه,اهرمی,1914.9,0.031
ماهانه,1402-02,اردیبهشت 1402,تامین سرمایه,بازنشستگی,19876.3,0.325
ماهانه,1402-02,اردیبهشت 1402,تامین سرمایه,بخشی,346359.3,5.656
ماهانه,1402-02,اردیبهشت 1402,تامین سرمایه,جسورانه,567.1,0.009
ماهانه,1402-02,اردیبهشت 1402,تامین سرمایه,درآمد ثابت,3018047.2,49.288
ماهانه,1402-02,اردیبهشت 1402,تامین سرمایه,سهامی,65382.7,1.068
ماهانه,1402-02,اردیبهشت 1402,تامین سرمایه,شاخصی,12902.3,0.211
ماهانه,1402-02,اردیبهشت 1402,تامین سرمایه,مختلط,6493.0,0.106
ماهانه,1402-02,اردیبهشت 1402,تامین سرمایه,کالایی,90426.0,1.477
ماهانه,1402-02,اردیبهشت 1402,سایر مدیران,املاک و مستغلات,1680.9,0.028
ماهانه,1402-02,اردیبهشت 1402,سایر مدیران,بخشی,1312.8,0.021
ماهانه,1402-02,اردیبهشت 1402,سایر مدیران,جسورانه,2942.6,0.048
ماهانه,1402-02,اردیبهشت 1402,سایر مدیران,خصوصی,16522.6,0.27
ماهانه,1402-02,اردیبهشت 1402,سایر مدیران,درآمد ثابت,1004472.1,16.404
ماهانه,1402-02,اردیبهشت 1402,سایر مدیران,سهامی,161094.9,2.631
ماهانه,1402-02,اردیبهشت 1402,سایر مدیران,شاخصی,16962.6,0.277
ماهانه,1402-02,اردیبهشت 1402,سایر مدیران,صندوق در صندوق,3392.6,0.055
ماهانه,1402-02,اردیبهشت 1402,سایر مدیران,مختلط,8221.5,0.134
ماهانه,1402-02,اردیبهشت 1402,سایر مدیران,پروژه‌ای,11261.6,0.184
ماهانه,1402-02,اردیبهشت 1402,سایر مدیران,کالایی,32018.1,0.523
ماهانه,1402-02,اردیبهشت 1402,سبد گردان اقتصاد بیدار,درآمد ثابت,30835.7,0.504
ماهانه,1402-02,اردیبهشت 1402,سبد گردان اقتصاد بیدار,سهامی,6749.4,0.11
ماهانه,1402-02,اردیبهشت 1402,سبد گردان کاریزما,اهرمی,79139.5,1.292
ماهانه,1402-02,اردیبهشت 1402,سبد گردان کاریزما,تضمین اصل سرمایه,21575.4,0.352
ماهانه,1402-02,اردیبهشت 1402,سبد گردان کاریزما,درآمد ثابت,270303.3,4.414
ماهانه,1402-02,اردیبهشت 1402,سبد گردان کاریزما,سهامی,22914.3,0.374
ماهانه,1402-02,اردیبهشت 1402,سبد گردان کاریزما,شاخصی,4093.0,0.067
ماهانه,1402-02,اردیبهشت 1402,سبد گردان کاریزما,صندوق در صندوق,1180.6,0.019
ماهانه,1402-02,اردیبهشت 1402,سبد گردان کاریزما,مختلط,1692.1,0.028
ماهانه,1402-02,اردیبهشت 1402,سبد گردان کاریزما,کالایی,19350.3,0.316
ماهانه,1402-02,اردیبهشت 1402,سبدگردان آگاه,بخشی,11891.2,0.194
ماهانه,1402-02,اردیبهشت 1402,سبدگردان آگاه,درآمد ثابت,54620.4,0.892
ماهانه,1402-02,اردیبهشت 1402,سبدگردان آگاه,سهامی,44106.6,0.72
ماهانه,1402-02,اردیبهشت 1402,سبدگردان آگاه,مختلط,319.4,0.005
ماهانه,1402-02,اردیبهشت 1402,سبدگردان توسعه فیروزه,جسورانه,236.5,0.004
ماهانه,1402-02,اردیبهشت 1402,سبدگردان توسعه فیروزه,خصوصی,820.1,0.013
ماهانه,1402-02,اردیبهشت 1402,سبدگردان توسعه فیروزه,درآمد ثابت,21560.3,0.352
ماهانه,1402-02,اردیبهشت 1402,سبدگردان توسعه فیروزه,سهامی,12771.6,0.209
ماهانه,1402-02,اردیبهشت 1402,سبدگردان توسعه فیروزه,شاخصی,5289.4,0.086
ماهانه,1402-02,اردیبهشت 1402,سبدگردان فارابی,درآمد ثابت,34520.5,0.564
ماهانه,1402-02,اردیبهشت 1402,سبدگردان فارابی,سهامی,13181.5,0.215
ماهانه,1402-02,اردیبهشت 1402,سبدگردان مفید,اهرمی,41693.8,0.681
ماهانه,1402-02,اردیبهشت 1402,سبدگردان مفید,تضمین اصل سرمایه,5105.9,0.083
ماهانه,1402-02,اردیبهشت 1402,سبدگردان مفید,درآمد ثابت,242292.0,3.957
ماهانه,1402-02,اردیبهشت 1402,سبدگردان مفید,سهامی,165916.9,2.71
ماهانه,1402-02,اردیبهشت 1402,سبدگردان مفید,شاخصی,9561.0,0.156
ماهانه,1402-02,اردیبهشت 1402,سبدگردان مفید,مختلط,4334.3,0.071
ماهانه,1402-02,اردیبهشت 1402,سبدگردان مفید,کالایی,30452.4,0.497
ماهانه,1402-02,اردیبهشت 1402,مشاور سرمایه گذاری ترنج,درآمد ثابت,110192.0,1.8
ماهانه,1402-02,اردیبهشت 1402,مشاور سرمایه گذاری ترنج,سهامی,21178.4,0.346
ماهانه,1402-02,اردیبهشت 1402,مشاور سرمایه گذاری ترنج,صندوق در صندوق,6627.7,0.108
ماهانه,1402-02,اردیبهشت 1402,مشاور سرمایه گذاری ترنج,مختلط,6897.2,0.113
ماهانه,1402-03,خرداد 1402,تامین سرمایه,اهرمی,1835.1,0.03
ماهانه,1402-03,خرداد 1402,تامین سرمایه,بازنشستگی,18467.1,0.298
ماهانه,1402-03,خرداد 1402,تامین سرمایه,بخشی,333198.7,5.38
ماهانه,1402-03,خرداد 1402,تامین سرمایه,جسورانه,559.0,0.009
ماهانه,1402-03,خرداد 1402,تامین سرمایه,درآمد ثابت,3078454.5,49.704
ماهانه,1402-03,خرداد 1402,تامین سرمایه,سهامی,61487.8,0.993
ماهانه,1402-03,خرداد 1402,تامین سرمایه,شاخصی,12345.3,0.199
ماهانه,1402-03,خرداد 1402,تامین سرمایه,مختلط,6279.9,0.101
ماهانه,1402-03,خرداد 1402,تامین سرمایه,کالایی,78046.7,1.26
ماهانه,1402-03,خرداد 1402,سایر مدیران,املاک و مستغلات,1676.2,0.027
ماهانه,1402-03,خرداد 1402,سایر مدیران,بخشی,1211.3,0.02
ماهانه,1402-03,خرداد 1402,سایر مدیران,تضمین اصل سرمایه,268.3,0.004
ماهانه,1402-03,خرداد 1402,سایر مدیران,جسورانه,3007.4,0.049
ماهانه,1402-03,خرداد 1402,سایر مدیران,خصوصی,16225.2,0.262
ماهانه,1402-03,خرداد 1402,سایر مدیران,درآمد ثابت,1031863.0,16.66
ماهانه,1402-03,خرداد 1402,سایر مدیران,سهامی,147191.9,2.376
ماهانه,1402-03,خرداد 1402,سایر مدیران,شاخصی,14157.2,0.229
ماهانه,1402-03,خرداد 1402,سایر مدیران,صندوق در صندوق,3116.9,0.05
ماهانه,1402-03,خرداد 1402,سایر مدیران,مختلط,8185.7,0.132
ماهانه,1402-03,خرداد 1402,سایر مدیران,پروژه‌ای,11261.1,0.182
ماهانه,1402-03,خرداد 1402,سایر مدیران,کالایی,28551.5,0.461
ماهانه,1402-03,خرداد 1402,سبد گردان اقتصاد بیدار,درآمد ثابت,33811.7,0.546
ماهانه,1402-03,خرداد 1402,سبد گردان اقتصاد بیدار,سهامی,5437.0,0.088
ماهانه,1402-03,خرداد 1402,سبد گردان کاریزما,اهرمی,74759.1,1.207
ماهانه,1402-03,خرداد 1402,سبد گردان کاریزما,تضمین اصل سرمایه,22606.2,0.365
ماهانه,1402-03,خرداد 1402,سبد گردان کاریزما,درآمد ثابت,294175.0,4.75
ماهانه,1402-03,خرداد 1402,سبد گردان کاریزما,سهامی,20190.8,0.326
ماهانه,1402-03,خرداد 1402,سبد گردان کاریزما,شاخصی,3922.7,0.063
ماهانه,1402-03,خرداد 1402,سبد گردان کاریزما,صندوق در صندوق,1106.4,0.018
ماهانه,1402-03,خرداد 1402,سبد گردان کاریزما,مختلط,1692.4,0.027
ماهانه,1402-03,خرداد 1402,سبد گردان کاریزما,کالایی,17041.4,0.275
ماهانه,1402-03,خرداد 1402,سبدگردان آگاه,اهرمی,7417.2,0.12
ماهانه,1402-03,خرداد 1402,سبدگردان آگاه,بخشی,9637.5,0.156
ماهانه,1402-03,خرداد 1402,سبدگردان آگاه,درآمد ثابت,56993.0,0.92
ماهانه,1402-03,خرداد 1402,سبدگردان آگاه,سهامی,39011.3,0.63
ماهانه,1402-03,خرداد 1402,سبدگردان آگاه,مختلط,306.8,0.005
ماهانه,1402-03,خرداد 1402,سبدگردان توسعه فیروزه,جسورانه,232.0,0.004
ماهانه,1402-03,خرداد 1402,سبدگردان توسعه فیروزه,خصوصی,830.0,0.013
ماهانه,1402-03,خرداد 1402,سبدگردان توسعه فیروزه,درآمد ثابت,27010.1,0.436
ماهانه,1402-03,خرداد 1402,سبدگردان توسعه فیروزه,سهامی,11575.1,0.187
ماهانه,1402-03,خرداد 1402,سبدگردان توسعه فیروزه,شاخصی,4731.2,0.076
ماهانه,1402-03,خرداد 1402,سبدگردان فارابی,درآمد ثابت,40440.7,0.653
ماهانه,1402-03,خرداد 1402,سبدگردان فارابی,سهامی,12363.8,0.2
ماهانه,1402-03,خرداد 1402,سبدگردان مفید,اهرمی,38985.3,0.629
ماهانه,1402-03,خرداد 1402,سبدگردان مفید,تضمین اصل سرمایه,5209.2,0.084
ماهانه,1402-03,خرداد 1402,سبدگردان مفید,درآمد ثابت,250212.4,4.04
ماهانه,1402-03,خرداد 1402,سبدگردان مفید,سهامی,153413.8,2.477
ماهانه,1402-03,خرداد 1402,سبدگردان مفید,شاخصی,8453.2,0.136
ماهانه,1402-03,خرداد 1402,سبدگردان مفید,مختلط,4109.3,0.066
ماهانه,1402-03,خرداد 1402,سبدگردان مفید,کالایی,30283.2,0.489
ماهانه,1402-03,خرداد 1402,مشاور سرمایه گذاری ترنج,درآمد ثابت,130208.3,2.102
ماهانه,1402-03,خرداد 1402,مشاور سرمایه گذاری ترنج,سهامی,17922.2,0.289
ماهانه,1402-03,خرداد 1402,مشاور سرمایه گذاری ترنج,صندوق در صندوق,5468.2,0.088
ماهانه,1402-03,خرداد 1402,مشاور سرمایه گذاری ترنج,مختلط,6635.7,0.107
ماهانه,1402-04,تیر 1402,تامین سرمایه,اهرمی,1606.5,0.026
ماهانه,1402-04,تیر 1402,تامین سرمایه,بازنشستگی,16729.0,0.265
ماهانه,1402-04,تیر 1402,تامین سرمایه,بخشی,281599.9,4.463
ماهانه,1402-04,تیر 1402,تامین سرمایه,تضمین اصل سرمایه,1500.0,0.024
ماهانه,1402-04,تیر 1402,تامین سرمایه,جسورانه,556.6,0.009
ماهانه,1402-04,تیر 1402,تامین سرمایه,درآمد ثابت,3175368.0,50.326
ماهانه,1402-04,تیر 1402,تامین سرمایه,سهامی,57525.0,0.912
ماهانه,1402-04,تیر 1402,تامین سرمایه,شاخصی,9008.9,0.143
ماهانه,1402-04,تیر 1402,تامین سرمایه,مختلط,6290.4,0.1
ماهانه,1402-04,تیر 1402,تامین سرمایه,کالایی,75804.6,1.201
ماهانه,1402-04,تیر 1402,سایر مدیران,املاک و مستغلات,1682.6,0.027
ماهانه,1402-04,تیر 1402,سایر مدیران,بخشی,1188.1,0.019
ماهانه,1402-04,تیر 1402,سایر مدیران,تضمین اصل سرمایه,258.7,0.004
ماهانه,1402-04,تیر 1402,سایر مدیران,جسورانه,3158.4,0.05
ماهانه,1402-04,تیر 1402,سایر مدیران,خصوصی,16028.1,0.254
ماهانه,1402-04,تیر 1402,سایر مدیران,درآمد ثابت,1069136.2,16.945
ماهانه,1402-04,تیر 1402,سایر مدیران,سهامی,137144.6,2.174
ماهانه,1402-04,تیر 1402,سایر مدیران,شاخصی,13458.0,0.213
ماهانه,1402-04,تیر 1402,سایر مدیران,صندوق در صندوق,3039.0,0.048
ماهانه,1402-04,تیر 1402,سایر مدیران,مختلط,8361.4,0.132
ماهانه,1402-04,تیر 1402,سایر مدیران,پروژه‌ای,11260.6,0.178
ماهانه,1402-04,تیر 1402,سایر مدیران,کالایی,27251.6,0.432
ماهانه,1402-04,تیر 1402,سبد گردان اقتصاد بیدار,درآمد ثابت,35054.7,0.556
ماهانه,1402-04,تیر 1402,سبد گردان اقتصاد بیدار,سهامی,5280.3,0.084
ماهانه,1402-04,تیر 1402,سبد گردان کاریزما,اهرمی,73391.4,1.163
ماهانه,1402-04,تیر 1402,سبد گردان کاریزما,تضمین اصل سرمایه,22128.9,0.351
ماهانه,1402-04,تیر 1402,سبد گردان کاریزما,درآمد ثابت,331712.1,5.257
ماهانه,1402-04,تیر 1402,سبد گردان کاریزما,سهامی,17254.5,0.274
ماهانه,1402-04,تیر 1402,سبد گردان کاریزما,شاخصی,4006.8,0.064
ماهانه,1402-04,تیر 1402,سبد گردان کاریزما,صندوق در صندوق,1070.1,0.017
ماهانه,1402-04,تیر 1402,سبد گردان کاریزما,مختلط,1712.0,0.027
ماهانه,1402-04,تیر 1402,سبد گردان کاریزما,کالایی,18234.1,0.289
ماهانه,1402-04,تیر 1402,سبدگردان آگاه,اهرمی,8490.0,0.135
ماهانه,1402-04,تیر 1402,سبدگردان آگاه,بخشی,7567.8,0.12
ماهانه,1402-04,تیر 1402,سبدگردان آگاه,درآمد ثابت,60462.7,0.958
ماهانه,1402-04,تیر 1402,سبدگردان آگاه,سهامی,36466.9,0.578
ماهانه,1402-04,تیر 1402,سبدگردان آگاه,مختلط,315.2,0.005
ماهانه,1402-04,تیر 1402,سبدگردان توسعه فیروزه,جسورانه,348.8,0.006
ماهانه,1402-04,تیر 1402,سبدگردان توسعه فیروزه,خصوصی,835.9,0.013
ماهانه,1402-04,تیر 1402,سبدگردان توسعه فیروزه,درآمد ثابت,30366.2,0.481
ماهانه,1402-04,تیر 1402,سبدگردان توسعه فیروزه,سهامی,12083.0,0.192
ماهانه,1402-04,تیر 1402,سبدگردان توسعه فیروزه,شاخصی,4109.7,0.065
ماهانه,1402-04,تیر 1402,سبدگردان فارابی,اهرمی,4980.7,0.079
ماهانه,1402-04,تیر 1402,سبدگردان فارابی,درآمد ثابت,32044.3,0.508
ماهانه,1402-04,تیر 1402,سبدگردان فارابی,سهامی,10745.3,0.17
ماهانه,1402-04,تیر 1402,سبدگردان مفید,اهرمی,37937.2,0.601
ماهانه,1402-04,تیر 1402,سبدگردان مفید,بخشی,10016.2,0.159
ماهانه,1402-04,تیر 1402,سبدگردان مفید,تضمین اصل سرمایه,4959.2,0.079
ماهانه,1402-04,تیر 1402,سبدگردان مفید,درآمد ثابت,269820.0,4.276
ماهانه,1402-04,تیر 1402,سبدگردان مفید,سهامی,141356.1,2.24
ماهانه,1402-04,تیر 1402,سبدگردان مفید,شاخصی,7515.2,0.119
ماهانه,1402-04,تیر 1402,سبدگردان مفید,مختلط,3921.8,0.062
ماهانه,1402-04,تیر 1402,سبدگردان مفید,کالایی,31828.0,0.504
ماهانه,1402-04,تیر 1402,مشاور سرمایه گذاری ترنج,درآمد ثابت,138595.6,2.197
ماهانه,1402-04,تیر 1402,مشاور سرمایه گذاری ترنج,سهامی,16122.3,0.256
ماهانه,1402-04,تیر 1402,مشاور سرمایه گذاری ترنج,صندوق در صندوق,4762.3,0.076
ماهانه,1402-04,تیر 1402,مشاور سرمایه گذاری ترنج,مختلط,6149.7,0.097
ماهانه,1402-05,مرداد 1402,تامین سرمایه,اهرمی,1442.5,0.022
ماهانه,1402-05,مرداد 1402,تامین سرمایه,بازنشستگی,16574.8,0.257
ماهانه,1402-05,مرداد 1402,تامین سرمایه,بخشی,279241.7,4.324
ماهانه,1402-05,مرداد 1402,تامین سرمایه,تضمین اصل سرمایه,1564.0,0.024
ماهانه,1402-05,مرداد 1402,تامین سرمایه,جسورانه,556.0,0.009
ماهانه,1402-05,مرداد 1402,تامین سرمایه,درآمد ثابت,3236998.3,50.122
ماهانه,1402-05,مرداد 1402,تامین سرمایه,سهامی,56028.6,0.868
ماهانه,1402-05,مرداد 1402,تامین سرمایه,شاخصی,8889.2,0.138
ماهانه,1402-05,مرداد 1402,تامین سرمایه,مختلط,6039.5,0.094
ماهانه,1402-05,مرداد 1402,تامین سرمایه,کالایی,80087.6,1.24
ماهانه,1402-05,مرداد 1402,سایر مدیران,املاک و مستغلات,1689.2,0.026
ماهانه,1402-05,مرداد 1402,سایر مدیران,بخشی,1156.7,0.018
ماهانه,1402-05,مرداد 1402,سایر مدیران,تضمین اصل سرمایه,205.5,0.003
ماهانه,1402-05,مرداد 1402,سایر مدیران,جسورانه,3170.1,0.049
ماهانه,1402-05,مرداد 1402,سایر مدیران,خصوصی,15104.3,0.234
ماهانه,1402-05,مرداد 1402,سایر مدیران,درآمد ثابت,1099788.1,17.029
ماهانه,1402-05,مرداد 1402,سایر مدیران,سهامی,131437.8,2.035
ماهانه,1402-05,مرداد 1402,سایر مدیران,شاخصی,12819.1,0.198
ماهانه,1402-05,مرداد 1402,سایر مدیران,صندوق در صندوق,2985.8,0.046
ماهانه,1402-05,مرداد 1402,سایر مدیران,مختلط,7964.8,0.123
ماهانه,1402-05,مرداد 1402,سایر مدیران,پروژه‌ای,11260.1,0.174
ماهانه,1402-05,مرداد 1402,سایر مدیران,کالایی,26864.8,0.416
ماهانه,1402-05,مرداد 1402,سبد گردان اقتصاد بیدار,درآمد ثابت,38522.7,0.596
ماهانه,1402-05,مرداد 1402,سبد گردان اقتصاد بیدار,سهامی,5465.5,0.085
ماهانه,1402-05,مرداد 1402,سبد گردان کاریزما,اهرمی,89962.4,1.393
ماهانه,1402-05,مرداد 1402,سبد گردان کاریزما,تضمین اصل سرمایه,21500.0,0.333
ماهانه,1402-05,مرداد 1402,سبد گردان کاریزما,درآمد ثابت,338272.8,5.238
ماهانه,1402-05,مرداد 1402,سبد گردان کاریزما,سهامی,16443.8,0.255
ماهانه,1402-05,مرداد 1402,سبد گردان کاریزما,شاخصی,4067.9,0.063
ماهانه,1402-05,مرداد 1402,سبد گردان کاریزما,صندوق در صندوق,1076.9,0.017
ماهانه,1402-05,مرداد 1402,سبد گردان کاریزما,مختلط,1699.9,0.026
ماهانه,1402-05,مرداد 1402,سبد گردان کاریزما,کالایی,19315.0,0.299
ماهانه,1402-05,مرداد 1402,سبدگردان آگاه,اهرمی,8850.0,0.137
ماهانه,1402-05,مرداد 1402,سبدگردان آگاه,بخشی,6869.3,0.106
ماهانه,1402-05,مرداد 1402,سبدگردان آگاه,درآمد ثابت,68657.2,1.063
ماهانه,1402-05,مرداد 1402,سبدگردان آگاه,سهامی,32596.7,0.505
ماهانه,1402-05,مرداد 1402,سبدگردان آگاه,مختلط,313.8,0.005
ماهانه,1402-05,مرداد 1402,سبدگردان توسعه فیروزه,جسورانه,381.5,0.006
ماهانه,1402-05,مرداد 1402,سبدگردان توسعه فیروزه,خصوصی,835.5,0.013
ماهانه,1402-05,مرداد 1402,سبدگردان توسعه فیروزه,درآمد ثابت,37275.8,0.577
ماهانه,1402-05,مرداد 1402,سبدگردان توسعه فیروزه,سهامی,12066.2,0.187
ماهانه,1402-05,مرداد 1402,سبدگردان توسعه فیروزه,شاخصی,3911.2,0.061
ماهانه,1402-05,مرداد 1402,سبدگردان فارابی,اهرمی,5418.2,0.084
ماهانه,1402-05,مرداد 1402,سبدگردان فارابی,درآمد ثابت,34763.8,0.538
ماهانه,1402-05,مرداد 1402,سبدگردان فارابی,سهامی,9658.4,0.15
ماهانه,1402-05,مرداد 1402,سبدگردان مفید,اهرمی,40125.6,0.621
ماهانه,1402-05,مرداد 1402,سبدگردان مفید,بخشی,8336.8,0.129
ماهانه,1402-05,مرداد 1402,سبدگردان مفید,تضمین اصل سرمایه,4860.0,0.075
ماهانه,1402-05,مرداد 1402,سبدگردان مفید,درآمد ثابت,289559.8,4.484
ماهانه,1402-05,مرداد 1402,سبدگردان مفید,سهامی,136762.1,2.118
ماهانه,1402-05,مرداد 1402,سبدگردان مفید,شاخصی,6963.1,0.108
ماهانه,1402-05,مرداد 1402,سبدگردان مفید,مختلط,3763.5,0.058
ماهانه,1402-05,مرداد 1402,سبدگردان مفید,کالایی,35897.1,0.556
ماهانه,1402-05,مرداد 1402,مشاور سرمایه گذاری ترنج,درآمد ثابت,146443.9,2.268
ماهانه,1402-05,مرداد 1402,مشاور سرمایه گذاری ترنج,سهامی,15629.6,0.242
ماهانه,1402-05,مرداد 1402,مشاور سرمایه گذاری ترنج,صندوق در صندوق,4184.9,0.065
ماهانه,1402-05,مرداد 1402,مشاور سرمایه گذاری ترنج,مختلط,5902.2,0.091
ماهانه,1402-06,شهریور 1402,تامین سرمایه,اهرمی,2126.5,0.032
ماهانه,1402-06,شهریور 1402,تامین سرمایه,بازنشستگی,18208.0,0.276
ماهانه,1402-06,شهریور 1402,تامین سرمایه,بخشی,321045.4,4.869
ماهانه,1402-06,شهریور 1402,تامین سرمایه,تضمین اصل سرمایه,2645.5,0.04
ماهانه,1402-06,شهریور 1402,تامین سرمایه,جسورانه,553.9,0.008
ماهانه,1402-06,شهریور 1402,تامین سرمایه,درآمد ثابت,3214507.5,48.75
ماهانه,1402-06,شهریور 1402,تامین سرمایه,سهامی,62211.0,0.944
ماهانه,1402-06,شهریور 1402,تامین سرمایه,شاخصی,9622.5,0.146
ماهانه,1402-06,شهریور 1402,تامین سرمایه,مختلط,6351.2,0.096
ماهانه,1402-06,شهریور 1402,تامین سرمایه,کالایی,81730.7,1.24
ماهانه,1402-06,شهریور 1402,سایر مدیران,املاک و مستغلات,1691.4,0.026
ماهانه,1402-06,شهریور 1402,سایر مدیران,بخشی,2448.2,0.037
ماهانه,1402-06,شهریور 1402,سایر مدیران,تضمین اصل سرمایه,194.4,0.003
ماهانه,1402-06,شهریور 1402,سایر مدیران,جسورانه,3183.3,0.048
ماهانه,1402-06,شهریور 1402,سایر مدیران,خصوصی,15674.0,0.238
ماهانه,1402-06,شهریور 1402,سایر مدیران,درآمد ثابت,1128119.6,17.109
ماهانه,1402-06,شهریور 1402,سایر مدیران,سهامی,144640.0,2.194
ماهانه,1402-06,شهریور 1402,سایر مدیران,شاخصی,15795.0,0.24
ماهانه,1402-06,شهریور 1402,سایر مدیران,صندوق در صندوق,3151.3,0.048
ماهانه,1402-06,شهریور 1402,سایر مدیران,مختلط,8403.8,0.127
ماهانه,1402-06,شهریور 1402,سایر مدیران,پروژه‌ای,11259.6,0.171
ماهانه,1402-06,شهریور 1402,سایر مدیران,کالایی,25549.6,0.388
ماهانه,1402-06,شهریور 1402,سبد گردان اقتصاد بیدار,درآمد ثابت,40891.9,0.62
ماهانه,1402-06,شهریور 1402,سبد گردان اقتصاد بیدار,سهامی,5984.9,0.091
ماهانه,1402-06,شهریور 1402,سبد گردان کاریزما,اهرمی,97973.7,1.486
ماهانه,1402-06,شهریور 1402,سبد گردان کاریزما,تضمین اصل سرمایه,23417.8,0.355
ماهانه,1402-06,شهریور 1402,سبد گردان کاریزما,درآمد ثابت,318754.4,4.834
ماهانه,1402-06,شهریور 1402,سبد گردان کاریزما,سهامی,17518.5,0.266
ماهانه,1402-06,شهریور 1402,سبد گردان کاریزما,شاخصی,4279.6,0.065
ماهانه,1402-06,شهریور 1402,سبد گردان کاریزما,صندوق در صندوق,1129.5,0.017
ماهانه,1402-06,شهریور 1402,سبد گردان کاریزما,مختلط,1769.2,0.027
ماهانه,1402-06,شهریور 1402,سبد گردان کاریزما,کالایی,20294.4,0.308
ماهانه,1402-06,شهریور 1402,سبدگردان آگاه,اهرمی,12659.8,0.192
ماهانه,1402-06,شهریور 1402,سبدگردان آگاه,بخشی,7846.7,0.119
ماهانه,1402-06,شهریور 1402,سبدگردان آگاه,درآمد ثابت,73925.1,1.121
ماهانه,1402-06,شهریور 1402,سبدگردان آگاه,سهامی,35060.1,0.532
ماهانه,1402-06,شهریور 1402,سبدگردان آگاه,مختلط,327.7,0.005
ماهانه,1402-06,شهریور 1402,سبدگردان توسعه فیروزه,جسورانه,383.8,0.006
ماهانه,1402-06,شهریور 1402,سبدگردان توسعه فیروزه,خصوصی,963.8,0.015
ماهانه,1402-06,شهریور 1402,سبدگردان توسعه فیروزه,درآمد ثابت,36392.0,0.552
ماهانه,1402-06,شهریور 1402,سبدگردان توسعه فیروزه,سهامی,12454.3,0.189
ماهانه,1402-06,شهریور 1402,سبدگردان توسعه فیروزه,شاخصی,4260.6,0.065
ماهانه,1402-06,شهریور 1402,سبدگردان فارابی,اهرمی,7239.5,0.11
ماهانه,1402-06,شهریور 1402,سبدگردان فارابی,درآمد ثابت,38645.8,0.586
ماهانه,1402-06,شهریور 1402,سبدگردان فارابی,سهامی,9946.0,0.151
ماهانه,1402-06,شهریور 1402,سبدگردان مفید,اهرمی,46685.1,0.708
ماهانه,1402-06,شهریور 1402,سبدگردان مفید,بخشی,8258.7,0.125
ماهانه,1402-06,شهریور 1402,سبدگردان مفید,تضمین اصل سرمایه,5565.5,0.084
ماهانه,1402-06,شهریور 1402,سبدگردان مفید,درآمد ثابت,317731.9,4.819
ماهانه,1402-06,شهریور 1402,سبدگردان مفید,سهامی,148078.2,2.246
ماهانه,1402-06,شهریور 1402,سبدگردان مفید,شاخصی,7596.9,0.115
ماهانه,1402-06,شهریور 1402,سبدگردان مفید,مختلط,4007.3,0.061
ماهانه,1402-06,شهریور 1402,سبدگردان مفید,کالایی,36578.5,0.555
ماهانه,1402-06,شهریور 1402,مشاور سرمایه گذاری ترنج,درآمد ثابت,140703.5,2.134
ماهانه,1402-06,شهریور 1402,مشاور سرمایه گذاری ترنج,سهامی,16963.1,0.257
ماهانه,1402-06,شهریور 1402,مشاور سرمایه گذاری ترنج,صندوق در صندوق,4041.0,0.061
ماهانه,1402-06,شهریور 1402,مشاور سرمایه گذاری ترنج,مختلط,6414.4,0.097
ماهانه,1402-07,مهر 1402,تامین سرمایه,اهرمی,2043.9,0.03
ماهانه,1402-07,مهر 1402,تامین سرمایه,بازنشستگی,17294.3,0.257
ماهانه,1402-07,مهر 1402,تامین سرمایه,بخشی,310891.4,4.613
ماهانه,1402-07,مهر 1402,تامین سرمایه,تضمین اصل سرمایه,2799.1,0.042
ماهانه,1402-07,مهر 1402,تامین سرمایه,جسورانه,558.1,0.008
ماهانه,1402-07,مهر 1402,تامین سرمایه,درآمد ثابت,3259789.9,48.367
ماهانه,1402-07,مهر 1402,تامین سرمایه,سهامی,61346.1,0.91
ماهانه,1402-07,مهر 1402,تامین سرمایه,شاخصی,9381.8,0.139
ماهانه,1402-07,مهر 1402,تامین سرمایه,مختلط,6688.4,0.099
ماهانه,1402-07,مهر 1402,تامین سرمایه,کالایی,89320.0,1.325
ماهانه,1402-07,مهر 1402,سایر مدیران,املاک و مستغلات,3277.9,0.049
ماهانه,1402-07,مهر 1402,سایر مدیران,بخشی,9438.4,0.14
ماهانه,1402-07,مهر 1402,سایر مدیران,تضمین اصل سرمایه,181.6,0.003
ماهانه,1402-07,مهر 1402,سایر مدیران,جسورانه,3251.8,0.048
ماهانه,1402-07,مهر 1402,سایر مدیران,خصوصی,15350.2,0.228
ماهانه,1402-07,مهر 1402,سایر مدیران,درآمد ثابت,1167465.9,17.322
ماهانه,1402-07,مهر 1402,سایر مدیران,سهامی,139581.1,2.071
ماهانه,1402-07,مهر 1402,سایر مدیران,شاخصی,14621.3,0.217
ماهانه,1402-07,مهر 1402,سایر مدیران,صندوق در صندوق,3067.4,0.046
ماهانه,1402-07,مهر 1402,سایر مدیران,مختلط,8114.3,0.12
ماهانه,1402-07,مهر 1402,سایر مدیران,پروژه‌ای,11258.9,0.167
ماهانه,1402-07,مهر 1402,سایر مدیران,کالایی,26564.1,0.394
ماهانه,1402-07,مهر 1402,سبد گردان اقتصاد بیدار,درآمد ثابت,45845.4,0.68
ماهانه,1402-07,مهر 1402,سبد گردان اقتصاد بیدار,سهامی,5686.1,0.084
ماهانه,1402-07,مهر 1402,سبد گردان کاریزما,اهرمی,87481.4,1.298
ماهانه,1402-07,مهر 1402,سبد گردان کاریزما,بخشی,9993.6,0.148
ماهانه,1402-07,مهر 1402,سبد گردان کاریزما,تضمین اصل سرمایه,20688.0,0.307
ماهانه,1402-07,مهر 1402,سبد گردان کاریزما,درآمد ثابت,333817.5,4.953
ماهانه,1402-07,مهر 1402,سبد گردان کاریزما,سهامی,16508.3,0.245
ماهانه,1402-07,مهر 1402,سبد گردان کاریزما,شاخصی,3898.8,0.058
ماهانه,1402-07,مهر 1402,سبد گردان کاریزما,صندوق در صندوق,1081.0,0.016
ماهانه,1402-07,مهر 1402,سبد گردان کاریزما,مختلط,1732.6,0.026
ماهانه,1402-07,مهر 1402,سبد گردان کاریزما,کالایی,23330.5,0.346
ماهانه,1402-07,مهر 1402,سبدگردان آگاه,اهرمی,12575.5,0.187
ماهانه,1402-07,مهر 1402,سبدگردان آگاه,بخشی,6645.9,0.099
ماهانه,1402-07,مهر 1402,سبدگردان آگاه,درآمد ثابت,91257.2,1.354
ماهانه,1402-07,مهر 1402,سبدگردان آگاه,سهامی,33101.9,0.491
ماهانه,1402-07,مهر 1402,سبدگردان آگاه,مختلط,321.9,0.005
ماهانه,1402-07,مهر 1402,سبدگردان توسعه فیروزه,جسورانه,385.7,0.006
ماهانه,1402-07,مهر 1402,سبدگردان توسعه فیروزه,خصوصی,983.9,0.015
ماهانه,1402-07,مهر 1402,سبدگردان توسعه فیروزه,درآمد ثابت,39067.8,0.58
ماهانه,1402-07,مهر 1402,سبدگردان توسعه فیروزه,سهامی,10905.6,0.162
ماهانه,1402-07,مهر 1402,سبدگردان توسعه فیروزه,شاخصی,3929.6,0.058
ماهانه,1402-07,مهر 1402,سبدگردان فارابی,اهرمی,7694.8,0.114
ماهانه,1402-07,مهر 1402,سبدگردان فارابی,بخشی,2032.8,0.03
ماهانه,1402-07,مهر 1402,سبدگردان فارابی,درآمد ثابت,43635.0,0.647
ماهانه,1402-07,مهر 1402,سبدگردان فارابی,سهامی,9267.5,0.137
ماهانه,1402-07,مهر 1402,سبدگردان مفید,اهرمی,45850.7,0.68
ماهانه,1402-07,مهر 1402,سبدگردان مفید,بخشی,7761.2,0.115
ماهانه,1402-07,مهر 1402,سبدگردان مفید,تضمین اصل سرمایه,5303.9,0.079
ماهانه,1402-07,مهر 1402,سبدگردان مفید,درآمد ثابت,335840.5,4.983
ماهانه,1402-07,مهر 1402,سبدگردان مفید,سهامی,141488.1,2.099
ماهانه,1402-07,مهر 1402,سبدگردان مفید,شاخصی,7146.0,0.106
ماهانه,1402-07,مهر 1402,سبدگردان مفید,مختلط,3946.7,0.059
ماهانه,1402-07,مهر 1402,سبدگردان مفید,کالایی,41335.4,0.613
ماهانه,1402-07,مهر 1402,مشاور سرمایه گذاری ترنج,درآمد ثابت,151712.1,2.251
ماهانه,1402-07,مهر 1402,مشاور سرمایه گذاری ترنج,سهامی,15342.8,0.228
ماهانه,1402-07,مهر 1402,مشاور سرمایه گذاری ترنج,صندوق در صندوق,3689.3,0.055
ماهانه,1402-07,مهر 1402,مشاور سرمایه گذاری ترنج,مختلط,6125.9,0.091
ماهانه,1402-08,آبان 1402,تامین سرمایه,اهرمی,2035.7,0.03
ماهانه,1402-08,آبان 1402,تامین سرمایه,بازنشستگی,16969.7,0.249
ماهانه,1402-08,آبان 1402,تامین سرمایه,بخشی,308570.8,4.522
ماهانه,1402-08,آبان 1402,تامین سرمایه,تضمین اصل سرمایه,4595.6,0.067
ماهانه,1402-08,آبان 1402,تامین سرمایه,جسورانه,557.1,0.008
ماهانه,1402-08,آبان 1402,تامین سرمایه,درآمد ثابت,3228622.1,47.315
ماهانه,1402-08,آبان 1402,تامین سرمایه,سهامی,61982.7,0.908
ماهانه,1402-08,آبان 1402,تامین سرمایه,شاخصی,9137.9,0.134
ماهانه,1402-08,آبان 1402,تامین سرمایه,مختلط,6753.8,0.099
ماهانه,1402-08,آبان 1402,تامین سرمایه,کالایی,92190.0,1.351
ماهانه,1402-08,آبان 1402,سایر مدیران,املاک و مستغلات,3326.5,0.049
ماهانه,1402-08,آبان 1402,سایر مدیران,بخشی,9459.4,0.139
ماهانه,1402-08,آبان 1402,سایر مدیران,تضمین اصل سرمایه,203.6,0.003
ماهانه,1402-08,آبان 1402,سایر مدیران,جسورانه,2660.3,0.039
ماهانه,1402-08,آبان 1402,سایر مدیران,خصوصی,15224.9,0.223
ماهانه,1402-08,آبان 1402,سایر مدیران,درآمد ثابت,1206874.3,17.687
ماهانه,1402-08,آبان 1402,سایر مدیران,سهامی,140219.6,2.055
ماهانه,1402-08,آبان 1402,سایر مدیران,شاخصی,14203.8,0.208
ماهانه,1402-08,آبان 1402,سایر مدیران,صندوق در صندوق,3109.0,0.046
ماهانه,1402-08,آبان 1402,سایر مدیران,مختلط,8097.7,0.119
ماهانه,1402-08,آبان 1402,سایر مدیران,پروژه‌ای,11258.3,0.165
ماهانه,1402-08,آبان 1402,سایر مدیران,کالایی,29218.3,0.428
ماهانه,1402-08,آبان 1402,سبد گردان اقتصاد بیدار,درآمد ثابت,49269.2,0.722
ماهانه,1402-08,آبان 1402,سبد گردان اقتصاد بیدار,سهامی,5490.7,0.08
ماهانه,1402-08,آبان 1402,سبد گردان کاریزما,اهرمی,87727.8,1.286
ماهانه,1402-08,آبان 1402,سبد گردان کاریزما,بخشی,8090.0,0.119
ماهانه,1402-08,آبان 1402,سبد گردان کاریزما,تضمین اصل سرمایه,20301.6,0.298
ماهانه,1402-08,آبان 1402,سبد گردان کاریزما,درآمد ثابت,336738.4,4.935
ماهانه,1402-08,آبان 1402,سبد گردان کاریزما,سهامی,16051.3,0.235
ماهانه,1402-08,آبان 1402,سبد گردان کاریزما,شاخصی,3801.3,0.056
ماهانه,1402-08,آبان 1402,سبد گردان کاریزما,صندوق در صندوق,1087.9,0.016
ماهانه,1402-08,آبان 1402,سبد گردان کاریزما,مختلط,1723.1,0.025
ماهانه,1402-08,آبان 1402,سبد گردان کاریزما,کالایی,24028.0,0.352
ماهانه,1402-08,آبان 1402,سبدگردان آگاه,اهرمی,12801.7,0.188
ماهانه,1402-08,آبان 1402,سبدگردان آگاه,بخشی,9962.6,0.146
ماهانه,1402-08,آبان 1402,سبدگردان آگاه,درآمد ثابت,104111.8,1.526
ماهانه,1402-08,آبان 1402,سبدگردان آگاه,سهامی,32454.9,0.476
ماهانه,1402-08,آبان 1402,سبدگردان آگاه,مختلط,317.3,0.005
ماهانه,1402-08,آبان 1402,سبدگردان توسعه فیروزه,اهرمی,5785.9,0.085
ماهانه,1402-08,آبان 1402,سبدگردان توسعه فیروزه,جسورانه,386.3,0.006
ماهانه,1402-08,آبان 1402,سبدگردان توسعه فیروزه,خصوصی,993.5,0.015
ماهانه,1402-08,آبان 1402,سبدگردان توسعه فیروزه,درآمد ثابت,44612.6,0.654
ماهانه,1402-08,آبان 1402,سبدگردان توسعه فیروزه,سهامی,10435.3,0.153
ماهانه,1402-08,آبان 1402,سبدگردان توسعه فیروزه,شاخصی,2812.4,0.041
ماهانه,1402-08,آبان 1402,سبدگردان فارابی,اهرمی,10684.5,0.157
ماهانه,1402-08,آبان 1402,سبدگردان فارابی,بخشی,1308.0,0.019
ماهانه,1402-08,آبان 1402,سبدگردان فارابی,درآمد ثابت,47767.3,0.7
ماهانه,1402-08,آبان 1402,سبدگردان فارابی,سهامی,8888.6,0.13
ماهانه,1402-08,آبان 1402,سبدگردان مفید,اهرمی,43908.4,0.644
ماهانه,1402-08,آبان 1402,سبدگردان مفید,بخشی,7494.9,0.11
ماهانه,1402-08,آبان 1402,سبدگردان مفید,تضمین اصل سرمایه,5242.0,0.077
ماهانه,1402-08,آبان 1402,سبدگردان مفید,درآمد ثابت,372333.1,5.456
ماهانه,1402-08,آبان 1402,سبدگردان مفید,سهامی,138674.2,2.032
ماهانه,1402-08,آبان 1402,سبدگردان مفید,شاخصی,7034.0,0.103
ماهانه,1402-08,آبان 1402,سبدگردان مفید,مختلط,3903.1,0.057
ماهانه,1402-08,آبان 1402,سبدگردان مفید,کالایی,45140.6,0.662
ماهانه,1402-08,آبان 1402,مشاور سرمایه گذاری ترنج,درآمد ثابت,152523.2,2.235
ماهانه,1402-08,آبان 1402,مشاور سرمایه گذاری ترنج,سهامی,15383.7,0.225
ماهانه,1402-08,آبان 1402,مشاور سرمایه گذاری ترنج,صندوق در صندوق,3577.8,0.052
ماهانه,1402-08,آبان 1402,مشاور سرمایه گذاری ترنج,مختلط,5541.5,0.081
ماهانه,1402-09,آذر 1402,تامین سرمایه,اهرمی,2195.6,0.031
ماهانه,1402-09,آذر 1402,تامین سرمایه,بازنشستگی,18620.6,0.264
ماهانه,1402-09,آذر 1402,تامین سرمایه,بخشی,317089.0,4.495
ماهانه,1402-09,آذر 1402,تامین سرمایه,تضمین اصل سرمایه,4791.4,0.068
ماهانه,1402-09,آذر 1402,تامین سرمایه,جسورانه,556.8,0.008
ماهانه,1402-09,آذر 1402,تامین سرمایه,درآمد ثابت,3233205.6,45.833
ماهانه,1402-09,آذر 1402,تامین سرمایه,سهامی,68915.1,0.977
ماهانه,1402-09,آذر 1402,تامین سرمایه,شاخصی,10018.4,0.142
ماهانه,1402-09,آذر 1402,تامین سرمایه,مختلط,6932.7,0.098
ماهانه,1402-09,آذر 1402,تامین سرمایه,کالایی,95126.0,1.348
ماهانه,1402-09,آذر 1402,سایر مدیران,املاک و مستغلات,3347.1,0.047
ماهانه,1402-09,آذر 1402,سایر مدیران,بخشی,10790.3,0.153
ماهانه,1402-09,آذر 1402,سایر مدیران,تضمین اصل سرمایه,194.3,0.003
ماهانه,1402-09,آذر 1402,سایر مدیران,جسورانه,2723.4,0.039
ماهانه,1402-09,آذر 1402,سایر مدیران,خصوصی,15751.5,0.223
ماهانه,1402-09,آذر 1402,سایر مدیران,درآمد ثابت,1247262.6,17.681
ماهانه,1402-09,آذر 1402,سایر مدیران,سهامی,169948.1,2.409
ماهانه,1402-09,آذر 1402,سایر مدیران,شاخصی,17592.1,0.249
ماهانه,1402-09,آذر 1402,سایر مدیران,صندوق در صندوق,3268.8,0.046
ماهانه,1402-09,آذر 1402,سایر مدیران,مختلط,9124.4,0.129
ماهانه,1402-09,آذر 1402,سایر مدیران,پروژه‌ای,11257.7,0.16
ماهانه,1402-09,آذر 1402,سایر مدیران,کالایی,28811.9,0.408
ماهانه,1402-09,آذر 1402,سبد گردان اقتصاد بیدار,درآمد ثابت,60420.3,0.856
ماهانه,1402-09,آذر 1402,سبد گردان اقتصاد بیدار,سهامی,6632.2,0.094
ماهانه,1402-09,آذر 1402,سبد گردان کاریزما,اهرمی,111631.5,1.582
ماهانه,1402-09,آذر 1402,سبد گردان کاریزما,بخشی,7687.3,0.109
ماهانه,1402-09,آذر 1402,سبد گردان کاریزما,تضمین اصل سرمایه,20438.3,0.29
ماهانه,1402-09,آذر 1402,سبد گردان کاریزما,درآمد ثابت,330589.8,4.686
ماهانه,1402-09,آذر 1402,سبد گردان کاریزما,سهامی,17477.3,0.248
ماهانه,1402-09,آذر 1402,سبد گردان کاریزما,شاخصی,4119.8,0.058
ماهانه,1402-09,آذر 1402,سبد گردان کاریزما,صندوق در صندوق,1157.9,0.016
ماهانه,1402-09,آذر 1402,سبد گردان کاریزما,مختلط,1781.3,0.025
ماهانه,1402-09,آذر 1402,سبد گردان کاریزما,کالایی,26132.8,0.37
ماهانه,1402-09,آذر 1402,سبدگردان آگاه,اهرمی,14849.1,0.211
ماهانه,1402-09,آذر 1402,سبدگردان آگاه,بخشی,10596.0,0.15
ماهانه,1402-09,آذر 1402,سبدگردان آگاه,درآمد ثابت,118817.8,1.684
ماهانه,1402-09,آذر 1402,سبدگردان آگاه,سهامی,34921.4,0.495
ماهانه,1402-09,آذر 1402,سبدگردان آگاه,مختلط,339.4,0.005
ماهانه,1402-09,آذر 1402,سبدگردان توسعه فیروزه,اهرمی,14574.1,0.207
ماهانه,1402-09,آذر 1402,سبدگردان توسعه فیروزه,جسورانه,389.5,0.006
ماهانه,1402-09,آذر 1402,سبدگردان توسعه فیروزه,خصوصی,996.3,0.014
ماهانه,1402-09,آذر 1402,سبدگردان توسعه فیروزه,درآمد ثابت,47792.6,0.678
ماهانه,1402-09,آذر 1402,سبدگردان توسعه فیروزه,سهامی,11153.9,0.158
ماهانه,1402-09,آذر 1402,سبدگردان توسعه فیروزه,شاخصی,2964.3,0.042
ماهانه,1402-09,آذر 1402,سبدگردان فارابی,اهرمی,14025.6,0.199
ماهانه,1402-09,آذر 1402,سبدگردان فارابی,بخشی,1510.3,0.021
ماهانه,1402-09,آذر 1402,سبدگردان فارابی,درآمد ثابت,53324.7,0.756
ماهانه,1402-09,آذر 1402,سبدگردان فارابی,سهامی,8824.5,0.125
ماهانه,1402-09,آذر 1402,سبدگردان مفید,اهرمی,48845.2,0.692
ماهانه,1402-09,آذر 1402,سبدگردان مفید,بازنشستگی,5080.1,0.072
ماهانه,1402-09,آذر 1402,سبدگردان مفید,بخشی,8038.0,0.114
ماهانه,1402-09,آذر 1402,سبدگردان مفید,تضمین اصل سرمایه,6515.2,0.092
ماهانه,1402-09,آذر 1402,سبدگردان مفید,درآمد ثابت,395128.0,5.601
ماهانه,1402-09,آذر 1402,سبدگردان مفید,سهامی,151166.1,2.143
ماهانه,1402-09,آذر 1402,سبدگردان مفید,شاخصی,8072.0,0.114
ماهانه,1402-09,آذر 1402,سبدگردان مفید,مختلط,4135.7,0.059
ماهانه,1402-09,آذر 1402,سبدگردان مفید,کالایی,48822.6,0.692
ماهانه,1402-09,آذر 1402,مشاور سرمایه گذاری ترنج,درآمد ثابت,150400.8,2.132
ماهانه,1402-09,آذر 1402,مشاور سرمایه گذاری ترنج,سهامی,17524.3,0.248
ماهانه,1402-09,آذر 1402,مشاور سرمایه گذاری ترنج,صندوق در صندوق,3695.1,0.052
ماهانه,1402-09,آذر 1402,مشاور سرمایه گذاری ترنج,مختلط,6195.9,0.088
ماهانه,1402-10,دی 1402,تامین سرمایه,اهرمی,2181.0,0.031
ماهانه,1402-10,دی 1402,تامین سرمایه,بازنشستگی,18233.2,0.257
ماهانه,1402-10,دی 1402,تامین سرمایه,بخشی,310032.2,4.366
ماهانه,1402-10,دی 1402,تامین سرمایه,تضمین اصل سرمایه,4927.2,0.069
ماهانه,1402-10,دی 1402,تامین سرمایه,جسورانه,556.4,0.008
ماهانه,1402-10,دی 1402,تامین سرمایه,درآمد ثابت,3171708.7,44.663
ماهانه,1402-10,دی 1402,تامین سرمایه,سهامی,71033.3,1.0
ماهانه,1402-10,دی 1402,تامین سرمایه,شاخصی,9797.2,0.138
ماهانه,1402-10,دی 1402,تامین سرمایه,مختلط,6915.0,0.097
ماهانه,1402-10,دی 1402,تامین سرمایه,کالایی,112067.5,1.578
ماهانه,1402-10,دی 1402,سایر مدیران,املاک و مستغلات,20429.6,0.288
ماهانه,1402-10,دی 1402,سایر مدیران,بخشی,11434.1,0.161
ماهانه,1402-10,دی 1402,سایر مدیران,تضمین اصل سرمایه,163.9,0.002
ماهانه,1402-10,دی 1402,سایر مدیران,جسورانه,2739.2,0.039
ماهانه,1402-10,دی 1402,سایر مدیران,خصوصی,15693.0,0.221
ماهانه,1402-10,دی 1402,سایر مدیران,درآمد ثابت,1312389.6,18.481
ماهانه,1402-10,دی 1402,سایر مدیران,سهامی,169334.0,2.384
ماهانه,1402-10,دی 1402,سایر مدیران,شاخصی,16596.2,0.234
ماهانه,1402-10,دی 1402,سایر مدیران,صندوق در صندوق,3042.9,0.043
ماهانه,1402-10,دی 1402,سایر مدیران,مختلط,8822.1,0.124
ماهانه,1402-10,دی 1402,سایر مدیران,پروژه‌ای,11257.1,0.158
ماهانه,1402-10,دی 1402,سایر مدیران,کالایی,36870.3,0.519
ماهانه,1402-10,دی 1402,سبد گردان اقتصاد بیدار,درآمد ثابت,61922.8,0.872
ماهانه,1402-10,دی 1402,سبد گردان اقتصاد بیدار,سهامی,6758.6,0.095
ماهانه,1402-10,دی 1402,سبد گردان کاریزما,اهرمی,112723.4,1.587
ماهانه,1402-10,دی 1402,سبد گردان کاریزما,بخشی,6610.8,0.093
ماهانه,1402-10,دی 1402,سبد گردان کاریزما,تضمین اصل سرمایه,20406.8,0.287
ماهانه,1402-10,دی 1402,سبد گردان کاریزما,درآمد ثابت,308600.0,4.346
ماهانه,1402-10,دی 1402,سبد گردان کاریزما,سهامی,15322.9,0.216
ماهانه,1402-10,دی 1402,سبد گردان کاریزما,شاخصی,3640.8,0.051
ماهانه,1402-10,دی 1402,سبد گردان کاریزما,صندوق در صندوق,1162.1,0.016
ماهانه,1402-10,دی 1402,سبد گردان کاریزما,مختلط,1769.1,0.025
ماهانه,1402-10,دی 1402,سبد گردان کاریزما,کالایی,32359.1,0.456
ماهانه,1402-10,دی 1402,سبدگردان آگاه,اهرمی,16180.9,0.228
ماهانه,1402-10,دی 1402,سبدگردان آگاه,بخشی,9960.3,0.14
ماهانه,1402-10,دی 1402,سبدگردان آگاه,درآمد ثابت,118454.5,1.668
ماهانه,1402-10,دی 1402,سبدگردان آگاه,سهامی,34090.2,0.48
ماهانه,1402-10,دی 1402,سبدگردان آگاه,مختلط,341.3,0.005
ماهانه,1402-10,دی 1402,سبدگردان توسعه فیروزه,اهرمی,15269.3,0.215
ماهانه,1402-10,دی 1402,سبدگردان توسعه فیروزه,جسورانه,392.4,0.006
ماهانه,1402-10,دی 1402,سبدگردان توسعه فیروزه,خصوصی,996.4,0.014
ماهانه,1402-10,دی 1402,سبدگردان توسعه فیروزه,درآمد ثابت,48784.3,0.687
ماهانه,1402-10,دی 1402,سبدگردان توسعه فیروزه,سهامی,10807.2,0.152
ماهانه,1402-10,دی 1402,سبدگردان توسعه فیروزه,شاخصی,2948.8,0.042
ماهانه,1402-10,دی 1402,سبدگردان فارابی,اهرمی,19333.4,0.272
ماهانه,1402-10,دی 1402,سبدگردان فارابی,بخشی,1558.7,0.022
ماهانه,1402-10,دی 1402,سبدگردان فارابی,درآمد ثابت,58727.4,0.827
ماهانه,1402-10,دی 1402,سبدگردان فارابی,سهامی,10153.3,0.143
ماهانه,1402-10,دی 1402,سبدگردان مفید,اهرمی,48507.5,0.683
ماهانه,1402-10,دی 1402,سبدگردان مفید,بازنشستگی,5562.7,0.078
ماهانه,1402-10,دی 1402,سبدگردان مفید,بخشی,7615.7,0.107
ماهانه,1402-10,دی 1402,سبدگردان مفید,تضمین اصل سرمایه,7187.3,0.101
ماهانه,1402-10,دی 1402,سبدگردان مفید,درآمد ثابت,407416.1,5.737
ماهانه,1402-10,دی 1402,سبدگردان مفید,سهامی,149409.7,2.104
ماهانه,1402-10,دی 1402,سبدگردان مفید,شاخصی,7829.6,0.11
ماهانه,1402-10,دی 1402,سبدگردان مفید,مختلط,4150.5,0.058
ماهانه,1402-10,دی 1402,سبدگردان مفید,کالایی,61358.1,0.864
ماهانه,1402-10,دی 1402,مشاور سرمایه گذاری ترنج,درآمد ثابت,139418.8,1.963
ماهانه,1402-10,دی 1402,مشاور سرمایه گذاری ترنج,سهامی,16606.3,0.234
ماهانه,1402-10,دی 1402,مشاور سرمایه گذاری ترنج,صندوق در صندوق,3950.2,0.056
ماهانه,1402-10,دی 1402,مشاور سرمایه گذاری ترنج,مختلط,6872.5,0.097
ماهانه,1402-11,بهمن 1402,تامین سرمایه,اهرمی,2238.2,0.033
ماهانه,1402-11,بهمن 1402,تامین سرمایه,بازنشستگی,17995.4,0.266
ماهانه,1402-11,بهمن 1402,تامین سرمایه,بخشی,289360.8,4.27
ماهانه,1402-11,بهمن 1402,تامین سرمایه,تضمین اصل سرمایه,5224.0,0.077
ماهانه,1402-11,بهمن 1402,تامین سرمایه,جسورانه,556.4,0.008
ماهانه,1402-11,بهمن 1402,تامین سرمایه,درآمد ثابت,2974051.2,43.89
ماهانه,1402-11,بهمن 1402,تامین سرمایه,سهامی,68761.8,1.015
ماهانه,1402-11,بهمن 1402,تامین سرمایه,شاخصی,9462.7,0.14
ماهانه,1402-11,بهمن 1402,تامین سرمایه,مختلط,6827.9,0.101
ماهانه,1402-11,بهمن 1402,تامین سرمایه,کالایی,117125.7,1.728
ماهانه,1402-11,بهمن 1402,سایر مدیران,املاک و مستغلات,20486.9,0.302
ماهانه,1402-11,بهمن 1402,سایر مدیران,بخشی,12378.8,0.183
ماهانه,1402-11,بهمن 1402,سایر مدیران,تضمین اصل سرمایه,167.4,0.002
ماهانه,1402-11,بهمن 1402,سایر مدیران,جسورانه,2759.0,0.041
ماهانه,1402-11,بهمن 1402,سایر مدیران,خصوصی,15428.8,0.228
ماهانه,1402-11,بهمن 1402,سایر مدیران,درآمد ثابت,1242580.0,18.338
ماهانه,1402-11,بهمن 1402,سایر مدیران,سهامی,164135.4,2.422
ماهانه,1402-11,بهمن 1402,سایر مدیران,شاخصی,14350.6,0.212
ماهانه,1402-11,بهمن 1402,سایر مدیران,صندوق در صندوق,3004.0,0.044
ماهانه,1402-11,بهمن 1402,سایر مدیران,مختلط,8833.1,0.13
ماهانه,1402-11,بهمن 1402,سایر مدیران,پروژه‌ای,11259.0,0.166
ماهانه,1402-11,بهمن 1402,سایر مدیران,کالایی,46224.5,0.682
ماهانه,1402-11,بهمن 1402,سبد گردان اقتصاد بیدار,درآمد ثابت,64537.8,0.952
ماهانه,1402-11,بهمن 1402,سبد گردان اقتصاد بیدار,سهامی,7161.1,0.106
ماهانه,1402-11,بهمن 1402,سبد گردان کاریزما,اهرمی,104284.5,1.539
ماهانه,1402-11,بهمن 1402,سبد گردان کاریزما,بخشی,6100.0,0.09
ماهانه,1402-11,بهمن 1402,سبد گردان کاریزما,تضمین اصل سرمایه,15888.4,0.234
ماهانه,1402-11,بهمن 1402,سبد گردان کاریزما,درآمد ثابت,272781.1,4.026
ماهانه,1402-11,بهمن 1402,سبد گردان کاریزما,سهامی,13898.5,0.205
ماهانه,1402-11,بهمن 1402,سبد گردان کاریزما,شاخصی,3560.2,0.052
ماهانه,1402-11,بهمن 1402,سبد گردان کاریزما,صندوق در صندوق,1236.7,0.018
ماهانه,1402-11,بهمن 1402,سبد گردان کاریزما,مختلط,1623.1,0.024
ماهانه,1402-11,بهمن 1402,سبد گردان کاریزما,کالایی,35379.2,0.522
ماهانه,1402-11,بهمن 1402,سبدگردان آگاه,اهرمی,19006.8,0.28
ماهانه,1402-11,بهمن 1402,سبدگردان آگاه,بخشی,9472.0,0.14
ماهانه,1402-11,بهمن 1402,سبدگردان آگاه,درآمد ثابت,108676.5,1.604
ماهانه,1402-11,بهمن 1402,سبدگردان آگاه,سهامی,30258.8,0.446
ماهانه,1402-11,بهمن 1402,سبدگردان آگاه,مختلط,335.8,0.005
ماهانه,1402-11,بهمن 1402,سبدگردان توسعه فیروزه,اهرمی,20284.9,0.299
ماهانه,1402-11,بهمن 1402,سبدگردان توسعه فیروزه,جسورانه,394.3,0.006
ماهانه,1402-11,بهمن 1402,سبدگردان توسعه فیروزه,خصوصی,1004.8,0.015
ماهانه,1402-11,بهمن 1402,سبدگردان توسعه فیروزه,درآمد ثابت,52978.2,0.782
ماهانه,1402-11,بهمن 1402,سبدگردان توسعه فیروزه,سهامی,10021.2,0.148
ماهانه,1402-11,بهمن 1402,سبدگردان توسعه فیروزه,شاخصی,3100.0,0.046
ماهانه,1402-11,بهمن 1402,سبدگردان فارابی,اهرمی,20724.4,0.306
ماهانه,1402-11,بهمن 1402,سبدگردان فارابی,بخشی,1535.1,0.023
ماهانه,1402-11,بهمن 1402,سبدگردان فارابی,درآمد ثابت,61411.3,0.906
ماهانه,1402-11,بهمن 1402,سبدگردان فارابی,سهامی,9045.2,0.134
ماهانه,1402-11,بهمن 1402,سبدگردان مفید,اهرمی,47751.3,0.705
ماهانه,1402-11,بهمن 1402,سبدگردان مفید,بازنشستگی,5546.2,0.082
ماهانه,1402-11,بهمن 1402,سبدگردان مفید,بخشی,12582.7,0.186
ماهانه,1402-11,بهمن 1402,سبدگردان مفید,تضمین اصل سرمایه,6730.6,0.099
ماهانه,1402-11,بهمن 1402,سبدگردان مفید,درآمد ثابت,408723.5,6.032
ماهانه,1402-11,بهمن 1402,سبدگردان مفید,سهامی,141565.6,2.089
ماهانه,1402-11,بهمن 1402,سبدگردان مفید,شاخصی,7152.0,0.106
ماهانه,1402-11,بهمن 1402,سبدگردان مفید,مختلط,3992.7,0.059
ماهانه,1402-11,بهمن 1402,سبدگردان مفید,کالایی,65713.3,0.97
ماهانه,1402-11,بهمن 1402,مشاور سرمایه گذاری ترنج,درآمد ثابت,141888.4,2.094
ماهانه,1402-11,بهمن 1402,مشاور سرمایه گذاری ترنج,سهامی,15364.8,0.227
ماهانه,1402-11,بهمن 1402,مشاور سرمایه گذاری ترنج,صندوق در صندوق,4372.4,0.064
ماهانه,1402-11,بهمن 1402,مشاور سرمایه گذاری ترنج,مختلط,6887.4,0.102
ماهانه,1402-12,اسفند 1402,تامین سرمایه,اهرمی,2043.9,0.03
ماهانه,1402-12,اسفند 1402,تامین سرمایه,بازنشستگی,19227.3,0.279
ماهانه,1402-12,اسفند 1402,تامین سرمایه,بخشی,329330.1,4.772
ماهانه,1402-12,اسفند 1402,تامین سرمایه,تضمین اصل سرمایه,5795.2,0.084
ماهانه,1402-12,اسفند 1402,تامین سرمایه,درآمد ثابت,2965682.3,42.969
ماهانه,1402-12,اسفند 1402,تامین سرمایه,سهامی,72430.5,1.049
ماهانه,1402-12,اسفند 1402,تامین سرمایه,شاخصی,10031.8,0.145
ماهانه,1402-12,اسفند 1402,تامین سرمایه,مختلط,7078.8,0.103
ماهانه,1402-12,اسفند 1402,تامین سرمایه,کالایی,138618.0,2.008
ماهانه,1402-12,اسفند 1402,سایر مدیران,املاک و مستغلات,20478.9,0.297
ماهانه,1402-12,اسفند 1402,سایر مدیران,بخشی,25825.4,0.374
ماهانه,1402-12,اسفند 1402,سایر مدیران,تضمین اصل سرمایه,166.1,0.002
ماهانه,1402-12,اسفند 1402,سایر مدیران,جسورانه,2832.7,0.041
ماهانه,1402-12,اسفند 1402,سایر مدیران,خصوصی,15514.8,0.225
ماهانه,1402-12,اسفند 1402,سایر مدیران,درآمد ثابت,1210702.1,17.541
ماهانه,1402-12,اسفند 1402,سایر مدیران,سهامی,175248.3,2.539
ماهانه,1402-12,اسفند 1402,سایر مدیران,شاخصی,14740.9,0.214
ماهانه,1402-12,اسفند 1402,سایر مدیران,صندوق در صندوق,3111.6,0.045
ماهانه,1402-12,اسفند 1402,سایر مدیران,مختلط,9173.9,0.133
ماهانه,1402-12,اسفند 1402,سایر مدیران,پروژه‌ای,12959.1,0.188
ماهانه,1402-12,اسفند 1402,سایر مدیران,کالایی,56180.2,0.814
ماهانه,1402-12,اسفند 1402,سبد گردان اقتصاد بیدار,درآمد ثابت,61042.4,0.884
ماهانه,1402-12,اسفند 1402,سبد گردان اقتصاد بیدار,سهامی,7885.9,0.114
ماهانه,1402-12,اسفند 1402,سبد گردان کاریزما,اهرمی,117747.2,1.706
ماهانه,1402-12,اسفند 1402,سبد گردان کاریزما,بخشی,5766.0,0.084
ماهانه,1402-12,اسفند 1402,سبد گردان کاریزما,تضمین اصل سرمایه,16472.9,0.239
ماهانه,1402-12,اسفند 1402,سبد گردان کاریزما,درآمد ثابت,220610.6,3.196
ماهانه,1402-12,اسفند 1402,سبد گردان کاریزما,سهامی,13325.6,0.193
ماهانه,1402-12,اسفند 1402,سبد گردان کاریزما,شاخصی,3575.4,0.052
ماهانه,1402-12,اسفند 1402,سبد گردان کاریزما,صندوق در صندوق,1293.4,0.019
ماهانه,1402-12,اسفند 1402,سبد گردان کاریزما,مختلط,1578.1,0.023
ماهانه,1402-12,اسفند 1402,سبد گردان کاریزما,کالایی,45567.0,0.66
ماهانه,1402-12,اسفند 1402,سبدگردان آگاه,اهرمی,22957.7,0.333
ماهانه,1402-12,اسفند 1402,سبدگردان آگاه,بخشی,12199.9,0.177
ماهانه,1402-12,اسفند 1402,سبدگردان آگاه,درآمد ثابت,102218.4,1.481
ماهانه,1402-12,اسفند 1402,سبدگردان آگاه,سهامی,33020.5,0.478
ماهانه,1402-12,اسفند 1402,سبدگردان آگاه,مختلط,337.5,0.005
ماهانه,1402-12,اسفند 1402,سبدگردان آگاه,کالایی,24021.7,0.348
ماهانه,1402-12,اسفند 1402,سبدگردان توسعه فیروزه,اهرمی,25529.7,0.37
ماهانه,1402-12,اسفند 1402,سبدگردان توسعه فیروزه,جسورانه,393.9,0.006
ماهانه,1402-12,اسفند 1402,سبدگردان توسعه فیروزه,خصوصی,1133.3,0.016
ماهانه,1402-12,اسفند 1402,سبدگردان توسعه فیروزه,درآمد ثابت,66108.9,0.958
ماهانه,1402-12,اسفند 1402,سبدگردان توسعه فیروزه,سهامی,10052.0,0.146
ماهانه,1402-12,اسفند 1402,سبدگردان توسعه فیروزه,شاخصی,3157.2,0.046
ماهانه,1402-12,اسفند 1402,سبدگردان فارابی,اهرمی,23009.6,0.333
ماهانه,1402-12,اسفند 1402,سبدگردان فارابی,بخشی,1636.3,0.024
ماهانه,1402-12,اسفند 1402,سبدگردان فارابی,درآمد ثابت,59824.7,0.867
ماهانه,1402-12,اسفند 1402,سبدگردان فارابی,سهامی,8803.1,0.128
ماهانه,1402-12,اسفند 1402,سبدگردان مفید,اهرمی,54222.3,0.786
ماهانه,1402-12,اسفند 1402,سبدگردان مفید,بازنشستگی,5840.8,0.085
ماهانه,1402-12,اسفند 1402,سبدگردان مفید,بخشی,14888.0,0.216
ماهانه,1402-12,اسفند 1402,سبدگردان مفید,تضمین اصل سرمایه,6835.1,0.099
ماهانه,1402-12,اسفند 1402,سبدگردان مفید,درآمد ثابت,424439.9,6.15
ماهانه,1402-12,اسفند 1402,سبدگردان مفید,سهامی,148968.1,2.158
ماهانه,1402-12,اسفند 1402,سبدگردان مفید,شاخصی,7716.0,0.112
ماهانه,1402-12,اسفند 1402,سبدگردان مفید,مختلط,3975.0,0.058
ماهانه,1402-12,اسفند 1402,سبدگردان مفید,کالایی,79883.6,1.157
ماهانه,1402-12,اسفند 1402,مشاور سرمایه گذاری ترنج,درآمد ثابت,141015.2,2.043
ماهانه,1402-12,اسفند 1402,مشاور سرمایه گذاری ترنج,سهامی,16484.9,0.239
ماهانه,1402-12,اسفند 1402,مشاور سرمایه گذاری ترنج,صندوق در صندوق,4335.0,0.063
ماهانه,1402-12,اسفند 1402,مشاور سرمایه گذاری ترنج,مختلط,6930.9,0.1
ماهانه,1403-01,فروردین 1403,تامین سرمایه,اهرمی,2013.3,0.028
ماهانه,1403-01,فروردین 1403,تامین سرمایه,بازنشستگی,19169.1,0.269
ماهانه,1403-01,فروردین 1403,تامین سرمایه,بخشی,320228.5,4.491
ماهانه,1403-01,فروردین 1403,تامین سرمایه,تضمین اصل سرمایه,6151.2,0.086
ماهانه,1403-01,فروردین 1403,تامین سرمایه,درآمد ثابت,2997907.3,42.048
ماهانه,1403-01,فروردین 1403,تامین سرمایه,سهامی,71632.0,1.005
ماهانه,1403-01,فروردین 1403,تامین سرمایه,شاخصی,10042.7,0.141
ماهانه,1403-01,فروردین 1403,تامین سرمایه,مختلط,7125.3,0.1
ماهانه,1403-01,فروردین 1403,تامین سرمایه,کالایی,168429.4,2.362
ماهانه,1403-01,فروردین 1403,سایر مدیران,املاک و مستغلات,20528.4,0.288
ماهانه,1403-01,فروردین 1403,سایر مدیران,بخشی,25456.1,0.357
ماهانه,1403-01,فروردین 1403,سایر مدیران,تضمین اصل سرمایه,159.0,0.002
ماهانه,1403-01,فروردین 1403,سایر مدیران,جسورانه,2864.3,0.04
ماهانه,1403-01,فروردین 1403,سایر مدیران,خصوصی,15713.1,0.22
ماهانه,1403-01,فروردین 1403,سایر مدیران,درآمد ثابت,1246676.6,17.486
ماهانه,1403-01,فروردین 1403,سایر مدیران,سهامی,173877.7,2.439
ماهانه,1403-01,فروردین 1403,سایر مدیران,شاخصی,14529.2,0.204
ماهانه,1403-01,فروردین 1403,سایر مدیران,صندوق در صندوق,3136.1,0.044
ماهانه,1403-01,فروردین 1403,سایر مدیران,مختلط,9080.5,0.127
ماهانه,1403-01,فروردین 1403,سایر مدیران,پروژه‌ای,12958.8,0.182
ماهانه,1403-01,فروردین 1403,سایر مدیران,کالایی,71422.4,1.002
ماهانه,1403-01,فروردین 1403,سبد گردان اقتصاد بیدار,درآمد ثابت,71007.5,0.996
ماهانه,1403-01,فروردین 1403,سبد گردان اقتصاد بیدار,سهامی,6953.9,0.097
ماهانه,1403-01,فروردین 1403,سبد گردان کاریزما,اهرمی,115420.8,1.619
ماهانه,1403-01,فروردین 1403,سبد گردان کاریزما,بازنشستگی,5410.8,0.076
ماهانه,1403-01,فروردین 1403,سبد گردان کاریزما,بخشی,6230.0,0.087
ماهانه,1403-01,فروردین 1403,سبد گردان کاریزما,تضمین اصل سرمایه,16333.3,0.229
ماهانه,1403-01,فروردین 1403,سبد گردان کاریزما,درآمد ثابت,218443.6,3.064
ماهانه,1403-01,فروردین 1403,سبد گردان کاریزما,سهامی,12368.2,0.174
ماهانه,1403-01,فروردین 1403,سبد گردان کاریزما,شاخصی,3077.1,0.043
ماهانه,1403-01,فروردین 1403,سبد گردان کاریزما,صندوق در صندوق,1375.1,0.019
ماهانه,1403-01,فروردین 1403,سبد گردان کاریزما,مختلط,1506.6,0.021
ماهانه,1403-01,فروردین 1403,سبد گردان کاریزما,کالایی,57622.1,0.808
ماهانه,1403-01,فروردین 1403,سبدگردان آگاه,اهرمی,26694.0,0.374
ماهانه,1403-01,فروردین 1403,سبدگردان آگاه,بخشی,11636.6,0.163
ماهانه,1403-01,فروردین 1403,سبدگردان آگاه,درآمد ثابت,113290.0,1.589
ماهانه,1403-01,فروردین 1403,سبدگردان آگاه,سهامی,32289.7,0.453
ماهانه,1403-01,فروردین 1403,سبدگردان آگاه,مختلط,341.8,0.005
ماهانه,1403-01,فروردین 1403,سبدگردان آگاه,کالایی,30256.1,0.424
ماهانه,1403-01,فروردین 1403,سبدگردان توسعه فیروزه,اهرمی,25746.8,0.361
ماهانه,1403-01,فروردین 1403,سبدگردان توسعه فیروزه,جسورانه,401.7,0.006
ماهانه,1403-01,فروردین 1403,سبدگردان توسعه فیروزه,خصوصی,1136.9,0.016
ماهانه,1403-01,فروردین 1403,سبدگردان توسعه فیروزه,درآمد ثابت,67574.4,0.948
ماهانه,1403-01,فروردین 1403,سبدگردان توسعه فیروزه,سهامی,9575.7,0.134
ماهانه,1403-01,فروردین 1403,سبدگردان توسعه فیروزه,شاخصی,3005.7,0.042
ماهانه,1403-01,فروردین 1403,سبدگردان فارابی,اهرمی,23615.9,0.331
ماهانه,1403-01,فروردین 1403,سبدگردان فارابی,بخشی,1636.3,0.023
ماهانه,1403-01,فروردین 1403,سبدگردان فارابی,درآمد ثابت,62618.7,0.878
ماهانه,1403-01,فروردین 1403,سبدگردان فارابی,سهامی,8733.7,0.122
ماهانه,1403-01,فروردین 1403,سبدگردان مفید,اهرمی,56270.2,0.789
ماهانه,1403-01,فروردین 1403,سبدگردان مفید,بازنشستگی,6250.2,0.088
ماهانه,1403-01,فروردین 1403,سبدگردان مفید,بخشی,14175.4,0.199
ماهانه,1403-01,فروردین 1403,سبدگردان مفید,تضمین اصل سرمایه,6407.2,0.09
ماهانه,1403-01,فروردین 1403,سبدگردان مفید,درآمد ثابت,472790.2,6.631
ماهانه,1403-01,فروردین 1403,سبدگردان مفید,سهامی,150535.6,2.111
ماهانه,1403-01,فروردین 1403,سبدگردان مفید,شاخصی,7509.5,0.105
ماهانه,1403-01,فروردین 1403,سبدگردان مفید,مختلط,3923.2,0.055
ماهانه,1403-01,فروردین 1403,سبدگردان مفید,کالایی,99265.8,1.392
ماهانه,1403-01,فروردین 1403,مشاور سرمایه گذاری ترنج,درآمد ثابت,151073.1,2.119
ماهانه,1403-01,فروردین 1403,مشاور سرمایه گذاری ترنج,سهامی,16689.6,0.234
ماهانه,1403-01,فروردین 1403,مشاور سرمایه گذاری ترنج,صندوق در صندوق,4709.3,0.066
ماهانه,1403-01,فروردین 1403,مشاور سرمایه گذاری ترنج,مختلط,6790.6,0.095
ماهانه,1403-02,اردیبهشت 1403,تامین سرمایه,املاک و مستغلات,4999.7,0.07
ماهانه,1403-02,اردیبهشت 1403,تامین سرمایه,اهرمی,1383.5,0.019
ماهانه,1403-02,اردیبهشت 1403,تامین سرمایه,بازنشستگی,18051.9,0.252
ماهانه,1403-02,اردیبهشت 1403,تامین سرمایه,بخشی,297472.5,4.159
ماهانه,1403-02,اردیبهشت 1403,تامین سرمایه,تضمین اصل سرمایه,10382.4,0.145
ماهانه,1403-02,اردیبهشت 1403,تامین سرمایه,درآمد ثابت,3054033.6,42.699
ماهانه,1403-02,اردیبهشت 1403,تامین سرمایه,سهامی,67031.3,0.937
ماهانه,1403-02,اردیبهشت 1403,تامین سرمایه,شاخصی,9586.0,0.134
ماهانه,1403-02,اردیبهشت 1403,تامین سرمایه,مختلط,7054.9,0.099
ماهانه,1403-02,اردیبهشت 1403,تامین سرمایه,کالایی,154263.3,2.157
ماهانه,1403-02,اردیبهشت 1403,سایر مدیران,املاک و مستغلات,20578.2,0.288
ماهانه,1403-02,اردیبهشت 1403,سایر مدیران,بخشی,23682.1,0.331
ماهانه,1403-02,اردیبهشت 1403,سایر مدیران,تضمین اصل سرمایه,146.2,0.002
ماهانه,1403-02,اردیبهشت 1403,سایر مدیران,جسورانه,2895.8,0.04
ماهانه,1403-02,اردیبهشت 1403,سایر مدیران,خصوصی,15296.9,0.214
ماهانه,1403-02,اردیبهشت 1403,سایر مدیران,درآمد ثابت,1261553.0,17.638
ماهانه,1403-02,اردیبهشت 1403,سایر مدیران,سهامی,164875.9,2.305
ماهانه,1403-02,اردیبهشت 1403,سایر مدیران,شاخصی,13801.3,0.193
ماهانه,1403-02,اردیبهشت 1403,سایر مدیران,صندوق در صندوق,3072.6,0.043
ماهانه,1403-02,اردیبهشت 1403,سایر مدیران,مختلط,8938.0,0.125
ماهانه,1403-02,اردیبهشت 1403,سایر مدیران,پروژه‌ای,12958.4,0.181
ماهانه,1403-02,اردیبهشت 1403,سایر مدیران,کالایی,66530.9,0.93
ماهانه,1403-02,اردیبهشت 1403,سبد گردان اقتصاد بیدار,درآمد ثابت,81266.3,1.136
ماهانه,1403-02,اردیبهشت 1403,سبد گردان اقتصاد بیدار,سهامی,7269.7,0.102
ماهانه,1403-02,اردیبهشت 1403,سبد گردان کاریزما,اهرمی,108789.9,1.521
ماهانه,1403-02,اردیبهشت 1403,سبد گردان کاریزما,بازنشستگی,5216.3,0.073
ماهانه,1403-02,اردیبهشت 1403,سبد گردان کاریزما,بخشی,5527.1,0.077
ماهانه,1403-02,اردیبهشت 1403,سبد گردان کاریزما,تضمین اصل سرمایه,15730.5,0.22
ماهانه,1403-02,اردیبهشت 1403,سبد گردان کاریزما,درآمد ثابت,203211.2,2.841
ماهانه,1403-02,اردیبهشت 1403,سبد گردان کاریزما,سهامی,10501.0,0.147
ماهانه,1403-02,اردیبهشت 1403,سبد گردان کاریزما,شاخصی,2872.9,0.04
ماهانه,1403-02,اردیبهشت 1403,سبد گردان کاریزما,صندوق در صندوق,1184.5,0.017
ماهانه,1403-02,اردیبهشت 1403,سبد گردان کاریزما,مختلط,1413.4,0.02
ماهانه,1403-02,اردیبهشت 1403,سبد گردان کاریزما,کالایی,52865.6,0.739
ماهانه,1403-02,اردیبهشت 1403,سبدگردان آگاه,اهرمی,26666.2,0.373
ماهانه,1403-02,اردیبهشت 1403,سبدگردان آگاه,بخشی,10562.7,0.148
ماهانه,1403-02,اردیبهشت 1403,سبدگردان آگاه,درآمد ثابت,110871.8,1.55
ماهانه,1403-02,اردیبهشت 1403,سبدگردان آگاه,سهامی,29438.7,0.412
ماهانه,1403-02,اردیبهشت 1403,سبدگردان آگاه,مختلط,328.5,0.005
ماهانه,1403-02,اردیبهشت 1403,سبدگردان آگاه,کالایی,28103.1,0.393
ماهانه,1403-02,اردیبهشت 1403,سبدگردان توسعه فیروزه,اهرمی,27923.3,0.39
ماهانه,1403-02,اردیبهشت 1403,سبدگردان توسعه فیروزه,جسورانه,531.0,0.007
ماهانه,1403-02,اردیبهشت 1403,سبدگردان توسعه فیروزه,خصوصی,1168.2,0.016
ماهانه,1403-02,اردیبهشت 1403,سبدگردان توسعه فیروزه,درآمد ثابت,68749.6,0.961
ماهانه,1403-02,اردیبهشت 1403,سبدگردان توسعه فیروزه,سهامی,8760.6,0.122
ماهانه,1403-02,اردیبهشت 1403,سبدگردان توسعه فیروزه,شاخصی,2498.3,0.035
ماهانه,1403-02,اردیبهشت 1403,سبدگردان فارابی,اهرمی,29979.6,0.419
ماهانه,1403-02,اردیبهشت 1403,سبدگردان فارابی,بخشی,1612.7,0.022
ماهانه,1403-02,اردیبهشت 1403,سبدگردان فارابی,درآمد ثابت,65105.2,0.91
ماهانه,1403-02,اردیبهشت 1403,سبدگردان فارابی,سهامی,8528.5,0.119
ماهانه,1403-02,اردیبهشت 1403,سبدگردان مفید,اهرمی,53538.7,0.748
ماهانه,1403-02,اردیبهشت 1403,سبدگردان مفید,بازنشستگی,5913.2,0.083
ماهانه,1403-02,اردیبهشت 1403,سبدگردان مفید,بخشی,19983.4,0.279
ماهانه,1403-02,اردیبهشت 1403,سبدگردان مفید,تضمین اصل سرمایه,5455.0,0.076
ماهانه,1403-02,اردیبهشت 1403,سبدگردان مفید,درآمد ثابت,502415.6,7.024
ماهانه,1403-02,اردیبهشت 1403,سبدگردان مفید,سهامی,139541.0,1.951
ماهانه,1403-02,اردیبهشت 1403,سبدگردان مفید,شاخصی,7078.1,0.099
ماهانه,1403-02,اردیبهشت 1403,سبدگردان مفید,مختلط,3702.2,0.052
ماهانه,1403-02,اردیبهشت 1403,سبدگردان مفید,کالایی,96134.8,1.344
ماهانه,1403-02,اردیبهشت 1403,مشاور سرمایه گذاری ترنج,درآمد ثابت,156969.2,2.195
ماهانه,1403-02,اردیبهشت 1403,مشاور سرمایه گذاری ترنج,سهامی,16111.4,0.225
ماهانه,1403-02,اردیبهشت 1403,مشاور سرمایه گذاری ترنج,صندوق در صندوق,4004.6,0.056
ماهانه,1403-02,اردیبهشت 1403,مشاور سرمایه گذاری ترنج,مختلط,6313.5,0.088
ماهانه,1403-03,خرداد 1403,تامین سرمایه,املاک و مستغلات,5068.5,0.069
ماهانه,1403-03,خرداد 1403,تامین سرمایه,اهرمی,1357.7,0.018
ماهانه,1403-03,خرداد 1403,تامین سرمایه,بازنشستگی,17983.6,0.243
ماهانه,1403-03,خرداد 1403,تامین سرمایه,بخشی,298477.0,4.038
ماهانه,1403-03,خرداد 1403,تامین سرمایه,تضمین اصل سرمایه,11455.9,0.155
ماهانه,1403-03,خرداد 1403,تامین سرمایه,درآمد ثابت,3117595.5,42.18
ماهانه,1403-03,خرداد 1403,تامین سرمایه,سهامی,69352.9,0.938
ماهانه,1403-03,خرداد 1403,تامین سرمایه,شاخصی,6999.9,0.095
ماهانه,1403-03,خرداد 1403,تامین سرمایه,مختلط,7063.8,0.096
ماهانه,1403-03,خرداد 1403,تامین سرمایه,کالایی,159209.2,2.154
ماهانه,1403-03,خرداد 1403,سایر مدیران,املاک و مستغلات,20610.6,0.279
ماهانه,1403-03,خرداد 1403,سایر مدیران,بخشی,23518.6,0.318
ماهانه,1403-03,خرداد 1403,سایر مدیران,تضمین اصل سرمایه,88.5,0.001
ماهانه,1403-03,خرداد 1403,سایر مدیران,جسورانه,2934.2,0.04
ماهانه,1403-03,خرداد 1403,سایر مدیران,خصوصی,15178.7,0.205
ماهانه,1403-03,خرداد 1403,سایر مدیران,درآمد ثابت,1315774.7,17.802
ماهانه,1403-03,خرداد 1403,سایر مدیران,سهامی,158454.6,2.144
ماهانه,1403-03,خرداد 1403,سایر مدیران,شاخصی,13252.1,0.179
ماهانه,1403-03,خرداد 1403,سایر مدیران,صندوق در صندوق,2975.2,0.04
ماهانه,1403-03,خرداد 1403,سایر مدیران,مختلط,8608.6,0.116
ماهانه,1403-03,خرداد 1403,سایر مدیران,پروژه‌ای,12958.0,0.175
ماهانه,1403-03,خرداد 1403,سایر مدیران,کالایی,67968.0,0.92
ماهانه,1403-03,خرداد 1403,سبد گردان اقتصاد بیدار,درآمد ثابت,94141.4,1.274
ماهانه,1403-03,خرداد 1403,سبد گردان اقتصاد بیدار,سهامی,7383.0,0.1
ماهانه,1403-03,خرداد 1403,سبد گردان کاریزما,اهرمی,123223.7,1.667
ماهانه,1403-03,خرداد 1403,سبد گردان کاریزما,بازنشستگی,5235.3,0.071
ماهانه,1403-03,خرداد 1403,سبد گردان کاریزما,بخشی,5068.4,0.069
ماهانه,1403-03,خرداد 1403,سبد گردان کاریزما,تضمین اصل سرمایه,14542.9,0.197
ماهانه,1403-03,خرداد 1403,سبد گردان کاریزما,درآمد ثابت,209431.9,2.834
ماهانه,1403-03,خرداد 1403,سبد گردان کاریزما,سهامی,9799.7,0.133
ماهانه,1403-03,خرداد 1403,سبد گردان کاریزما,شاخصی,2711.6,0.037
ماهانه,1403-03,خرداد 1403,سبد گردان کاریزما,صندوق در صندوق,1104.2,0.015
ماهانه,1403-03,خرداد 1403,سبد گردان کاریزما,مختلط,1343.9,0.018
ماهانه,1403-03,خرداد 1403,سبد گردان کاریزما,کالایی,52654.6,0.712
ماهانه,1403-03,خرداد 1403,سبدگردان آگاه,اهرمی,27843.2,0.377
ماهانه,1403-03,خرداد 1403,سبدگردان آگاه,بخشی,9820.9,0.133
ماهانه,1403-03,خرداد 1403,سبدگردان آگاه,درآمد ثابت,125002.9,1.691
ماهانه,1403-03,خرداد 1403,سبدگردان آگاه,سهامی,28170.4,0.381
ماهانه,1403-03,خرداد 1403,سبدگردان آگاه,مختلط,326.8,0.004
ماهانه,1403-03,خرداد 1403,سبدگردان آگاه,کالایی,28003.6,0.379
ماهانه,1403-03,خرداد 1403,سبدگردان توسعه فیروزه,اهرمی,32864.5,0.445
ماهانه,1403-03,خرداد 1403,سبدگردان توسعه فیروزه,جسورانه,546.8,0.007
ماهانه,1403-03,خرداد 1403,سبدگردان توسعه فیروزه,خصوصی,1183.2,0.016
ماهانه,1403-03,خرداد 1403,سبدگردان توسعه فیروزه,درآمد ثابت,77443.1,1.048
ماهانه,1403-03,خرداد 1403,سبدگردان توسعه فیروزه,سهامی,8349.5,0.113
ماهانه,1403-03,خرداد 1403,سبدگردان توسعه فیروزه,شاخصی,2415.4,0.033
ماهانه,1403-03,خرداد 1403,سبدگردان فارابی,اهرمی,32081.5,0.434
ماهانه,1403-03,خرداد 1403,سبدگردان فارابی,بخشی,1363.5,0.018
ماهانه,1403-03,خرداد 1403,سبدگردان فارابی,درآمد ثابت,79058.8,1.07
ماهانه,1403-03,خرداد 1403,سبدگردان فارابی,سهامی,7473.6,0.101
ماهانه,1403-03,خرداد 1403,سبدگردان مفید,اهرمی,53055.9,0.718
ماهانه,1403-03,خرداد 1403,سبدگردان مفید,بازنشستگی,5691.9,0.077
ماهانه,1403-03,خرداد 1403,سبدگردان مفید,بخشی,20016.0,0.271
ماهانه,1403-03,خرداد 1403,سبدگردان مفید,تضمین اصل سرمایه,4941.6,0.067
ماهانه,1403-03,خرداد 1403,سبدگردان مفید,درآمد ثابت,537243.3,7.269
ماهانه,1403-03,خرداد 1403,سبدگردان مفید,سهامی,132739.0,1.796
ماهانه,1403-03,خرداد 1403,سبدگردان مفید,شاخصی,6798.5,0.092
ماهانه,1403-03,خرداد 1403,سبدگردان مفید,مختلط,3591.0,0.049
ماهانه,1403-03,خرداد 1403,سبدگردان مفید,کالایی,101136.2,1.368
ماهانه,1403-03,خرداد 1403,مشاور سرمایه گذاری ترنج,درآمد ثابت,175839.3,2.379
ماهانه,1403-03,خرداد 1403,مشاور سرمایه گذاری ترنج,سهامی,15156.2,0.205
ماهانه,1403-03,خرداد 1403,مشاور سرمایه گذاری ترنج,صندوق در صندوق,3721.3,0.05
ماهانه,1403-03,خرداد 1403,مشاور سرمایه گذاری ترنج,مختلط,5723.8,0.077
ماهانه,1403-04,تیر 1403,تامین سرمایه,املاک و مستغلات,5142.8,0.065
ماهانه,1403-04,تیر 1403,تامین سرمایه,اهرمی,1427.1,0.018
ماهانه,1403-04,تیر 1403,تامین سرمایه,بازنشستگی,19204.7,0.241
ماهانه,1403-04,تیر 1403,تامین سرمایه,بخشی,295260.0,3.709
ماهانه,1403-04,تیر 1403,تامین سرمایه,تضمین اصل سرمایه,16982.5,0.213
ماهانه,1403-04,تیر 1403,تامین سرمایه,درآمد ثابت,3183712.0,39.989
ماهانه,1403-04,تیر 1403,تامین سرمایه,سهامی,74190.9,0.932
ماهانه,1403-04,تیر 1403,تامین سرمایه,شاخصی,4753.8,0.06
ماهانه,1403-04,تیر 1403,تامین سرمایه,مختلط,7282.6,0.092
ماهانه,1403-04,تیر 1403,تامین سرمایه,کالایی,164910.6,2.071
ماهانه,1403-04,تیر 1403,سایر مدیران,املاک و مستغلات,20664.0,0.26
ماهانه,1403-04,تیر 1403,سایر مدیران,بخشی,24048.4,0.302
ماهانه,1403-04,تیر 1403,سایر مدیران,تضمین اصل سرمایه,92.0,0.001
ماهانه,1403-04,تیر 1403,سایر مدیران,جسورانه,2958.4,0.037
ماهانه,1403-04,تیر 1403,سایر مدیران,خصوصی,15108.6,0.19
ماهانه,1403-04,تیر 1403,سایر مدیران,درآمد ثابت,1498559.6,18.823
ماهانه,1403-04,تیر 1403,سایر مدیران,سهامی,170942.7,2.147
ماهانه,1403-04,تیر 1403,سایر مدیران,شاخصی,13979.2,0.176
ماهانه,1403-04,تیر 1403,سایر مدیران,صندوق در صندوق,3213.1,0.04
ماهانه,1403-04,تیر 1403,سایر مدیران,مختلط,8856.9,0.111
ماهانه,1403-04,تیر 1403,سایر مدیران,پروژه‌ای,12957.6,0.163
ماهانه,1403-04,تیر 1403,سایر مدیران,کالایی,73838.9,0.928
ماهانه,1403-04,تیر 1403,سبد گردان اقتصاد بیدار,اهرمی,28581.4,0.359
ماهانه,1403-04,تیر 1403,سبد گردان اقتصاد بیدار,درآمد ثابت,123978.3,1.557
ماهانه,1403-04,تیر 1403,سبد گردان اقتصاد بیدار,سهامی,7381.9,0.093
ماهانه,1403-04,تیر 1403,سبد گردان کاریزما,اهرمی,141416.7,1.776
ماهانه,1403-04,تیر 1403,سبد گردان کاریزما,بازنشستگی,5483.9,0.069
ماهانه,1403-04,تیر 1403,سبد گردان کاریزما,بخشی,7565.0,0.095
ماهانه,1403-04,تیر 1403,سبد گردان کاریزما,تضمین اصل سرمایه,15265.0,0.192
ماهانه,1403-04,تیر 1403,سبد گردان کاریزما,درآمد ثابت,225321.3,2.83
ماهانه,1403-04,تیر 1403,سبد گردان کاریزما,سهامی,10462.0,0.131
ماهانه,1403-04,تیر 1403,سبد گردان کاریزما,شاخصی,3007.2,0.038
ماهانه,1403-04,تیر 1403,سبد گردان کاریزما,صندوق در صندوق,1209.6,0.015
ماهانه,1403-04,تیر 1403,سبد گردان کاریزما,مختلط,1267.7,0.016
ماهانه,1403-04,تیر 1403,سبد گردان کاریزما,کالایی,55712.1,0.7
ماهانه,1403-04,تیر 1403,سبدگردان آگاه,اهرمی,36592.3,0.46
ماهانه,1403-04,تیر 1403,سبدگردان آگاه,بخشی,10129.8,0.127
ماهانه,1403-04,تیر 1403,سبدگردان آگاه,درآمد ثابت,136233.8,1.711
ماهانه,1403-04,تیر 1403,سبدگردان آگاه,سهامی,30181.0,0.379
ماهانه,1403-04,تیر 1403,سبدگردان آگاه,مختلط,352.9,0.004
ماهانه,1403-04,تیر 1403,سبدگردان آگاه,کالایی,30903.7,0.388
ماهانه,1403-04,تیر 1403,سبدگردان توسعه فیروزه,اهرمی,52272.2,0.657
ماهانه,1403-04,تیر 1403,سبدگردان توسعه فیروزه,جسورانه,556.9,0.007
ماهانه,1403-04,تیر 1403,سبدگردان توسعه فیروزه,خصوصی,1191.1,0.015
ماهانه,1403-04,تیر 1403,سبدگردان توسعه فیروزه,درآمد ثابت,79503.7,0.999
ماهانه,1403-04,تیر 1403,سبدگردان توسعه فیروزه,سهامی,8724.7,0.11
ماهانه,1403-04,تیر 1403,سبدگردان توسعه فیروزه,شاخصی,2765.9,0.035
ماهانه,1403-04,تیر 1403,سبدگردان فارابی,اهرمی,51924.7,0.652
ماهانه,1403-04,تیر 1403,سبدگردان فارابی,بخشی,1426.8,0.018
ماهانه,1403-04,تیر 1403,سبدگردان فارابی,درآمد ثابت,86189.8,1.083
ماهانه,1403-04,تیر 1403,سبدگردان فارابی,سهامی,7950.6,0.1
ماهانه,1403-04,تیر 1403,سبدگردان مفید,اهرمی,58551.0,0.735
ماهانه,1403-04,تیر 1403,سبدگردان مفید,بازنشستگی,6013.1,0.076
ماهانه,1403-04,تیر 1403,سبدگردان مفید,بخشی,21700.3,0.273
ماهانه,1403-04,تیر 1403,سبدگردان مفید,تضمین اصل سرمایه,4958.8,0.062
ماهانه,1403-04,تیر 1403,سبدگردان مفید,درآمد ثابت,586264.7,7.364
ماهانه,1403-04,تیر 1403,سبدگردان مفید,سهامی,143143.7,1.798
ماهانه,1403-04,تیر 1403,سبدگردان مفید,شاخصی,7467.6,0.094
ماهانه,1403-04,تیر 1403,سبدگردان مفید,مختلط,3713.9,0.047
ماهانه,1403-04,تیر 1403,سبدگردان مفید,کالایی,108765.3,1.366
ماهانه,1403-04,تیر 1403,مشاور سرمایه گذاری ترنج,اهرمی,30594.6,0.384
ماهانه,1403-04,تیر 1403,مشاور سرمایه گذاری ترنج,درآمد ثابت,181997.3,2.286
ماهانه,1403-04,تیر 1403,مشاور سرمایه گذاری ترنج,سهامی,16942.0,0.213
ماهانه,1403-04,تیر 1403,مشاور سرمایه گذاری ترنج,صندوق در صندوق,3828.8,0.048
ماهانه,1403-04,تیر 1403,مشاور سرمایه گذاری ترنج,مختلط,5817.0,0.073
ماهانه,1403-05,مرداد 1403,تامین سرمایه,املاک و مستغلات,5234.4,0.064
ماهانه,1403-05,مرداد 1403,تامین سرمایه,اهرمی,1310.1,0.016
ماهانه,1403-05,مرداد 1403,تامین سرمایه,بازنشستگی,17422.8,0.215
ماهانه,1403-05,مرداد 1403,تامین سرمایه,بخشی,272979.6,3.361
ماهانه,1403-05,مرداد 1403,تامین سرمایه,تضمین اصل سرمایه,17886.9,0.22
ماهانه,1403-05,مرداد 1403,تامین سرمایه,درآمد ثابت,3177889.9,39.125
ماهانه,1403-05,مرداد 1403,تامین سرمایه,سهامی,69491.2,0.856
ماهانه,1403-05,مرداد 1403,تامین سرمایه,شاخصی,4148.5,0.051
ماهانه,1403-05,مرداد 1403,تامین سرمایه,مختلط,7237.4,0.089
ماهانه,1403-05,مرداد 1403,تامین سرمایه,کالایی,188226.1,2.317
ماهانه,1403-05,مرداد 1403,سایر مدیران,املاک و مستغلات,20746.6,0.255
ماهانه,1403-05,مرداد 1403,سایر مدیران,بخشی,23029.2,0.284
ماهانه,1403-05,مرداد 1403,سایر مدیران,تضمین اصل سرمایه,83.4,0.001
ماهانه,1403-05,مرداد 1403,سایر مدیران,جسورانه,3002.4,0.037
ماهانه,1403-05,مرداد 1403,سایر مدیران,خصوصی,14500.1,0.178
ماهانه,1403-05,مرداد 1403,سایر مدیران,درآمد ثابت,1652583.8,20.346
ماهانه,1403-05,مرداد 1403,سایر مدیران,سهامی,160504.3,1.976
ماهانه,1403-05,مرداد 1403,سایر مدیران,شاخصی,11658.7,0.144
ماهانه,1403-05,مرداد 1403,سایر مدیران,صندوق در صندوق,6569.0,0.081
ماهانه,1403-05,مرداد 1403,سایر مدیران,مختلط,8554.5,0.105
ماهانه,1403-05,مرداد 1403,سایر مدیران,پروژه‌ای,12957.2,0.16
ماهانه,1403-05,مرداد 1403,سایر مدیران,کالایی,81082.3,0.998
ماهانه,1403-05,مرداد 1403,سبد گردان اقتصاد بیدار,اهرمی,28006.2,0.345
ماهانه,1403-05,مرداد 1403,سبد گردان اقتصاد بیدار,درآمد ثابت,135834.9,1.672
ماهانه,1403-05,مرداد 1403,سبد گردان اقتصاد بیدار,سهامی,7069.6,0.087
ماهانه,1403-05,مرداد 1403,سبد گردان کاریزما,اهرمی,120167.6,1.48
ماهانه,1403-05,مرداد 1403,سبد گردان کاریزما,بازنشستگی,5183.7,0.064
ماهانه,1403-05,مرداد 1403,سبد گردان کاریزما,بخشی,6744.9,0.083
ماهانه,1403-05,مرداد 1403,سبد گردان کاریزما,تضمین اصل سرمایه,14906.0,0.184
ماهانه,1403-05,مرداد 1403,سبد گردان کاریزما,درآمد ثابت,223538.3,2.752
ماهانه,1403-05,مرداد 1403,سبد گردان کاریزما,سهامی,9955.1,0.123
ماهانه,1403-05,مرداد 1403,سبد گردان کاریزما,شاخصی,2820.1,0.035
ماهانه,1403-05,مرداد 1403,سبد گردان کاریزما,صندوق در صندوق,1294.8,0.016
ماهانه,1403-05,مرداد 1403,سبد گردان کاریزما,مختلط,1275.0,0.016
ماهانه,1403-05,مرداد 1403,سبد گردان کاریزما,کالایی,63393.3,0.781
ماهانه,1403-05,مرداد 1403,سبدگردان آگاه,اهرمی,33521.4,0.413
ماهانه,1403-05,مرداد 1403,سبدگردان آگاه,بخشی,9090.5,0.112
ماهانه,1403-05,مرداد 1403,سبدگردان آگاه,درآمد ثابت,138714.3,1.708
ماهانه,1403-05,مرداد 1403,سبدگردان آگاه,سهامی,26869.2,0.331
ماهانه,1403-05,مرداد 1403,سبدگردان آگاه,مختلط,351.4,0.004
ماهانه,1403-05,مرداد 1403,سبدگردان آگاه,کالایی,37147.6,0.457
ماهانه,1403-05,مرداد 1403,سبدگردان توسعه فیروزه,اهرمی,54014.1,0.665
ماهانه,1403-05,مرداد 1403,سبدگردان توسعه فیروزه,بخشی,9405.8,0.116
ماهانه,1403-05,مرداد 1403,سبدگردان توسعه فیروزه,جسورانه,567.7,0.007
ماهانه,1403-05,مرداد 1403,سبدگردان توسعه فیروزه,خصوصی,1204.1,0.015
ماهانه,1403-05,مرداد 1403,سبدگردان توسعه فیروزه,درآمد ثابت,97843.4,1.205
ماهانه,1403-05,مرداد 1403,سبدگردان توسعه فیروزه,سهامی,8210.7,0.101
ماهانه,1403-05,مرداد 1403,سبدگردان توسعه فیروزه,شاخصی,2632.0,0.032
ماهانه,1403-05,مرداد 1403,سبدگردان فارابی,اهرمی,45404.6,0.559
ماهانه,1403-05,مرداد 1403,سبدگردان فارابی,بخشی,1367.3,0.017
ماهانه,1403-05,مرداد 1403,سبدگردان فارابی,درآمد ثابت,93029.3,1.145
ماهانه,1403-05,مرداد 1403,سبدگردان فارابی,سهامی,7443.5,0.092
ماهانه,1403-05,مرداد 1403,سبدگردان مفید,اهرمی,55224.5,0.68
ماهانه,1403-05,مرداد 1403,سبدگردان مفید,بازنشستگی,5906.6,0.073
ماهانه,1403-05,مرداد 1403,سبدگردان مفید,بخشی,20024.1,0.247
ماهانه,1403-05,مرداد 1403,سبدگردان مفید,تضمین اصل سرمایه,4235.6,0.052
ماهانه,1403-05,مرداد 1403,سبدگردان مفید,درآمد ثابت,580523.8,7.147
ماهانه,1403-05,مرداد 1403,سبدگردان مفید,سهامی,137196.2,1.689
ماهانه,1403-05,مرداد 1403,سبدگردان مفید,شاخصی,6523.5,0.08
ماهانه,1403-05,مرداد 1403,سبدگردان مفید,مختلط,3535.3,0.044
ماهانه,1403-05,مرداد 1403,سبدگردان مفید,کالایی,128050.2,1.577
ماهانه,1403-05,مرداد 1403,مشاور سرمایه گذاری ترنج,اهرمی,26090.4,0.321
ماهانه,1403-05,مرداد 1403,مشاور سرمایه گذاری ترنج,درآمد ثابت,186219.7,2.293
ماهانه,1403-05,مرداد 1403,مشاور سرمایه گذاری ترنج,سهامی,15641.1,0.193
ماهانه,1403-05,مرداد 1403,مشاور سرمایه گذاری ترنج,صندوق در صندوق,3562.5,0.044
ماهانه,1403-05,مرداد 1403,مشاور سرمایه گذاری ترنج,مختلط,5532.0,0.068
ماهانه,1403-06,شهریور 1403,تامین سرمایه,املاک و مستغلات,5308.5,0.061
ماهانه,1403-06,شهریور 1403,تامین سرمایه,اهرمی,1421.4,0.016
ماهانه,1403-06,شهریور 1403,تامین سرمایه,بازنشستگی,18168.1,0.208
ماهانه,1403-06,شهریور 1403,تامین سرمایه,بخشی,287878.9,3.298
ماهانه,1403-06,شهریور 1403,تامین سرمایه,تضمین اصل سرمایه,16684.5,0.191
ماهانه,1403-06,شهریور 1403,تامین سرمایه,درآمد ثابت,3356810.6,38.456
ماهانه,1403-06,شهریور 1403,تامین سرمایه,سهامی,72840.9,0.834
ماهانه,1403-06,شهریور 1403,تامین سرمایه,شاخصی,4340.3,0.05
ماهانه,1403-06,شهریور 1403,تامین سرمایه,مختلط,7424.0,0.085
ماهانه,1403-06,شهریور 1403,تامین سرمایه,کالایی,203185.3,2.328
ماهانه,1403-06,شهریور 1403,سایر مدیران,املاک و مستغلات,20369.5,0.233
ماهانه,1403-06,شهریور 1403,سایر مدیران,بازنشستگی,5252.6,0.06
ماهانه,1403-06,شهریور 1403,سایر مدیران,بخشی,27425.6,0.314
ماهانه,1403-06,شهریور 1403,سایر مدیران,تضمین اصل سرمایه,84.9,0.001
ماهانه,1403-06,شهریور 1403,سایر مدیران,جسورانه,3018.6,0.035
ماهانه,1403-06,شهریور 1403,سایر مدیران,خصوصی,15191.5,0.174
ماهانه,1403-06,شهریور 1403,سایر مدیران,درآمد ثابت,1788552.0,20.49
ماهانه,1403-06,شهریور 1403,سایر مدیران,سهامی,172128.2,1.972
ماهانه,1403-06,شهریور 1403,سایر مدیران,شاخصی,12532.4,0.144
ماهانه,1403-06,شهریور 1403,سایر مدیران,صندوق در صندوق,7586.0,0.087
ماهانه,1403-06,شهریور 1403,سایر مدیران,مختلط,8842.0,0.101
ماهانه,1403-06,شهریور 1403,سایر مدیران,پروژه‌ای,12956.8,0.148
ماهانه,1403-06,شهریور 1403,سایر مدیران,کالایی,91269.3,1.046
ماهانه,1403-06,شهریور 1403,سبد گردان اقتصاد بیدار,اهرمی,31460.8,0.36
ماهانه,1403-06,شهریور 1403,سبد گردان اقتصاد بیدار,درآمد ثابت,128412.7,1.471
ماهانه,1403-06,شهریور 1403,سبد گردان اقتصاد بیدار,سهامی,7318.7,0.084
ماهانه,1403-06,شهریور 1403,سبد گردان کاریزما,اهرمی,126757.9,1.452
ماهانه,1403-06,شهریور 1403,سبد گردان کاریزما,بازنشستگی,5424.0,0.062
ماهانه,1403-06,شهریور 1403,سبد گردان کاریزما,بخشی,6227.5,0.071
ماهانه,1403-06,شهریور 1403,سبد گردان کاریزما,تضمین اصل سرمایه,15499.9,0.178
ماهانه,1403-06,شهریور 1403,سبد گردان کاریزما,درآمد ثابت,222435.0,2.548
ماهانه,1403-06,شهریور 1403,سبد گردان کاریزما,سهامی,10944.3,0.125
ماهانه,1403-06,شهریور 1403,سبد گردان کاریزما,شاخصی,3048.8,0.035
ماهانه,1403-06,شهریور 1403,سبد گردان کاریزما,صندوق در صندوق,1590.9,0.018
ماهانه,1403-06,شهریور 1403,سبد گردان کاریزما,مختلط,1335.5,0.015
ماهانه,1403-06,شهریور 1403,سبد گردان کاریزما,کالایی,65721.4,0.753
ماهانه,1403-06,شهریور 1403,سبدگردان آگاه,اهرمی,36076.3,0.413
ماهانه,1403-06,شهریور 1403,سبدگردان آگاه,بخشی,10382.9,0.119
ماهانه,1403-06,شهریور 1403,سبدگردان آگاه,درآمد ثابت,153597.6,1.76
ماهانه,1403-06,شهریور 1403,سبدگردان آگاه,سهامی,30017.6,0.344
ماهانه,1403-06,شهریور 1403,سبدگردان آگاه,مختلط,353.9,0.004
ماهانه,1403-06,شهریور 1403,سبدگردان آگاه,کالایی,40287.4,0.462
ماهانه,1403-06,شهریور 1403,سبدگردان توسعه فیروزه,اهرمی,55957.7,0.641
ماهانه,1403-06,شهریور 1403,سبدگردان توسعه فیروزه,بخشی,10074.7,0.115
ماهانه,1403-06,شهریور 1403,سبدگردان توسعه فیروزه,جسورانه,568.4,0.006
ماهانه,1403-06,شهریور 1403,سبدگردان توسعه فیروزه,خصوصی,1207.4,0.014
ماهانه,1403-06,شهریور 1403,سبدگردان توسعه فیروزه,درآمد ثابت,101506.0,1.163
ماهانه,1403-06,شهریور 1403,سبدگردان توسعه فیروزه,سهامی,8891.9,0.102
ماهانه,1403-06,شهریور 1403,سبدگردان توسعه فیروزه,شاخصی,2758.0,0.032
ماهانه,1403-06,شهریور 1403,سبدگردان فارابی,اهرمی,45494.6,0.521
ماهانه,1403-06,شهریور 1403,سبدگردان فارابی,بخشی,1522.8,0.017
ماهانه,1403-06,شهریور 1403,سبدگردان فارابی,درآمد ثابت,121070.9,1.387
ماهانه,1403-06,شهریور 1403,سبدگردان فارابی,سهامی,8562.4,0.098
ماهانه,1403-06,شهریور 1403,سبدگردان مفید,اهرمی,60445.3,0.692
ماهانه,1403-06,شهریور 1403,سبدگردان مفید,بازنشستگی,6150.1,0.07
ماهانه,1403-06,شهریور 1403,سبدگردان مفید,بخشی,20592.1,0.236
ماهانه,1403-06,شهریور 1403,سبدگردان مفید,تضمین اصل سرمایه,4187.7,0.048
ماهانه,1403-06,شهریور 1403,سبدگردان مفید,درآمد ثابت,699332.9,8.012
ماهانه,1403-06,شهریور 1403,سبدگردان مفید,سهامی,140825.7,1.613
ماهانه,1403-06,شهریور 1403,سبدگردان مفید,شاخصی,6690.0,0.077
ماهانه,1403-06,شهریور 1403,سبدگردان مفید,مختلط,3642.6,0.042
ماهانه,1403-06,شهریور 1403,سبدگردان مفید,کالایی,145594.3,1.668
ماهانه,1403-06,شهریور 1403,مشاور سرمایه گذاری ترنج,اهرمی,26097.0,0.299
ماهانه,1403-06,شهریور 1403,مشاور سرمایه گذاری ترنج,درآمد ثابت,195822.2,2.243
ماهانه,1403-06,شهریور 1403,مشاور سرمایه گذاری ترنج,سهامی,16740.8,0.192
ماهانه,1403-06,شهریور 1403,مشاور سرمایه گذاری ترنج,صندوق در صندوق,3702.2,0.042
ماهانه,1403-06,شهریور 1403,مشاور سرمایه گذاری ترنج,مختلط,5401.1,0.062
ماهانه,1403-07,مهر 1403,تامین سرمایه,املاک و مستغلات,5382.1,0.058
ماهانه,1403-07,مهر 1403,تامین سرمایه,اهرمی,1327.7,0.014
ماهانه,1403-07,مهر 1403,تامین سرمایه,بازنشستگی,17286.8,0.187
ماهانه,1403-07,مهر 1403,تامین سرمایه,بخشی,255404.6,2.757
ماهانه,1403-07,مهر 1403,تامین سرمایه,تضمین اصل سرمایه,16867.2,0.182
ماهانه,1403-07,مهر 1403,تامین سرمایه,درآمد ثابت,3507173.4,37.86
ماهانه,1403-07,مهر 1403,تامین سرمایه,سهامی,70400.6,0.76
ماهانه,1403-07,مهر 1403,تامین سرمایه,شاخصی,3661.8,0.04
ماهانه,1403-07,مهر 1403,تامین سرمایه,مختلط,7329.2,0.079
ماهانه,1403-07,مهر 1403,تامین سرمایه,کالایی,267104.8,2.883
ماهانه,1403-07,مهر 1403,سایر مدیران,املاک و مستغلات,20447.4,0.221
ماهانه,1403-07,مهر 1403,سایر مدیران,بازنشستگی,6014.9,0.065
ماهانه,1403-07,مهر 1403,سایر مدیران,بخشی,26553.9,0.287
ماهانه,1403-07,مهر 1403,سایر مدیران,تضمین اصل سرمایه,72.0,0.001
ماهانه,1403-07,مهر 1403,سایر مدیران,جسورانه,3048.2,0.033
ماهانه,1403-07,مهر 1403,سایر مدیران,خصوصی,15632.5,0.169
ماهانه,1403-07,مهر 1403,سایر مدیران,درآمد ثابت,1933523.5,20.872
ماهانه,1403-07,مهر 1403,سایر مدیران,سهامی,160457.7,1.732
ماهانه,1403-07,مهر 1403,سایر مدیران,شاخصی,11826.1,0.128
ماهانه,1403-07,مهر 1403,سایر مدیران,صندوق در صندوق,8688.6,0.094
ماهانه,1403-07,مهر 1403,سایر مدیران,مختلط,8199.3,0.089
ماهانه,1403-07,مهر 1403,سایر مدیران,پروژه‌ای,12956.4,0.14
ماهانه,1403-07,مهر 1403,سایر مدیران,کالایی,122395.1,1.321
ماهانه,1403-07,مهر 1403,سبد گردان اقتصاد بیدار,اهرمی,31504.6,0.34
ماهانه,1403-07,مهر 1403,سبد گردان اقتصاد بیدار,درآمد ثابت,145559.6,1.571
ماهانه,1403-07,مهر 1403,سبد گردان اقتصاد بیدار,سهامی,6664.9,0.072
ماهانه,1403-07,مهر 1403,سبد گردان کاریزما,اهرمی,123944.5,1.338
ماهانه,1403-07,مهر 1403,سبد گردان کاریزما,بازنشستگی,5348.2,0.058
ماهانه,1403-07,مهر 1403,سبد گردان کاریزما,بخشی,5661.5,0.061
ماهانه,1403-07,مهر 1403,سبد گردان کاریزما,تضمین اصل سرمایه,15243.6,0.165
ماهانه,1403-07,مهر 1403,سبد گردان کاریزما,درآمد ثابت,237197.9,2.561
ماهانه,1403-07,مهر 1403,سبد گردان کاریزما,سهامی,9879.5,0.107
ماهانه,1403-07,مهر 1403,سبد گردان کاریزما,شاخصی,2802.4,0.03
ماهانه,1403-07,مهر 1403,سبد گردان کاریزما,صندوق در صندوق,978.6,0.011
ماهانه,1403-07,مهر 1403,سبد گردان کاریزما,مختلط,1310.2,0.014
ماهانه,1403-07,مهر 1403,سبد گردان کاریزما,کالایی,86788.7,0.937
ماهانه,1403-07,مهر 1403,سبدگردان آگاه,املاک و مستغلات,4692.3,0.051
ماهانه,1403-07,مهر 1403,سبدگردان آگاه,اهرمی,35365.9,0.382
ماهانه,1403-07,مهر 1403,سبدگردان آگاه,بخشی,9308.2,0.1
ماهانه,1403-07,مهر 1403,سبدگردان آگاه,درآمد ثابت,171062.4,1.847
ماهانه,1403-07,مهر 1403,سبدگردان آگاه,سهامی,27175.7,0.293
ماهانه,1403-07,مهر 1403,سبدگردان آگاه,مختلط,354.7,0.004
ماهانه,1403-07,مهر 1403,سبدگردان آگاه,کالایی,53881.1,0.582
ماهانه,1403-07,مهر 1403,سبدگردان توسعه فیروزه,اهرمی,55501.5,0.599
ماهانه,1403-07,مهر 1403,سبدگردان توسعه فیروزه,بخشی,9344.7,0.101
ماهانه,1403-07,مهر 1403,سبدگردان توسعه فیروزه,جسورانه,573.2,0.006
ماهانه,1403-07,مهر 1403,سبدگردان توسعه فیروزه,خصوصی,1219.4,0.013
ماهانه,1403-07,مهر 1403,سبدگردان توسعه فیروزه,درآمد ثابت,113023.3,1.22
ماهانه,1403-07,مهر 1403,سبدگردان توسعه فیروزه,سهامی,8211.7,0.089
ماهانه,1403-07,مهر 1403,سبدگردان توسعه فیروزه,شاخصی,2409.1,0.026
ماهانه,1403-07,مهر 1403,سبدگردان فارابی,اهرمی,41039.6,0.443
ماهانه,1403-07,مهر 1403,سبدگردان فارابی,بخشی,1425.4,0.015
ماهانه,1403-07,مهر 1403,سبدگردان فارابی,درآمد ثابت,119874.5,1.294
ماهانه,1403-07,مهر 1403,سبدگردان فارابی,سهامی,8030.9,0.087
ماهانه,1403-07,مهر 1403,سبدگردان مفید,اهرمی,59282.6,0.64
ماهانه,1403-07,مهر 1403,سبدگردان مفید,بازنشستگی,6316.5,0.068
ماهانه,1403-07,مهر 1403,سبدگردان مفید,بخشی,22814.6,0.246
ماهانه,1403-07,مهر 1403,سبدگردان مفید,تضمین اصل سرمایه,3891.9,0.042
ماهانه,1403-07,مهر 1403,سبدگردان مفید,درآمد ثابت,758945.0,8.193
ماهانه,1403-07,مهر 1403,سبدگردان مفید,سهامی,135370.6,1.461
ماهانه,1403-07,مهر 1403,سبدگردان مفید,شاخصی,5910.4,0.064
ماهانه,1403-07,مهر 1403,سبدگردان مفید,مختلط,3308.5,0.036
ماهانه,1403-07,مهر 1403,سبدگردان مفید,کالایی,209977.3,2.267
ماهانه,1403-07,مهر 1403,مشاور سرمایه گذاری ترنج,اهرمی,23436.0,0.253
ماهانه,1403-07,مهر 1403,مشاور سرمایه گذاری ترنج,درآمد ثابت,192250.2,2.075
ماهانه,1403-07,مهر 1403,مشاور سرمایه گذاری ترنج,سهامی,15892.4,0.172
ماهانه,1403-07,مهر 1403,مشاور سرمایه گذاری ترنج,صندوق در صندوق,3512.2,0.038
ماهانه,1403-07,مهر 1403,مشاور سرمایه گذاری ترنج,مختلط,5467.5,0.059
ماهانه,1403-08,آبان 1403,تامین سرمایه,املاک و مستغلات,5479.5,0.056
ماهانه,1403-08,آبان 1403,تامین سرمایه,اهرمی,1475.1,0.015
ماهانه,1403-08,آبان 1403,تامین سرمایه,بازنشستگی,19364.8,0.198
ماهانه,1403-08,آبان 1403,تامین سرمایه,بخشی,293507.0,3.0
ماهانه,1403-08,آبان 1403,تامین سرمایه,تضمین اصل سرمایه,17656.5,0.18
ماهانه,1403-08,آبان 1403,تامین سرمایه,درآمد ثابت,3581845.5,36.614
ماهانه,1403-08,آبان 1403,تامین سرمایه,سهامی,77568.8,0.793
ماهانه,1403-08,آبان 1403,تامین سرمایه,شاخصی,4073.3,0.042
ماهانه,1403-08,آبان 1403,تامین سرمایه,مختلط,7821.3,0.08
ماهانه,1403-08,آبان 1403,تامین سرمایه,کالایی,271210.2,2.772
ماهانه,1403-08,آبان 1403,سایر مدیران,املاک و مستغلات,20611.7,0.211
ماهانه,1403-08,آبان 1403,سایر مدیران,بازنشستگی,6421.0,0.066
ماهانه,1403-08,آبان 1403,سایر مدیران,بخشی,31117.8,0.318
ماهانه,1403-08,آبان 1403,سایر مدیران,تضمین اصل سرمایه,77.2,0.001
ماهانه,1403-08,آبان 1403,سایر مدیران,جسورانه,3167.2,0.032
ماهانه,1403-08,آبان 1403,سایر مدیران,خصوصی,16585.2,0.169
ماهانه,1403-08,آبان 1403,سایر مدیران,درآمد ثابت,2055043.9,21.007
ماهانه,1403-08,آبان 1403,سایر مدیران,سهامی,178396.9,1.824
ماهانه,1403-08,آبان 1403,سایر مدیران,شاخصی,13605.5,0.139
ماهانه,1403-08,آبان 1403,سایر مدیران,صندوق در صندوق,9301.6,0.095
ماهانه,1403-08,آبان 1403,سایر مدیران,مختلط,8501.9,0.087
ماهانه,1403-08,آبان 1403,سایر مدیران,پروژه‌ای,12955.9,0.132
ماهانه,1403-08,آبان 1403,سایر مدیران,کالایی,131821.3,1.348
ماهانه,1403-08,آبان 1403,سبد گردان اقتصاد بیدار,اهرمی,36634.2,0.374
ماهانه,1403-08,آبان 1403,سبد گردان اقتصاد بیدار,درآمد ثابت,143995.5,1.472
ماهانه,1403-08,آبان 1403,سبد گردان اقتصاد بیدار,سهامی,8153.2,0.083
ماهانه,1403-08,آبان 1403,سبد گردان کاریزما,اهرمی,142635.7,1.458
ماهانه,1403-08,آبان 1403,سبد گردان کاریزما,بازنشستگی,5736.4,0.059
ماهانه,1403-08,آبان 1403,سبد گردان کاریزما,بخشی,6569.0,0.067
ماهانه,1403-08,آبان 1403,سبد گردان کاریزما,تضمین اصل سرمایه,16422.4,0.168
ماهانه,1403-08,آبان 1403,سبد گردان کاریزما,درآمد ثابت,242891.9,2.483
ماهانه,1403-08,آبان 1403,سبد گردان کاریزما,سهامی,10860.5,0.111
ماهانه,1403-08,آبان 1403,سبد گردان کاریزما,شاخصی,2951.0,0.03
ماهانه,1403-08,آبان 1403,سبد گردان کاریزما,صندوق در صندوق,1072.8,0.011
ماهانه,1403-08,آبان 1403,سبد گردان کاریزما,مختلط,1381.4,0.014
ماهانه,1403-08,آبان 1403,سبد گردان کاریزما,کالایی,87969.3,0.899
ماهانه,1403-08,آبان 1403,سبدگردان آگاه,املاک و مستغلات,4795.9,0.049
ماهانه,1403-08,آبان 1403,سبدگردان آگاه,اهرمی,48692.1,0.498
ماهانه,1403-08,آبان 1403,سبدگردان آگاه,بخشی,14775.3,0.151
ماهانه,1403-08,آبان 1403,سبدگردان آگاه,درآمد ثابت,177207.6,1.811
ماهانه,1403-08,آبان 1403,سبدگردان آگاه,سهامی,30949.3,0.316
ماهانه,1403-08,آبان 1403,سبدگردان آگاه,مختلط,372.1,0.004
ماهانه,1403-08,آبان 1403,سبدگردان آگاه,کالایی,52699.5,0.539
ماهانه,1403-08,آبان 1403,سبدگردان توسعه فیروزه,اهرمی,60109.7,0.614
ماهانه,1403-08,آبان 1403,سبدگردان توسعه فیروزه,بخشی,9880.2,0.101
ماهانه,1403-08,آبان 1403,سبدگردان توسعه فیروزه,جسورانه,577.8,0.006
ماهانه,1403-08,آبان 1403,سبدگردان توسعه فیروزه,خصوصی,1229.3,0.013
ماهانه,1403-08,آبان 1403,سبدگردان توسعه فیروزه,درآمد ثابت,126226.6,1.29
ماهانه,1403-08,آبان 1403,سبدگردان توسعه فیروزه,سهامی,9267.3,0.095
ماهانه,1403-08,آبان 1403,سبدگردان توسعه فیروزه,شاخصی,3197.5,0.033
ماهانه,1403-08,آبان 1403,سبدگردان فارابی,اهرمی,39244.7,0.401
ماهانه,1403-08,آبان 1403,سبدگردان فارابی,بخشی,1614.9,0.016
ماهانه,1403-08,آبان 1403,سبدگردان فارابی,درآمد ثابت,122694.9,1.254
ماهانه,1403-08,آبان 1403,سبدگردان فارابی,سهامی,8825.3,0.09
ماهانه,1403-08,آبان 1403,سبدگردان فارابی,کالایی,2050.3,0.021
ماهانه,1403-08,آبان 1403,سبدگردان مفید,اهرمی,69297.1,0.708
ماهانه,1403-08,آبان 1403,سبدگردان مفید,بازنشستگی,6977.5,0.071
ماهانه,1403-08,آبان 1403,سبدگردان مفید,بخشی,26890.3,0.275
ماهانه,1403-08,آبان 1403,سبدگردان مفید,تضمین اصل سرمایه,4330.4,0.044
ماهانه,1403-08,آبان 1403,سبدگردان مفید,درآمد ثابت,845531.3,8.643
ماهانه,1403-08,آبان 1403,سبدگردان مفید,سهامی,149524.4,1.528
ماهانه,1403-08,آبان 1403,سبدگردان مفید,شاخصی,6831.1,0.07
ماهانه,1403-08,آبان 1403,سبدگردان مفید,مختلط,3446.1,0.035
ماهانه,1403-08,آبان 1403,سبدگردان مفید,کالایی,227091.5,2.321
ماهانه,1403-08,آبان 1403,مشاور سرمایه گذاری ترنج,اهرمی,22497.6,0.23
ماهانه,1403-08,آبان 1403,مشاور سرمایه گذاری ترنج,درآمد ثابت,203017.6,2.075
ماهانه,1403-08,آبان 1403,مشاور سرمایه گذاری ترنج,سهامی,17241.2,0.176
ماهانه,1403-08,آبان 1403,مشاور سرمایه گذاری ترنج,صندوق در صندوق,3280.9,0.034
ماهانه,1403-08,آبان 1403,مشاور سرمایه گذاری ترنج,مختلط,7508.1,0.077
ماهانه,1403-09,آذر 1403,تامین سرمایه,املاک و مستغلات,5520.9,0.053
ماهانه,1403-09,آذر 1403,تامین سرمایه,اهرمی,1728.9,0.017
ماهانه,1403-09,آذر 1403,تامین سرمایه,بازنشستگی,23607.4,0.228
ماهانه,1403-09,آذر 1403,تامین سرمایه,بخشی,382324.4,3.697
ماهانه,1403-09,آذر 1403,تامین سرمایه,تضمین اصل سرمایه,18473.1,0.179
ماهانه,1403-09,آذر 1403,تامین سرمایه,درآمد ثابت,3604989.0,34.862
ماهانه,1403-09,آذر 1403,تامین سرمایه,سهامی,95957.6,0.928
ماهانه,1403-09,آذر 1403,تامین سرمایه,شاخصی,5204.3,0.05
ماهانه,1403-09,آذر 1403,تامین سرمایه,مختلط,7770.4,0.075
ماهانه,1403-09,آذر 1403,تامین سرمایه,کالایی,318706.7,3.082
ماهانه,1403-09,آذر 1403,سایر مدیران,املاک و مستغلات,20677.2,0.2
ماهانه,1403-09,آذر 1403,سایر مدیران,بازنشستگی,7254.1,0.07
ماهانه,1403-09,آذر 1403,سایر مدیران,بخشی,43730.0,0.423
ماهانه,1403-09,آذر 1403,سایر مدیران,تضمین اصل سرمایه,82.4,0.001
ماهانه,1403-09,آذر 1403,سایر مدیران,جسورانه,3191.9,0.031
ماهانه,1403-09,آذر 1403,سایر مدیران,خصوصی,16884.5,0.163
ماهانه,1403-09,آذر 1403,سایر مدیران,درآمد ثابت,2067701.8,19.996
ماهانه,1403-09,آذر 1403,سایر مدیران,سهامی,216664.8,2.095
ماهانه,1403-09,آذر 1403,سایر مدیران,شاخصی,17863.0,0.173
ماهانه,1403-09,آذر 1403,سایر مدیران,صندوق در صندوق,9105.5,0.088
ماهانه,1403-09,آذر 1403,سایر مدیران,مختلط,8944.2,0.086
ماهانه,1403-09,آذر 1403,سایر مدیران,پروژه‌ای,12955.0,0.125
ماهانه,1403-09,آذر 1403,سایر مدیران,کالایی,173730.8,1.68
ماهانه,1403-09,آذر 1403,سبد گردان اقتصاد بیدار,اهرمی,53907.4,0.521
ماهانه,1403-09,آذر 1403,سبد گردان اقتصاد بیدار,درآمد ثابت,135083.2,1.306
ماهانه,1403-09,آذر 1403,سبد گردان اقتصاد بیدار,سهامی,13558.0,0.131
ماهانه,1403-09,آذر 1403,سبد گردان کاریزما,اهرمی,184170.0,1.781
ماهانه,1403-09,آذر 1403,سبد گردان کاریزما,بازنشستگی,6471.1,0.063
ماهانه,1403-09,آذر 1403,سبد گردان کاریزما,بخشی,7256.0,0.07
ماهانه,1403-09,آذر 1403,سبد گردان کاریزما,تضمین اصل سرمایه,15991.1,0.155
ماهانه,1403-09,آذر 1403,سبد گردان کاریزما,درآمد ثابت,253337.8,2.45
ماهانه,1403-09,آذر 1403,سبد گردان کاریزما,سهامی,13104.1,0.127
ماهانه,1403-09,آذر 1403,سبد گردان کاریزما,شاخصی,3297.2,0.032
ماهانه,1403-09,آذر 1403,سبد گردان کاریزما,صندوق در صندوق,2065.7,0.02
ماهانه,1403-09,آذر 1403,سبد گردان کاریزما,مختلط,1427.6,0.014
ماهانه,1403-09,آذر 1403,سبد گردان کاریزما,کالایی,106120.2,1.026
ماهانه,1403-09,آذر 1403,سبدگردان آگاه,املاک و مستغلات,4885.6,0.047
ماهانه,1403-09,آذر 1403,سبدگردان آگاه,اهرمی,49906.0,0.483
ماهانه,1403-09,آذر 1403,سبدگردان آگاه,بخشی,15929.0,0.154
ماهانه,1403-09,آذر 1403,سبدگردان آگاه,درآمد ثابت,176476.1,1.707
ماهانه,1403-09,آذر 1403,سبدگردان آگاه,سهامی,41900.5,0.405
ماهانه,1403-09,آذر 1403,سبدگردان آگاه,مختلط,401.2,0.004
ماهانه,1403-09,آذر 1403,سبدگردان آگاه,کالایی,63266.5,0.612
ماهانه,1403-09,آذر 1403,سبدگردان توسعه فیروزه,اهرمی,91438.1,0.884
ماهانه,1403-09,آذر 1403,سبدگردان توسعه فیروزه,بخشی,13299.0,0.129
ماهانه,1403-09,آذر 1403,سبدگردان توسعه فیروزه,جسورانه,577.2,0.006
ماهانه,1403-09,آذر 1403,سبدگردان توسعه فیروزه,خصوصی,1231.5,0.012
ماهانه,1403-09,آذر 1403,سبدگردان توسعه فیروزه,درآمد ثابت,122309.1,1.183
ماهانه,1403-09,آذر 1403,سبدگردان توسعه فیروزه,سهامی,11729.6,0.113
ماهانه,1403-09,آذر 1403,سبدگردان توسعه فیروزه,شاخصی,5244.3,0.051
ماهانه,1403-09,آذر 1403,سبدگردان فارابی,اهرمی,54610.9,0.528
ماهانه,1403-09,آذر 1403,سبدگردان فارابی,بخشی,2149.4,0.021
ماهانه,1403-09,آذر 1403,سبدگردان فارابی,درآمد ثابت,119067.3,1.151
ماهانه,1403-09,آذر 1403,سبدگردان فارابی,سهامی,9353.0,0.09
ماهانه,1403-09,آذر 1403,سبدگردان فارابی,کالایی,3971.8,0.038
ماهانه,1403-09,آذر 1403,سبدگردان مفید,اهرمی,68764.2,0.665
ماهانه,1403-09,آذر 1403,سبدگردان مفید,بازنشستگی,8565.9,0.083
ماهانه,1403-09,آذر 1403,سبدگردان مفید,بخشی,44177.2,0.427
ماهانه,1403-09,آذر 1403,سبدگردان مفید,تضمین اصل سرمایه,5789.9,0.056
ماهانه,1403-09,آذر 1403,سبدگردان مفید,درآمد ثابت,838759.6,8.111
ماهانه,1403-09,آذر 1403,سبدگردان مفید,سهامی,183939.5,1.779
ماهانه,1403-09,آذر 1403,سبدگردان مفید,شاخصی,9190.7,0.089
ماهانه,1403-09,آذر 1403,سبدگردان مفید,مختلط,3837.2,0.037
ماهانه,1403-09,آذر 1403,سبدگردان مفید,کالایی,279111.5,2.699
ماهانه,1403-09,آذر 1403,مشاور سرمایه گذاری ترنج,اهرمی,30942.5,0.299
ماهانه,1403-09,آذر 1403,مشاور سرمایه گذاری ترنج,درآمد ثابت,184036.2,1.78
ماهانه,1403-09,آذر 1403,مشاور سرمایه گذاری ترنج,سهامی,23318.4,0.226
ماهانه,1403-09,آذر 1403,مشاور سرمایه گذاری ترنج,صندوق در صندوق,3850.9,0.037
ماهانه,1403-09,آذر 1403,مشاور سرمایه گذاری ترنج,مختلط,9793.1,0.095
ماهانه,1403-10,دی 1403,تامین سرمایه,املاک و مستغلات,5577.3,0.051
ماهانه,1403-10,دی 1403,تامین سرمایه,اهرمی,1814.6,0.016
ماهانه,1403-10,دی 1403,تامین سرمایه,بازنشستگی,24040.7,0.219
ماهانه,1403-10,دی 1403,تامین سرمایه,بخشی,369482.0,3.361
ماهانه,1403-10,دی 1403,تامین سرمایه,تضمین اصل سرمایه,18608.6,0.169
ماهانه,1403-10,دی 1403,تامین سرمایه,درآمد ثابت,3703631.7,33.686
ماهانه,1403-10,دی 1403,تامین سرمایه,سهامی,103644.2,0.943
ماهانه,1403-10,دی 1403,تامین سرمایه,شاخصی,5924.7,0.054
ماهانه,1403-10,دی 1403,تامین سرمایه,مختلط,7827.5,0.071
ماهانه,1403-10,دی 1403,تامین سرمایه,کالایی,330078.5,3.002
ماهانه,1403-10,دی 1403,سایر مدیران,املاک و مستغلات,20630.2,0.188
ماهانه,1403-10,دی 1403,سایر مدیران,بازنشستگی,7662.9,0.07
ماهانه,1403-10,دی 1403,سایر مدیران,بخشی,62752.4,0.571
ماهانه,1403-10,دی 1403,سایر مدیران,تضمین اصل سرمایه,135.2,0.001
ماهانه,1403-10,دی 1403,سایر مدیران,جسورانه,3704.1,0.034
ماهانه,1403-10,دی 1403,سایر مدیران,خصوصی,17930.0,0.163
ماهانه,1403-10,دی 1403,سایر مدیران,درآمد ثابت,2163624.1,19.679
ماهانه,1403-10,دی 1403,سایر مدیران,سهامی,231269.8,2.104
ماهانه,1403-10,دی 1403,سایر مدیران,شاخصی,25279.4,0.23
ماهانه,1403-10,دی 1403,سایر مدیران,صندوق در صندوق,8381.8,0.076
ماهانه,1403-10,دی 1403,سایر مدیران,مختلط,9697.0,0.088
ماهانه,1403-10,دی 1403,سایر مدیران,پروژه‌ای,12954.1,0.118
ماهانه,1403-10,دی 1403,سایر مدیران,کالایی,199565.5,1.815
ماهانه,1403-10,دی 1403,سبد گردان اقتصاد بیدار,اهرمی,64612.3,0.588
ماهانه,1403-10,دی 1403,سبد گردان اقتصاد بیدار,درآمد ثابت,167114.6,1.52
ماهانه,1403-10,دی 1403,سبد گردان اقتصاد بیدار,سهامی,14328.0,0.13
ماهانه,1403-10,دی 1403,سبد گردان کاریزما,اهرمی,201681.8,1.834
ماهانه,1403-10,دی 1403,سبد گردان کاریزما,بازنشستگی,6716.0,0.061
ماهانه,1403-10,دی 1403,سبد گردان کاریزما,بخشی,7426.0,0.068
ماهانه,1403-10,دی 1403,سبد گردان کاریزما,تضمین اصل سرمایه,19129.6,0.174
ماهانه,1403-10,دی 1403,سبد گردان کاریزما,درآمد ثابت,277914.1,2.528
ماهانه,1403-10,دی 1403,سبد گردان کاریزما,سهامی,11641.6,0.106
ماهانه,1403-10,دی 1403,سبد گردان کاریزما,شاخصی,3325.5,0.03
ماهانه,1403-10,دی 1403,سبد گردان کاریزما,صندوق در صندوق,2730.2,0.025
ماهانه,1403-10,دی 1403,سبد گردان کاریزما,مختلط,1041.3,0.01
ماهانه,1403-10,دی 1403,سبد گردان کاریزما,کالایی,110488.1,1.005
ماهانه,1403-10,دی 1403,سبدگردان آگاه,املاک و مستغلات,4987.8,0.045
ماهانه,1403-10,دی 1403,سبدگردان آگاه,اهرمی,56263.0,0.512
ماهانه,1403-10,دی 1403,سبدگردان آگاه,بازنشستگی,5309.7,0.048
ماهانه,1403-10,دی 1403,سبدگردان آگاه,بخشی,18941.6,0.172
ماهانه,1403-10,دی 1403,سبدگردان آگاه,درآمد ثابت,187523.8,1.706
ماهانه,1403-10,دی 1403,سبدگردان آگاه,سهامی,45962.8,0.418
ماهانه,1403-10,دی 1403,سبدگردان آگاه,مختلط,432.1,0.004
ماهانه,1403-10,دی 1403,سبدگردان آگاه,کالایی,63543.6,0.578
ماهانه,1403-10,دی 1403,سبدگردان توسعه فیروزه,اهرمی,108442.9,0.986
ماهانه,1403-10,دی 1403,سبدگردان توسعه فیروزه,بخشی,12028.9,0.109
ماهانه,1403-10,دی 1403,سبدگردان توسعه فیروزه,جسورانه,582.4,0.005
ماهانه,1403-10,دی 1403,سبدگردان توسعه فیروزه,خصوصی,1240.1,0.011
ماهانه,1403-10,دی 1403,سبدگردان توسعه فیروزه,درآمد ثابت,140774.6,1.28
ماهانه,1403-10,دی 1403,سبدگردان توسعه فیروزه,سهامی,11653.2,0.106
ماهانه,1403-10,دی 1403,سبدگردان توسعه فیروزه,شاخصی,4659.8,0.042
ماهانه,1403-10,دی 1403,سبدگردان توسعه فیروزه,کالایی,10125.4,0.092
ماهانه,1403-10,دی 1403,سبدگردان فارابی,اهرمی,68372.2,0.622
ماهانه,1403-10,دی 1403,سبدگردان فارابی,بخشی,2064.0,0.019
ماهانه,1403-10,دی 1403,سبدگردان فارابی,درآمد ثابت,135013.4,1.228
ماهانه,1403-10,دی 1403,سبدگردان فارابی,سهامی,9705.0,0.088
ماهانه,1403-10,دی 1403,سبدگردان فارابی,کالایی,7579.5,0.069
ماهانه,1403-10,دی 1403,سبدگردان مفید,اهرمی,77680.2,0.706
ماهانه,1403-10,دی 1403,سبدگردان مفید,بازنشستگی,10406.4,0.095
ماهانه,1403-10,دی 1403,سبدگردان مفید,بخشی,49892.8,0.454
ماهانه,1403-10,دی 1403,سبدگردان مفید,تضمین اصل سرمایه,6286.5,0.057
ماهانه,1403-10,دی 1403,سبدگردان مفید,درآمد ثابت,923132.4,8.396
ماهانه,1403-10,دی 1403,سبدگردان مفید,سهامی,198817.0,1.808
ماهانه,1403-10,دی 1403,سبدگردان مفید,شاخصی,8895.2,0.081
ماهانه,1403-10,دی 1403,سبدگردان مفید,مختلط,3657.4,0.033
ماهانه,1403-10,دی 1403,سبدگردان مفید,کالایی,309608.9,2.816
ماهانه,1403-10,دی 1403,مشاور سرمایه گذاری ترنج,اهرمی,40514.0,0.368
ماهانه,1403-10,دی 1403,مشاور سرمایه گذاری ترنج,درآمد ثابت,209641.0,1.907
ماهانه,1403-10,دی 1403,مشاور سرمایه گذاری ترنج,سهامی,23257.9,0.212
ماهانه,1403-10,دی 1403,مشاور سرمایه گذاری ترنج,صندوق در صندوق,4580.9,0.042
ماهانه,1403-10,دی 1403,مشاور سرمایه گذاری ترنج,مختلط,10714.9,0.097
ماهانه,1403-11,بهمن 1403,تامین سرمایه,املاک و مستغلات,5610.9,0.049
ماهانه,1403-11,بهمن 1403,تامین سرمایه,اهرمی,1757.1,0.015
ماهانه,1403-11,بهمن 1403,تامین سرمایه,بازنشستگی,23058.9,0.202
ماهانه,1403-11,بهمن 1403,تامین سرمایه,بخشی,364172.7,3.194
ماهانه,1403-11,بهمن 1403,تامین سرمایه,تضمین اصل سرمایه,18428.4,0.162
ماهانه,1403-11,بهمن 1403,تامین سرمایه,درآمد ثابت,3660660.0,32.103
ماهانه,1403-11,بهمن 1403,تامین سرمایه,سهامی,99021.3,0.868
ماهانه,1403-11,بهمن 1403,تامین سرمایه,شاخصی,6150.6,0.054
ماهانه,1403-11,بهمن 1403,تامین سرمایه,مختلط,7678.1,0.067
ماهانه,1403-11,بهمن 1403,تامین سرمایه,کالایی,466450.5,4.091
ماهانه,1403-11,بهمن 1403,سایر مدیران,املاک و مستغلات,20688.1,0.181
ماهانه,1403-11,بهمن 1403,سایر مدیران,بازنشستگی,7751.0,0.068
ماهانه,1403-11,بهمن 1403,سایر مدیران,بخشی,64444.7,0.565
ماهانه,1403-11,بهمن 1403,سایر مدیران,تضمین اصل سرمایه,135.1,0.001
ماهانه,1403-11,بهمن 1403,سایر مدیران,جسورانه,3766.6,0.033
ماهانه,1403-11,بهمن 1403,سایر مدیران,خصوصی,17945.1,0.157
ماهانه,1403-11,بهمن 1403,سایر مدیران,درآمد ثابت,2212022.2,19.399
ماهانه,1403-11,بهمن 1403,سایر مدیران,سهامی,220546.0,1.934
ماهانه,1403-11,بهمن 1403,سایر مدیران,شاخصی,21833.4,0.192
ماهانه,1403-11,بهمن 1403,سایر مدیران,صندوق در صندوق,8915.5,0.078
ماهانه,1403-11,بهمن 1403,سایر مدیران,مختلط,9609.0,0.084
ماهانه,1403-11,بهمن 1403,سایر مدیران,کالایی,281886.9,2.472
ماهانه,1403-11,بهمن 1403,سبد گردان اقتصاد بیدار,اهرمی,61191.1,0.537
ماهانه,1403-11,بهمن 1403,سبد گردان اقتصاد بیدار,درآمد ثابت,168222.3,1.475
ماهانه,1403-11,بهمن 1403,سبد گردان اقتصاد بیدار,سهامی,14818.2,0.13
ماهانه,1403-11,بهمن 1403,سبد گردان کاریزما,اهرمی,198801.7,1.743
ماهانه,1403-11,بهمن 1403,سبد گردان کاریزما,بازنشستگی,6404.6,0.056
ماهانه,1403-11,بهمن 1403,سبد گردان کاریزما,بخشی,7801.0,0.068
ماهانه,1403-11,بهمن 1403,سبد گردان کاریزما,تضمین اصل سرمایه,18598.2,0.163
ماهانه,1403-11,بهمن 1403,سبد گردان کاریزما,درآمد ثابت,265202.4,2.326
ماهانه,1403-11,بهمن 1403,سبد گردان کاریزما,سهامی,10391.7,0.091
ماهانه,1403-11,بهمن 1403,سبد گردان کاریزما,شاخصی,3062.3,0.027
ماهانه,1403-11,بهمن 1403,سبد گردان کاریزما,صندوق در صندوق,2370.6,0.021
ماهانه,1403-11,بهمن 1403,سبد گردان کاریزما,مختلط,1045.8,0.009
ماهانه,1403-11,بهمن 1403,سبد گردان کاریزما,کالایی,147916.9,1.297
ماهانه,1403-11,بهمن 1403,سبدگردان آگاه,املاک و مستغلات,5005.5,0.044
ماهانه,1403-11,بهمن 1403,سبدگردان آگاه,اهرمی,53124.3,0.466
ماهانه,1403-11,بهمن 1403,سبدگردان آگاه,بازنشستگی,5211.9,0.046
ماهانه,1403-11,بهمن 1403,سبدگردان آگاه,بخشی,17890.6,0.157
ماهانه,1403-11,بهمن 1403,سبدگردان آگاه,درآمد ثابت,198470.3,1.74
ماهانه,1403-11,بهمن 1403,سبدگردان آگاه,سهامی,43430.6,0.381
ماهانه,1403-11,بهمن 1403,سبدگردان آگاه,مختلط,440.7,0.004
ماهانه,1403-11,بهمن 1403,سبدگردان آگاه,کالایی,88371.2,0.775
ماهانه,1403-11,بهمن 1403,سبدگردان توسعه فیروزه,اهرمی,111185.4,0.975
ماهانه,1403-11,بهمن 1403,سبدگردان توسعه فیروزه,بخشی,18857.1,0.165
ماهانه,1403-11,بهمن 1403,سبدگردان توسعه فیروزه,جسورانه,584.0,0.005
ماهانه,1403-11,بهمن 1403,سبدگردان توسعه فیروزه,خصوصی,1251.7,0.011
ماهانه,1403-11,بهمن 1403,سبدگردان توسعه فیروزه,درآمد ثابت,143601.6,1.259
ماهانه,1403-11,بهمن 1403,سبدگردان توسعه فیروزه,سهامی,10600.1,0.093
ماهانه,1403-11,بهمن 1403,سبدگردان توسعه فیروزه,شاخصی,4769.8,0.042
ماهانه,1403-11,بهمن 1403,سبدگردان توسعه فیروزه,کالایی,16942.3,0.149
ماهانه,1403-11,بهمن 1403,سبدگردان فارابی,اهرمی,72068.1,0.632
ماهانه,1403-11,بهمن 1403,سبدگردان فارابی,بخشی,1993.7,0.017
ماهانه,1403-11,بهمن 1403,سبدگردان فارابی,درآمد ثابت,145391.9,1.275
ماهانه,1403-11,بهمن 1403,سبدگردان فارابی,سهامی,9092.8,0.08
ماهانه,1403-11,بهمن 1403,سبدگردان فارابی,کالایی,10077.9,0.088
ماهانه,1403-11,بهمن 1403,سبدگردان مفید,اهرمی,77522.5,0.68
ماهانه,1403-11,بهمن 1403,سبدگردان مفید,بازنشستگی,11272.3,0.099
ماهانه,1403-11,بهمن 1403,سبدگردان مفید,بخشی,47542.5,0.417
ماهانه,1403-11,بهمن 1403,سبدگردان مفید,تضمین اصل سرمایه,5747.1,0.05
ماهانه,1403-11,بهمن 1403,سبدگردان مفید,درآمد ثابت,938823.1,8.233
ماهانه,1403-11,بهمن 1403,سبدگردان مفید,سهامی,193880.8,1.7
ماهانه,1403-11,بهمن 1403,سبدگردان مفید,شاخصی,8035.3,0.07
ماهانه,1403-11,بهمن 1403,سبدگردان مفید,مختلط,3672.4,0.032
ماهانه,1403-11,بهمن 1403,سبدگردان مفید,کالایی,440870.8,3.866
ماهانه,1403-11,بهمن 1403,مشاور سرمایه گذاری ترنج,اهرمی,36315.5,0.318
ماهانه,1403-11,بهمن 1403,مشاور سرمایه گذاری ترنج,درآمد ثابت,208143.2,1.825
ماهانه,1403-11,بهمن 1403,مشاور سرمایه گذاری ترنج,سهامی,22087.3,0.194
ماهانه,1403-11,بهمن 1403,مشاور سرمایه گذاری ترنج,صندوق در صندوق,8703.9,0.076
ماهانه,1403-11,بهمن 1403,مشاور سرمایه گذاری ترنج,مختلط,13650.7,0.12
ماهانه,1403-12,اسفند 1403,تامین سرمایه,املاک و مستغلات,5701.3,0.048
ماهانه,1403-12,اسفند 1403,تامین سرمایه,اهرمی,1169.6,0.01
ماهانه,1403-12,اسفند 1403,تامین سرمایه,بازنشستگی,21444.2,0.179
ماهانه,1403-12,اسفند 1403,تامین سرمایه,بخشی,382849.2,3.189
ماهانه,1403-12,اسفند 1403,تامین سرمایه,تضمین اصل سرمایه,18846.2,0.157
ماهانه,1403-12,اسفند 1403,تامین سرمایه,درآمد ثابت,3731563.0,31.083
ماهانه,1403-12,اسفند 1403,تامین سرمایه,سهامی,97557.1,0.813
ماهانه,1403-12,اسفند 1403,تامین سرمایه,شاخصی,6611.0,0.055
ماهانه,1403-12,اسفند 1403,تامین سرمایه,مختلط,7633.0,0.064
ماهانه,1403-12,اسفند 1403,تامین سرمایه,کالایی,598547.0,4.986
ماهانه,1403-12,اسفند 1403,سایر مدیران,املاک و مستغلات,20802.9,0.173
ماهانه,1403-12,اسفند 1403,سایر مدیران,بازنشستگی,8043.8,0.067
ماهانه,1403-12,اسفند 1403,سایر مدیران,بخشی,70008.5,0.583
ماهانه,1403-12,اسفند 1403,سایر مدیران,تضمین اصل سرمایه,135.4,0.001
ماهانه,1403-12,اسفند 1403,سایر مدیران,جسورانه,6696.2,0.056
ماهانه,1403-12,اسفند 1403,سایر مدیران,خصوصی,17661.3,0.147
ماهانه,1403-12,اسفند 1403,سایر مدیران,درآمد ثابت,2180902.2,18.166
ماهانه,1403-12,اسفند 1403,سایر مدیران,سهامی,218178.3,1.817
ماهانه,1403-12,اسفند 1403,سایر مدیران,شاخصی,19181.8,0.16
ماهانه,1403-12,اسفند 1403,سایر مدیران,صندوق در صندوق,9546.7,0.08
ماهانه,1403-12,اسفند 1403,سایر مدیران,مختلط,9812.0,0.082
ماهانه,1403-12,اسفند 1403,سایر مدیران,پروژه‌ای,27250.4,0.227
ماهانه,1403-12,اسفند 1403,سایر مدیران,کالایی,368109.4,3.066
ماهانه,1403-12,اسفند 1403,سبد گردان اقتصاد بیدار,اهرمی,51924.2,0.432
ماهانه,1403-12,اسفند 1403,سبد گردان اقتصاد بیدار,درآمد ثابت,158930.5,1.324
ماهانه,1403-12,اسفند 1403,سبد گردان اقتصاد بیدار,سهامی,16318.8,0.136
ماهانه,1403-12,اسفند 1403,سبد گردان اقتصاد بیدار,کالایی,4421.9,0.037
ماهانه,1403-12,اسفند 1403,سبد گردان کاریزما,اهرمی,196072.4,1.633
ماهانه,1403-12,اسفند 1403,سبد گردان کاریزما,بازنشستگی,6270.4,0.052
ماهانه,1403-12,اسفند 1403,سبد گردان کاریزما,بخشی,7538.7,0.063
ماهانه,1403-12,اسفند 1403,سبد گردان کاریزما,تضمین اصل سرمایه,17333.4,0.144
ماهانه,1403-12,اسفند 1403,سبد گردان کاریزما,درآمد ثابت,273613.3,2.279
ماهانه,1403-12,اسفند 1403,سبد گردان کاریزما,سهامی,10215.6,0.085
ماهانه,1403-12,اسفند 1403,سبد گردان کاریزما,شاخصی,2765.8,0.023
ماهانه,1403-12,اسفند 1403,سبد گردان کاریزما,صندوق در صندوق,2025.5,0.017
ماهانه,1403-12,اسفند 1403,سبد گردان کاریزما,مختلط,1057.2,0.009
ماهانه,1403-12,اسفند 1403,سبد گردان کاریزما,کالایی,180198.4,1.501
ماهانه,1403-12,اسفند 1403,سبدگردان آگاه,املاک و مستغلات,5122.7,0.043
ماهانه,1403-12,اسفند 1403,سبدگردان آگاه,اهرمی,47887.5,0.399
ماهانه,1403-12,اسفند 1403,سبدگردان آگاه,بازنشستگی,5206.5,0.043
ماهانه,1403-12,اسفند 1403,سبدگردان آگاه,بخشی,17888.9,0.149
ماهانه,1403-12,اسفند 1403,سبدگردان آگاه,درآمد ثابت,210973.7,1.757
ماهانه,1403-12,اسفند 1403,سبدگردان آگاه,سهامی,40335.5,0.336
ماهانه,1403-12,اسفند 1403,سبدگردان آگاه,مختلط,438.5,0.004
ماهانه,1403-12,اسفند 1403,سبدگردان آگاه,کالایی,116202.6,0.968
ماهانه,1403-12,اسفند 1403,سبدگردان توسعه فیروزه,اهرمی,109374.5,0.911
ماهانه,1403-12,اسفند 1403,سبدگردان توسعه فیروزه,بخشی,17648.5,0.147
ماهانه,1403-12,اسفند 1403,سبدگردان توسعه فیروزه,جسورانه,583.1,0.005
ماهانه,1403-12,اسفند 1403,سبدگردان توسعه فیروزه,خصوصی,1262.4,0.01
ماهانه,1403-12,اسفند 1403,سبدگردان توسعه فیروزه,درآمد ثابت,134073.3,1.117
ماهانه,1403-12,اسفند 1403,سبدگردان توسعه فیروزه,سهامی,9546.2,0.08
ماهانه,1403-12,اسفند 1403,سبدگردان توسعه فیروزه,شاخصی,4718.7,0.039
ماهانه,1403-12,اسفند 1403,سبدگردان توسعه فیروزه,کالایی,29430.2,0.245
ماهانه,1403-12,اسفند 1403,سبدگردان فارابی,اهرمی,69384.1,0.578
ماهانه,1403-12,اسفند 1403,سبدگردان فارابی,بخشی,1957.5,0.016
ماهانه,1403-12,اسفند 1403,سبدگردان فارابی,درآمد ثابت,150100.4,1.25
ماهانه,1403-12,اسفند 1403,سبدگردان فارابی,سهامی,8482.9,0.071
ماهانه,1403-12,اسفند 1403,سبدگردان فارابی,کالایی,14417.4,0.12
ماهانه,1403-12,اسفند 1403,سبدگردان مفید,اهرمی,82294.8,0.686
ماهانه,1403-12,اسفند 1403,سبدگردان مفید,بازنشستگی,12076.7,0.101
ماهانه,1403-12,اسفند 1403,سبدگردان مفید,بخشی,52054.1,0.434
ماهانه,1403-12,اسفند 1403,سبدگردان مفید,تضمین اصل سرمایه,5475.3,0.046
ماهانه,1403-12,اسفند 1403,سبدگردان مفید,درآمد ثابت,1008986.7,8.405
ماهانه,1403-12,اسفند 1403,سبدگردان مفید,سهامی,187621.1,1.563
ماهانه,1403-12,اسفند 1403,سبدگردان مفید,شاخصی,8098.4,0.068
ماهانه,1403-12,اسفند 1403,سبدگردان مفید,مختلط,3457.3,0.029
ماهانه,1403-12,اسفند 1403,سبدگردان مفید,کالایی,580511.7,4.836
ماهانه,1403-12,اسفند 1403,مشاور سرمایه گذاری ترنج,اهرمی,33295.5,0.277
ماهانه,1403-12,اسفند 1403,مشاور سرمایه گذاری ترنج,درآمد ثابت,224369.3,1.869
ماهانه,1403-12,اسفند 1403,مشاور سرمایه گذاری ترنج,سهامی,19956.7,0.166
ماهانه,1403-12,اسفند 1403,مشاور سرمایه گذاری ترنج,صندوق در صندوق,14411.9,0.12
ماهانه,1403-12,اسفند 1403,مشاور سرمایه گذاری ترنج,مختلط,20650.1,0.172
ماهانه,1404-01,فروردین 1404,تامین سرمایه,املاک و مستغلات,5788.3,0.046
ماهانه,1404-01,فروردین 1404,تامین سرمایه,اهرمی,5394.5,0.043
ماهانه,1404-01,فروردین 1404,تامین سرمایه,بازنشستگی,24591.3,0.198
ماهانه,1404-01,فروردین 1404,تامین سرمایه,بخشی,466470.9,3.75
ماهانه,1404-01,فروردین 1404,تامین سرمایه,تضمین اصل سرمایه,19184.3,0.154
ماهانه,1404-01,فروردین 1404,تامین سرمایه,درآمد ثابت,3862619.3,31.05
ماهانه,1404-01,فروردین 1404,تامین سرمایه,سهامی,108453.7,0.872
ماهانه,1404-01,فروردین 1404,تامین سرمایه,شاخصی,7490.1,0.06
ماهانه,1404-01,فروردین 1404,تامین سرمایه,مختلط,8349.1,0.067
ماهانه,1404-01,فروردین 1404,تامین سرمایه,کالایی,479090.4,3.851
ماهانه,1404-01,فروردین 1404,سایر مدیران,املاک و مستغلات,20929.9,0.168
ماهانه,1404-01,فروردین 1404,سایر مدیران,بازنشستگی,9397.9,0.076
ماهانه,1404-01,فروردین 1404,سایر مدیران,بخشی,79217.8,0.637
ماهانه,1404-01,فروردین 1404,سایر مدیران,تضمین اصل سرمایه,162.1,0.001
ماهانه,1404-01,فروردین 1404,سایر مدیران,جسورانه,6685.9,0.054
ماهانه,1404-01,فروردین 1404,سایر مدیران,خصوصی,17954.5,0.144
ماهانه,1404-01,فروردین 1404,سایر مدیران,درآمد ثابت,2273560.8,18.276
ماهانه,1404-01,فروردین 1404,سایر مدیران,سهامی,251645.1,2.023
ماهانه,1404-01,فروردین 1404,سایر مدیران,شاخصی,23890.9,0.192
ماهانه,1404-01,فروردین 1404,سایر مدیران,صندوق در صندوق,8876.6,0.071
ماهانه,1404-01,فروردین 1404,سایر مدیران,مختلط,11510.5,0.092
ماهانه,1404-01,فروردین 1404,سایر مدیران,پروژه‌ای,27249.8,0.219
ماهانه,1404-01,فروردین 1404,سایر مدیران,کالایی,290727.6,2.337
ماهانه,1404-01,فروردین 1404,سبد گردان اقتصاد بیدار,اهرمی,60826.6,0.489
ماهانه,1404-01,فروردین 1404,سبد گردان اقتصاد بیدار,درآمد ثابت,210264.8,1.69
ماهانه,1404-01,فروردین 1404,سبد گردان اقتصاد بیدار,سهامی,23675.0,0.19
ماهانه,1404-01,فروردین 1404,سبد گردان اقتصاد بیدار,کالایی,3700.0,0.03
ماهانه,1404-01,فروردین 1404,سبد گردان کاریزما,اهرمی,229540.7,1.845
ماهانه,1404-01,فروردین 1404,سبد گردان کاریزما,بازنشستگی,6796.1,0.055
ماهانه,1404-01,فروردین 1404,سبد گردان کاریزما,بخشی,8133.7,0.065
ماهانه,1404-01,فروردین 1404,سبد گردان کاریزما,تضمین اصل سرمایه,18764.9,0.151
ماهانه,1404-01,فروردین 1404,سبد گردان کاریزما,درآمد ثابت,286770.3,2.305
ماهانه,1404-01,فروردین 1404,سبد گردان کاریزما,سهامی,14279.2,0.115
ماهانه,1404-01,فروردین 1404,سبد گردان کاریزما,شاخصی,3158.5,0.025
ماهانه,1404-01,فروردین 1404,سبد گردان کاریزما,صندوق در صندوق,3394.7,0.027
ماهانه,1404-01,فروردین 1404,سبد گردان کاریزما,مختلط,1047.4,0.008
ماهانه,1404-01,فروردین 1404,سبد گردان کاریزما,کالایی,146195.7,1.175
ماهانه,1404-01,فروردین 1404,سبدگردان آگاه,املاک و مستغلات,5224.2,0.042
ماهانه,1404-01,فروردین 1404,سبدگردان آگاه,اهرمی,61854.7,0.497
ماهانه,1404-01,فروردین 1404,سبدگردان آگاه,بازنشستگی,5730.2,0.046
ماهانه,1404-01,فروردین 1404,سبدگردان آگاه,بخشی,22361.3,0.18
ماهانه,1404-01,فروردین 1404,سبدگردان آگاه,درآمد ثابت,249493.7,2.006
ماهانه,1404-01,فروردین 1404,سبدگردان آگاه,سهامی,54578.6,0.439
ماهانه,1404-01,فروردین 1404,سبدگردان آگاه,مختلط,475.5,0.004
ماهانه,1404-01,فروردین 1404,سبدگردان آگاه,کالایی,89988.4,0.723
ماهانه,1404-01,فروردین 1404,سبدگردان توسعه فیروزه,اهرمی,127952.4,1.029
ماهانه,1404-01,فروردین 1404,سبدگردان توسعه فیروزه,بخشی,18789.5,0.151
ماهانه,1404-01,فروردین 1404,سبدگردان توسعه فیروزه,جسورانه,587.1,0.005
ماهانه,1404-01,فروردین 1404,سبدگردان توسعه فیروزه,خصوصی,1275.7,0.01
ماهانه,1404-01,فروردین 1404,سبدگردان توسعه فیروزه,درآمد ثابت,154009.0,1.238
ماهانه,1404-01,فروردین 1404,سبدگردان توسعه فیروزه,سهامی,13639.9,0.11
ماهانه,1404-01,فروردین 1404,سبدگردان توسعه فیروزه,شاخصی,8884.2,0.071
ماهانه,1404-01,فروردین 1404,سبدگردان توسعه فیروزه,کالایی,21125.4,0.17
ماهانه,1404-01,فروردین 1404,سبدگردان فارابی,اهرمی,76985.1,0.619
ماهانه,1404-01,فروردین 1404,سبدگردان فارابی,بخشی,2423.2,0.02
ماهانه,1404-01,فروردین 1404,سبدگردان فارابی,درآمد ثابت,162541.4,1.307
ماهانه,1404-01,فروردین 1404,سبدگردان فارابی,سهامی,12559.4,0.101
ماهانه,1404-01,فروردین 1404,سبدگردان فارابی,کالایی,18244.7,0.147
ماهانه,1404-01,فروردین 1404,سبدگردان مفید,اهرمی,96021.0,0.772
ماهانه,1404-01,فروردین 1404,سبدگردان مفید,بازنشستگی,13665.9,0.11
ماهانه,1404-01,فروردین 1404,سبدگردان مفید,بخشی,61506.8,0.494
ماهانه,1404-01,فروردین 1404,سبدگردان مفید,تضمین اصل سرمایه,6044.2,0.049
ماهانه,1404-01,فروردین 1404,سبدگردان مفید,درآمد ثابت,1074313.2,8.636
ماهانه,1404-01,فروردین 1404,سبدگردان مفید,سهامی,216854.3,1.743
ماهانه,1404-01,فروردین 1404,سبدگردان مفید,شاخصی,10559.9,0.085
ماهانه,1404-01,فروردین 1404,سبدگردان مفید,مختلط,3727.6,0.03
ماهانه,1404-01,فروردین 1404,سبدگردان مفید,کالایی,484798.6,3.897
ماهانه,1404-01,فروردین 1404,مشاور سرمایه گذاری ترنج,اهرمی,39051.6,0.314
ماهانه,1404-01,فروردین 1404,مشاور سرمایه گذاری ترنج,درآمد ثابت,235139.3,1.89
ماهانه,1404-01,فروردین 1404,مشاور سرمایه گذاری ترنج,سهامی,31350.4,0.252
ماهانه,1404-01,فروردین 1404,مشاور سرمایه گذاری ترنج,صندوق در صندوق,8568.0,0.069
ماهانه,1404-01,فروردین 1404,مشاور سرمایه گذاری ترنج,مختلط,23855.5,0.192
ماهانه,1404-02,اردیبهشت 1404,تامین سرمایه,املاک و مستغلات,5557.3,0.042
ماهانه,1404-02,اردیبهشت 1404,تامین سرمایه,اهرمی,10278.7,0.077
ماهانه,1404-02,اردیبهشت 1404,تامین سرمایه,بازنشستگی,24298.0,0.183
ماهانه,1404-02,اردیبهشت 1404,تامین سرمایه,بخشی,459003.2,3.456
ماهانه,1404-02,اردیبهشت 1404,تامین سرمایه,تضمین اصل سرمایه,20477.5,0.154
ماهانه,1404-02,اردیبهشت 1404,تامین سرمایه,درآمد ثابت,4152564.4,31.267
ماهانه,1404-02,اردیبهشت 1404,تامین سرمایه,سهامی,117118.0,0.882
ماهانه,1404-02,اردیبهشت 1404,تامین سرمایه,شاخصی,7754.6,0.058
ماهانه,1404-02,اردیبهشت 1404,تامین سرمایه,مختلط,8772.3,0.066
ماهانه,1404-02,اردیبهشت 1404,تامین سرمایه,کالایی,473637.2,3.566
ماهانه,1404-02,اردیبهشت 1404,سایر مدیران,املاک و مستغلات,21016.7,0.158
ماهانه,1404-02,اردیبهشت 1404,سایر مدیران,اهرمی,19235.0,0.145
ماهانه,1404-02,اردیبهشت 1404,سایر مدیران,بازنشستگی,9569.5,0.072
ماهانه,1404-02,اردیبهشت 1404,سایر مدیران,بخشی,86716.5,0.653
ماهانه,1404-02,اردیبهشت 1404,سایر مدیران,تضمین اصل سرمایه,430.9,0.003
ماهانه,1404-02,اردیبهشت 1404,سایر مدیران,جسورانه,6789.1,0.051
ماهانه,1404-02,اردیبهشت 1404,سایر مدیران,خصوصی,19390.5,0.146
ماهانه,1404-02,اردیبهشت 1404,سایر مدیران,درآمد ثابت,2495315.2,18.789
ماهانه,1404-02,اردیبهشت 1404,سایر مدیران,سهامی,268454.9,2.021
ماهانه,1404-02,اردیبهشت 1404,سایر مدیران,شاخصی,27254.9,0.205
ماهانه,1404-02,اردیبهشت 1404,سایر مدیران,صندوق در صندوق,9150.2,0.069
ماهانه,1404-02,اردیبهشت 1404,سایر مدیران,مختلط,12420.6,0.094
ماهانه,1404-02,اردیبهشت 1404,سایر مدیران,پروژه‌ای,27249.2,0.205
ماهانه,1404-02,اردیبهشت 1404,سایر مدیران,کالایی,291321.9,2.194
ماهانه,1404-02,اردیبهشت 1404,سبد گردان اقتصاد بیدار,اهرمی,63668.5,0.479
ماهانه,1404-02,اردیبهشت 1404,سبد گردان اقتصاد بیدار,درآمد ثابت,204330.2,1.538
ماهانه,1404-02,اردیبهشت 1404,سبد گردان اقتصاد بیدار,سهامی,22834.3,0.172
ماهانه,1404-02,اردیبهشت 1404,سبد گردان اقتصاد بیدار,کالایی,4138.8,0.031
ماهانه,1404-02,اردیبهشت 1404,سبد گردان کاریزما,اهرمی,232531.9,1.751
ماهانه,1404-02,اردیبهشت 1404,سبد گردان کاریزما,بازنشستگی,7038.6,0.053
ماهانه,1404-02,اردیبهشت 1404,سبد گردان کاریزما,بخشی,13888.2,0.105
ماهانه,1404-02,اردیبهشت 1404,سبد گردان کاریزما,تضمین اصل سرمایه,19789.3,0.149
ماهانه,1404-02,اردیبهشت 1404,سبد گردان کاریزما,درآمد ثابت,307169.9,2.313
ماهانه,1404-02,اردیبهشت 1404,سبد گردان کاریزما,سهامی,14249.9,0.107
ماهانه,1404-02,اردیبهشت 1404,سبد گردان کاریزما,شاخصی,3276.4,0.025
ماهانه,1404-02,اردیبهشت 1404,سبد گردان کاریزما,صندوق در صندوق,2694.6,0.02
ماهانه,1404-02,اردیبهشت 1404,سبد گردان کاریزما,مختلط,1432.9,0.011
ماهانه,1404-02,اردیبهشت 1404,سبد گردان کاریزما,کالایی,141315.2,1.064
ماهانه,1404-02,اردیبهشت 1404,سبدگردان آگاه,املاک و مستغلات,5311.0,0.04
ماهانه,1404-02,اردیبهشت 1404,سبدگردان آگاه,اهرمی,70573.6,0.531
ماهانه,1404-02,اردیبهشت 1404,سبدگردان آگاه,بازنشستگی,6090.2,0.046
ماهانه,1404-02,اردیبهشت 1404,سبدگردان آگاه,بخشی,29890.9,0.225
ماهانه,1404-02,اردیبهشت 1404,سبدگردان آگاه,درآمد ثابت,286934.5,2.16
ماهانه,1404-02,اردیبهشت 1404,سبدگردان آگاه,سهامی,58356.9,0.439
ماهانه,1404-02,اردیبهشت 1404,سبدگردان آگاه,مختلط,503.5,0.004
ماهانه,1404-02,اردیبهشت 1404,سبدگردان آگاه,کالایی,84745.9,0.638
ماهانه,1404-02,اردیبهشت 1404,سبدگردان توسعه فیروزه,اهرمی,145741.4,1.097
ماهانه,1404-02,اردیبهشت 1404,سبدگردان توسعه فیروزه,بخشی,16830.8,0.127
ماهانه,1404-02,اردیبهشت 1404,سبدگردان توسعه فیروزه,جسورانه,588.9,0.004
ماهانه,1404-02,اردیبهشت 1404,سبدگردان توسعه فیروزه,خصوصی,1281.3,0.01
ماهانه,1404-02,اردیبهشت 1404,سبدگردان توسعه فیروزه,درآمد ثابت,183040.3,1.378
ماهانه,1404-02,اردیبهشت 1404,سبدگردان توسعه فیروزه,سهامی,14254.9,0.107
ماهانه,1404-02,اردیبهشت 1404,سبدگردان توسعه فیروزه,شاخصی,8644.2,0.065
ماهانه,1404-02,اردیبهشت 1404,سبدگردان توسعه فیروزه,کالایی,19223.1,0.145
ماهانه,1404-02,اردیبهشت 1404,سبدگردان فارابی,اهرمی,77916.0,0.587
ماهانه,1404-02,اردیبهشت 1404,سبدگردان فارابی,بخشی,2446.5,0.018
ماهانه,1404-02,اردیبهشت 1404,سبدگردان فارابی,درآمد ثابت,197046.7,1.484
ماهانه,1404-02,اردیبهشت 1404,سبدگردان فارابی,سهامی,12523.0,0.094
ماهانه,1404-02,اردیبهشت 1404,سبدگردان فارابی,کالایی,15313.5,0.115
ماهانه,1404-02,اردیبهشت 1404,سبدگردان مفید,اهرمی,112914.7,0.85
ماهانه,1404-02,اردیبهشت 1404,سبدگردان مفید,بازنشستگی,16776.7,0.126
ماهانه,1404-02,اردیبهشت 1404,سبدگردان مفید,بخشی,64374.7,0.485
ماهانه,1404-02,اردیبهشت 1404,سبدگردان مفید,تضمین اصل سرمایه,8058.9,0.061
ماهانه,1404-02,اردیبهشت 1404,سبدگردان مفید,درآمد ثابت,1110039.1,8.358
ماهانه,1404-02,اردیبهشت 1404,سبدگردان مفید,سهامی,233328.1,1.757
ماهانه,1404-02,اردیبهشت 1404,سبدگردان مفید,شاخصی,10825.7,0.082
ماهانه,1404-02,اردیبهشت 1404,سبدگردان مفید,مختلط,3953.3,0.03
ماهانه,1404-02,اردیبهشت 1404,سبدگردان مفید,کالایی,495330.1,3.73
ماهانه,1404-02,اردیبهشت 1404,مشاور سرمایه گذاری ترنج,اهرمی,55168.0,0.415
ماهانه,1404-02,اردیبهشت 1404,مشاور سرمایه گذاری ترنج,درآمد ثابت,258683.3,1.948
ماهانه,1404-02,اردیبهشت 1404,مشاور سرمایه گذاری ترنج,سهامی,28395.1,0.214
ماهانه,1404-02,اردیبهشت 1404,مشاور سرمایه گذاری ترنج,صندوق در صندوق,7692.6,0.058
ماهانه,1404-02,اردیبهشت 1404,مشاور سرمایه گذاری ترنج,مختلط,25904.0,0.195
ماهانه,1404-03,خرداد 1404,تامین سرمایه,املاک و مستغلات,5586.7,0.042
ماهانه,1404-03,خرداد 1404,تامین سرمایه,اهرمی,9916.3,0.075
ماهانه,1404-03,خرداد 1404,تامین سرمایه,بازنشستگی,22906.4,0.173
ماهانه,1404-03,خرداد 1404,تامین سرمایه,بخشی,422553.0,3.193
ماهانه,1404-03,خرداد 1404,تامین سرمایه,تضمین اصل سرمایه,20116.3,0.152
ماهانه,1404-03,خرداد 1404,تامین سرمایه,درآمد ثابت,4181757.4,31.599
ماهانه,1404-03,خرداد 1404,تامین سرمایه,سهامی,112000.5,0.846
ماهانه,1404-03,خرداد 1404,تامین سرمایه,شاخصی,7457.6,0.056
ماهانه,1404-03,خرداد 1404,تامین سرمایه,مختلط,8747.8,0.066
ماهانه,1404-03,خرداد 1404,تامین سرمایه,کالایی,480825.4,3.633
ماهانه,1404-03,خرداد 1404,سایر مدیران,املاک و مستغلات,21111.3,0.16
ماهانه,1404-03,خرداد 1404,سایر مدیران,اهرمی,16814.3,0.127
ماهانه,1404-03,خرداد 1404,سایر مدیران,بازنشستگی,14659.9,0.111
ماهانه,1404-03,خرداد 1404,سایر مدیران,بخشی,81859.6,0.619
ماهانه,1404-03,خرداد 1404,سایر مدیران,تضمین اصل سرمایه,441.0,0.003
ماهانه,1404-03,خرداد 1404,سایر مدیران,جسورانه,6584.1,0.05
ماهانه,1404-03,خرداد 1404,سایر مدیران,خصوصی,19452.9,0.147
ماهانه,1404-03,خرداد 1404,سایر مدیران,درآمد ثابت,2561520.4,19.356
ماهانه,1404-03,خرداد 1404,سایر مدیران,سهامی,253769.0,1.918
ماهانه,1404-03,خرداد 1404,سایر مدیران,شاخصی,22398.4,0.169
ماهانه,1404-03,خرداد 1404,سایر مدیران,صندوق در صندوق,8743.2,0.066
ماهانه,1404-03,خرداد 1404,سایر مدیران,مختلط,12585.9,0.095
ماهانه,1404-03,خرداد 1404,سایر مدیران,پروژه‌ای,27248.5,0.206
ماهانه,1404-03,خرداد 1404,سایر مدیران,کالایی,293501.1,2.218
ماهانه,1404-03,خرداد 1404,سبد گردان اقتصاد بیدار,اهرمی,62500.8,0.472
ماهانه,1404-03,خرداد 1404,سبد گردان اقتصاد بیدار,درآمد ثابت,215311.8,1.627
ماهانه,1404-03,خرداد 1404,سبد گردان اقتصاد بیدار,سهامی,22436.9,0.169
ماهانه,1404-03,خرداد 1404,سبد گردان اقتصاد بیدار,کالایی,4384.1,0.033
ماهانه,1404-03,خرداد 1404,سبد گردان کاریزما,اهرمی,226795.2,1.714
ماهانه,1404-03,خرداد 1404,سبد گردان کاریزما,بازنشستگی,6815.8,0.052
ماهانه,1404-03,خرداد 1404,سبد گردان کاریزما,بخشی,13040.0,0.098
ماهانه,1404-03,خرداد 1404,سبد گردان کاریزما,تضمین اصل سرمایه,19460.3,0.147
ماهانه,1404-03,خرداد 1404,سبد گردان کاریزما,درآمد ثابت,312382.2,2.36
ماهانه,1404-03,خرداد 1404,سبد گردان کاریزما,سهامی,13473.6,0.102
ماهانه,1404-03,خرداد 1404,سبد گردان کاریزما,شاخصی,3196.3,0.024
ماهانه,1404-03,خرداد 1404,سبد گردان کاریزما,صندوق در صندوق,2288.6,0.017
ماهانه,1404-03,خرداد 1404,سبد گردان کاریزما,مختلط,1439.3,0.011
ماهانه,1404-03,خرداد 1404,سبد گردان کاریزما,کالایی,141758.9,1.071
ماهانه,1404-03,خرداد 1404,سبدگردان آگاه,املاک و مستغلات,5271.5,0.04
ماهانه,1404-03,خرداد 1404,سبدگردان آگاه,اهرمی,61967.5,0.468
ماهانه,1404-03,خرداد 1404,سبدگردان آگاه,بازنشستگی,5930.1,0.045
ماهانه,1404-03,خرداد 1404,سبدگردان آگاه,بخشی,28997.4,0.219
ماهانه,1404-03,خرداد 1404,سبدگردان آگاه,درآمد ثابت,319167.3,2.412
ماهانه,1404-03,خرداد 1404,سبدگردان آگاه,سهامی,49994.2,0.378
ماهانه,1404-03,خرداد 1404,سبدگردان آگاه,مختلط,499.2,0.004
ماهانه,1404-03,خرداد 1404,سبدگردان آگاه,کالایی,85540.7,0.646
ماهانه,1404-03,خرداد 1404,سبدگردان توسعه فیروزه,اهرمی,132980.3,1.005
ماهانه,1404-03,خرداد 1404,سبدگردان توسعه فیروزه,بخشی,16127.5,0.122
ماهانه,1404-03,خرداد 1404,سبدگردان توسعه فیروزه,جسورانه,588.0,0.004
ماهانه,1404-03,خرداد 1404,سبدگردان توسعه فیروزه,خصوصی,1286.5,0.01
ماهانه,1404-03,خرداد 1404,سبدگردان توسعه فیروزه,درآمد ثابت,165324.2,1.249
ماهانه,1404-03,خرداد 1404,سبدگردان توسعه فیروزه,سهامی,13481.6,0.102
ماهانه,1404-03,خرداد 1404,سبدگردان توسعه فیروزه,شاخصی,7557.6,0.057
ماهانه,1404-03,خرداد 1404,سبدگردان توسعه فیروزه,کالایی,18101.6,0.137
ماهانه,1404-03,خرداد 1404,سبدگردان فارابی,اهرمی,75400.7,0.57
ماهانه,1404-03,خرداد 1404,سبدگردان فارابی,بخشی,2186.2,0.016
ماهانه,1404-03,خرداد 1404,سبدگردان فارابی,درآمد ثابت,182489.2,1.379
ماهانه,1404-03,خرداد 1404,سبدگردان فارابی,سهامی,10276.4,0.078
ماهانه,1404-03,خرداد 1404,سبدگردان فارابی,کالایی,12139.4,0.092
ماهانه,1404-03,خرداد 1404,سبدگردان مفید,اهرمی,116039.9,0.877
ماهانه,1404-03,خرداد 1404,سبدگردان مفید,بازنشستگی,17675.8,0.134
ماهانه,1404-03,خرداد 1404,سبدگردان مفید,بخشی,60353.4,0.456
ماهانه,1404-03,خرداد 1404,سبدگردان مفید,تضمین اصل سرمایه,8406.5,0.064
ماهانه,1404-03,خرداد 1404,سبدگردان مفید,درآمد ثابت,1067537.8,8.067
ماهانه,1404-03,خرداد 1404,سبدگردان مفید,سهامی,223637.3,1.69
ماهانه,1404-03,خرداد 1404,سبدگردان مفید,شاخصی,9192.5,0.069
ماهانه,1404-03,خرداد 1404,سبدگردان مفید,مختلط,3874.4,0.029
ماهانه,1404-03,خرداد 1404,سبدگردان مفید,کالایی,511584.0,3.866
ماهانه,1404-03,خرداد 1404,مشاور سرمایه گذاری ترنج,اهرمی,63163.0,0.477
ماهانه,1404-03,خرداد 1404,مشاور سرمایه گذاری ترنج,درآمد ثابت,239640.4,1.811
ماهانه,1404-03,خرداد 1404,مشاور سرمایه گذاری ترنج,سهامی,25817.3,0.195
ماهانه,1404-03,خرداد 1404,مشاور سرمایه گذاری ترنج,صندوق در صندوق,6382.0,0.048
ماهانه,1404-03,خرداد 1404,مشاور سرمایه گذاری ترنج,مختلط,27560.6,0.208
ماهانه,1404-04,تیر 1404,تامین سرمایه,املاک و مستغلات,9348.1,0.069
ماهانه,1404-04,تیر 1404,تامین سرمایه,اهرمی,8601.5,0.063
ماهانه,1404-04,تیر 1404,تامین سرمایه,بازنشستگی,19269.3,0.142
ماهانه,1404-04,تیر 1404,تامین سرمایه,بخشی,403862.5,2.977
ماهانه,1404-04,تیر 1404,تامین سرمایه,تضمین اصل سرمایه,19621.6,0.145
ماهانه,1404-04,تیر 1404,تامین سرمایه,درآمد ثابت,4231516.0,31.194
ماهانه,1404-04,تیر 1404,تامین سرمایه,سهامی,104447.7,0.77
ماهانه,1404-04,تیر 1404,تامین سرمایه,شاخصی,7051.1,0.052
ماهانه,1404-04,تیر 1404,تامین سرمایه,مختلط,8583.6,0.063
ماهانه,1404-04,تیر 1404,تامین سرمایه,کالایی,533274.1,3.931
ماهانه,1404-04,تیر 1404,سایر مدیران,املاک و مستغلات,21253.8,0.157
ماهانه,1404-04,تیر 1404,سایر مدیران,اهرمی,14359.8,0.106
ماهانه,1404-04,تیر 1404,سایر مدیران,بازنشستگی,14606.4,0.108
ماهانه,1404-04,تیر 1404,سایر مدیران,بخشی,75763.0,0.558
ماهانه,1404-04,تیر 1404,سایر مدیران,تضمین اصل سرمایه,456.0,0.003
ماهانه,1404-04,تیر 1404,سایر مدیران,جسورانه,6681.0,0.049
ماهانه,1404-04,تیر 1404,سایر مدیران,خصوصی,18753.5,0.138
ماهانه,1404-04,تیر 1404,سایر مدیران,درآمد ثابت,2595854.1,19.136
ماهانه,1404-04,تیر 1404,سایر مدیران,سهامی,230721.7,1.701
ماهانه,1404-04,تیر 1404,سایر مدیران,شاخصی,17852.1,0.132
ماهانه,1404-04,تیر 1404,سایر مدیران,صندوق در صندوق,7912.5,0.058
ماهانه,1404-04,تیر 1404,سایر مدیران,مختلط,11554.7,0.085
ماهانه,1404-04,تیر 1404,سایر مدیران,پروژه‌ای,27247.9,0.201
ماهانه,1404-04,تیر 1404,سایر مدیران,کالایی,338388.9,2.494
ماهانه,1404-04,تیر 1404,سبد گردان اقتصاد بیدار,اهرمی,45775.8,0.337
ماهانه,1404-04,تیر 1404,سبد گردان اقتصاد بیدار,درآمد ثابت,241118.1,1.777
ماهانه,1404-04,تیر 1404,سبد گردان اقتصاد بیدار,سهامی,20943.8,0.154
ماهانه,1404-04,تیر 1404,سبد گردان اقتصاد بیدار,کالایی,9931.9,0.073
ماهانه,1404-04,تیر 1404,سبد گردان کاریزما,اهرمی,197353.4,1.455
ماهانه,1404-04,تیر 1404,سبد گردان کاریزما,بازنشستگی,6246.1,0.046
ماهانه,1404-04,تیر 1404,سبد گردان کاریزما,بخشی,11547.1,0.085
ماهانه,1404-04,تیر 1404,سبد گردان کاریزما,تضمین اصل سرمایه,18722.2,0.138
ماهانه,1404-04,تیر 1404,سبد گردان کاریزما,درآمد ثابت,337125.4,2.485
ماهانه,1404-04,تیر 1404,سبد گردان کاریزما,سهامی,10916.8,0.08
ماهانه,1404-04,تیر 1404,سبد گردان کاریزما,شاخصی,2870.3,0.021
ماهانه,1404-04,تیر 1404,سبد گردان کاریزما,صندوق در صندوق,1734.3,0.013
ماهانه,1404-04,تیر 1404,سبد گردان کاریزما,مختلط,1412.8,0.01
ماهانه,1404-04,تیر 1404,سبد گردان کاریزما,کالایی,158983.4,1.172
ماهانه,1404-04,تیر 1404,سبدگردان آگاه,املاک و مستغلات,5267.3,0.039
ماهانه,1404-04,تیر 1404,سبدگردان آگاه,اهرمی,48114.2,0.355
ماهانه,1404-04,تیر 1404,سبدگردان آگاه,بازنشستگی,5722.5,0.042
ماهانه,1404-04,تیر 1404,سبدگردان آگاه,بخشی,23603.3,0.174
ماهانه,1404-04,تیر 1404,سبدگردان آگاه,درآمد ثابت,291933.5,2.152
ماهانه,1404-04,تیر 1404,سبدگردان آگاه,سهامی,42889.4,0.316
ماهانه,1404-04,تیر 1404,سبدگردان آگاه,مختلط,490.5,0.004
ماهانه,1404-04,تیر 1404,سبدگردان آگاه,کالایی,100517.9,0.741
ماهانه,1404-04,تیر 1404,سبدگردان توسعه فیروزه,اهرمی,121229.8,0.894
ماهانه,1404-04,تیر 1404,سبدگردان توسعه فیروزه,بخشی,19987.4,0.147
ماهانه,1404-04,تیر 1404,سبدگردان توسعه فیروزه,جسورانه,592.3,0.004
ماهانه,1404-04,تیر 1404,سبدگردان توسعه فیروزه,خصوصی,1292.9,0.01
ماهانه,1404-04,تیر 1404,سبدگردان توسعه فیروزه,درآمد ثابت,179844.0,1.326
ماهانه,1404-04,تیر 1404,سبدگردان توسعه فیروزه,سهامی,12207.6,0.09
ماهانه,1404-04,تیر 1404,سبدگردان توسعه فیروزه,شاخصی,6970.4,0.051
ماهانه,1404-04,تیر 1404,سبدگردان توسعه فیروزه,کالایی,24454.3,0.18
ماهانه,1404-04,تیر 1404,سبدگردان فارابی,اهرمی,61595.7,0.454
ماهانه,1404-04,تیر 1404,سبدگردان فارابی,بخشی,2298.2,0.017
ماهانه,1404-04,تیر 1404,سبدگردان فارابی,درآمد ثابت,209126.6,1.542
ماهانه,1404-04,تیر 1404,سبدگردان فارابی,سهامی,9713.9,0.072
ماهانه,1404-04,تیر 1404,سبدگردان فارابی,کالایی,9252.2,0.068
ماهانه,1404-04,تیر 1404,سبدگردان مفید,اهرمی,95231.7,0.702
ماهانه,1404-04,تیر 1404,سبدگردان مفید,بازنشستگی,15770.6,0.116
ماهانه,1404-04,تیر 1404,سبدگردان مفید,بخشی,53930.0,0.398
ماهانه,1404-04,تیر 1404,سبدگردان مفید,تضمین اصل سرمایه,6578.9,0.048
ماهانه,1404-04,تیر 1404,سبدگردان مفید,درآمد ثابت,1242366.7,9.158
ماهانه,1404-04,تیر 1404,سبدگردان مفید,سهامی,202770.0,1.495
ماهانه,1404-04,تیر 1404,سبدگردان مفید,شاخصی,7741.5,0.057
ماهانه,1404-04,تیر 1404,سبدگردان مفید,مختلط,3595.1,0.026
ماهانه,1404-04,تیر 1404,سبدگردان مفید,کالایی,591557.4,4.361
ماهانه,1404-04,تیر 1404,مشاور سرمایه گذاری ترنج,اهرمی,51744.8,0.382
ماهانه,1404-04,تیر 1404,مشاور سرمایه گذاری ترنج,درآمد ثابت,277027.1,2.042
ماهانه,1404-04,تیر 1404,مشاور سرمایه گذاری ترنج,سهامی,21672.6,0.16
ماهانه,1404-04,تیر 1404,مشاور سرمایه گذاری ترنج,صندوق در صندوق,5547.3,0.041
ماهانه,1404-04,تیر 1404,مشاور سرمایه گذاری ترنج,مختلط,20929.2,0.154
ماهانه,1404-05,مرداد 1404,تامین سرمایه,املاک و مستغلات,9475.4,0.067
ماهانه,1404-05,مرداد 1404,تامین سرمایه,اهرمی,8033.5,0.057
ماهانه,1404-05,مرداد 1404,تامین سرمایه,بازنشستگی,5960.5,0.042
ماهانه,1404-05,مرداد 1404,تامین سرمایه,بخشی,348702.1,2.474
ماهانه,1404-05,مرداد 1404,تامین سرمایه,تضمین اصل سرمایه,18175.2,0.129
ماهانه,1404-05,مرداد 1404,تامین سرمایه,درآمد ثابت,4417625.4,31.346
ماهانه,1404-05,مرداد 1404,تامین سرمایه,سهامی,98150.2,0.696
ماهانه,1404-05,مرداد 1404,تامین سرمایه,شاخصی,6223.4,0.044
ماهانه,1404-05,مرداد 1404,تامین سرمایه,مختلط,8561.1,0.061
ماهانه,1404-05,مرداد 1404,تامین سرمایه,کالایی,609580.6,4.325
ماهانه,1404-05,مرداد 1404,سایر مدیران,املاک و مستغلات,20875.0,0.148
ماهانه,1404-05,مرداد 1404,سایر مدیران,اهرمی,11358.9,0.081
ماهانه,1404-05,مرداد 1404,سایر مدیران,بازنشستگی,13896.4,0.099
ماهانه,1404-05,مرداد 1404,سایر مدیران,بخشی,62377.4,0.443
ماهانه,1404-05,مرداد 1404,سایر مدیران,تضمین اصل سرمایه,480.0,0.003
ماهانه,1404-05,مرداد 1404,سایر مدیران,جسورانه,6782.4,0.048
ماهانه,1404-05,مرداد 1404,سایر مدیران,خصوصی,18284.3,0.13
ماهانه,1404-05,مرداد 1404,سایر مدیران,درآمد ثابت,2792043.5,19.812
ماهانه,1404-05,مرداد 1404,سایر مدیران,سهامی,197208.7,1.399
ماهانه,1404-05,مرداد 1404,سایر مدیران,شاخصی,12644.7,0.09
ماهانه,1404-05,مرداد 1404,سایر مدیران,صندوق در صندوق,8543.6,0.061
ماهانه,1404-05,مرداد 1404,سایر مدیران,مختلط,9568.0,0.068
ماهانه,1404-05,مرداد 1404,سایر مدیران,پروژه‌ای,27247.2,0.193
ماهانه,1404-05,مرداد 1404,سایر مدیران,کالایی,397065.7,2.818
ماهانه,1404-05,مرداد 1404,سبد گردان اقتصاد بیدار,اهرمی,43246.2,0.307
ماهانه,1404-05,مرداد 1404,سبد گردان اقتصاد بیدار,درآمد ثابت,213950.1,1.518
ماهانه,1404-05,مرداد 1404,سبد گردان اقتصاد بیدار,سهامی,13255.0,0.094
ماهانه,1404-05,مرداد 1404,سبد گردان اقتصاد بیدار,کالایی,16605.8,0.118
ماهانه,1404-05,مرداد 1404,سبد گردان کاریزما,اهرمی,163179.4,1.158
ماهانه,1404-05,مرداد 1404,سبد گردان کاریزما,بازنشستگی,5557.9,0.039
ماهانه,1404-05,مرداد 1404,سبد گردان کاریزما,بخشی,7508.8,0.053
ماهانه,1404-05,مرداد 1404,سبد گردان کاریزما,تضمین اصل سرمایه,10642.8,0.076
ماهانه,1404-05,مرداد 1404,سبد گردان کاریزما,درآمد ثابت,346384.8,2.458
ماهانه,1404-05,مرداد 1404,سبد گردان کاریزما,سهامی,6881.8,0.049
ماهانه,1404-05,مرداد 1404,سبد گردان کاریزما,شاخصی,2000.8,0.014
ماهانه,1404-05,مرداد 1404,سبد گردان کاریزما,صندوق در صندوق,1091.7,0.008
ماهانه,1404-05,مرداد 1404,سبد گردان کاریزما,مختلط,1022.1,0.007
ماهانه,1404-05,مرداد 1404,سبد گردان کاریزما,کالایی,184739.1,1.311
ماهانه,1404-05,مرداد 1404,سبدگردان آگاه,املاک و مستغلات,5483.9,0.039
ماهانه,1404-05,مرداد 1404,سبدگردان آگاه,اهرمی,39982.9,0.284
ماهانه,1404-05,مرداد 1404,سبدگردان آگاه,بازنشستگی,5300.8,0.038
ماهانه,1404-05,مرداد 1404,سبدگردان آگاه,بخشی,18401.6,0.131
ماهانه,1404-05,مرداد 1404,سبدگردان آگاه,درآمد ثابت,344196.8,2.442
ماهانه,1404-05,مرداد 1404,سبدگردان آگاه,سهامی,36495.0,0.259
ماهانه,1404-05,مرداد 1404,سبدگردان آگاه,مختلط,470.6,0.003
ماهانه,1404-05,مرداد 1404,سبدگردان آگاه,کالایی,119883.5,0.851
ماهانه,1404-05,مرداد 1404,سبدگردان توسعه فیروزه,اهرمی,111946.8,0.794
ماهانه,1404-05,مرداد 1404,سبدگردان توسعه فیروزه,بخشی,17990.2,0.128
ماهانه,1404-05,مرداد 1404,سبدگردان توسعه فیروزه,جسورانه,591.4,0.004
ماهانه,1404-05,مرداد 1404,سبدگردان توسعه فیروزه,خصوصی,1296.8,0.009
ماهانه,1404-05,مرداد 1404,سبدگردان توسعه فیروزه,درآمد ثابت,196277.1,1.393
ماهانه,1404-05,مرداد 1404,سبدگردان توسعه فیروزه,سهامی,10533.1,0.075
ماهانه,1404-05,مرداد 1404,سبدگردان توسعه فیروزه,شاخصی,5174.0,0.037
ماهانه,1404-05,مرداد 1404,سبدگردان توسعه فیروزه,کالایی,32341.6,0.23
ماهانه,1404-05,مرداد 1404,سبدگردان فارابی,اهرمی,45566.8,0.323
ماهانه,1404-05,مرداد 1404,سبدگردان فارابی,بخشی,1717.3,0.012
ماهانه,1404-05,مرداد 1404,سبدگردان فارابی,درآمد ثابت,221951.4,1.575
ماهانه,1404-05,مرداد 1404,سبدگردان فارابی,سهامی,8194.8,0.058
ماهانه,1404-05,مرداد 1404,سبدگردان فارابی,کالایی,9656.7,0.068
ماهانه,1404-05,مرداد 1404,سبدگردان مفید,اهرمی,75781.3,0.538
ماهانه,1404-05,مرداد 1404,سبدگردان مفید,بازنشستگی,14521.0,0.103
ماهانه,1404-05,مرداد 1404,سبدگردان مفید,بخشی,44402.5,0.315
ماهانه,1404-05,مرداد 1404,سبدگردان مفید,تضمین اصل سرمایه,5883.3,0.042
ماهانه,1404-05,مرداد 1404,سبدگردان مفید,درآمد ثابت,1335135.4,9.474
ماهانه,1404-05,مرداد 1404,سبدگردان مفید,سهامی,177152.9,1.257
ماهانه,1404-05,مرداد 1404,سبدگردان مفید,شاخصی,6059.6,0.043
ماهانه,1404-05,مرداد 1404,سبدگردان مفید,مختلط,3172.7,0.022
ماهانه,1404-05,مرداد 1404,سبدگردان مفید,کالایی,708922.3,5.03
ماهانه,1404-05,مرداد 1404,مشاور سرمایه گذاری ترنج,اهرمی,36947.6,0.262
ماهانه,1404-05,مرداد 1404,مشاور سرمایه گذاری ترنج,درآمد ثابت,269392.4,1.912
ماهانه,1404-05,مرداد 1404,مشاور سرمایه گذاری ترنج,سهامی,17451.3,0.124
ماهانه,1404-05,مرداد 1404,مشاور سرمایه گذاری ترنج,صندوق در صندوق,6353.3,0.045
ماهانه,1404-05,مرداد 1404,مشاور سرمایه گذاری ترنج,مختلط,23415.5,0.166
ماهانه,1404-05,مرداد 1404,مشاور سرمایه گذاری ترنج,کالایی,9974.5,0.071
ماهانه,1404-06,شهریور 1404,تامین سرمایه,املاک و مستغلات,9671.0,0.065
ماهانه,1404-06,شهریور 1404,تامین سرمایه,اهرمی,9616.7,0.064
ماهانه,1404-06,شهریور 1404,تامین سرمایه,بازنشستگی,6409.8,0.043
ماهانه,1404-06,شهریور 1404,تامین سرمایه,بخشی,362365.8,2.421
ماهانه,1404-06,شهریور 1404,تامین سرمایه,تضمین اصل سرمایه,20012.8,0.134
ماهانه,1404-06,شهریور 1404,تامین سرمایه,درآمد ثابت,4452033.5,29.742
ماهانه,1404-06,شهریور 1404,تامین سرمایه,سهامی,100978.3,0.675
ماهانه,1404-06,شهریور 1404,تامین سرمایه,شاخصی,6336.5,0.042
ماهانه,1404-06,شهریور 1404,تامین سرمایه,مختلط,8860.8,0.059
ماهانه,1404-06,شهریور 1404,تامین سرمایه,کالایی,791887.7,5.29
ماهانه,1404-06,شهریور 1404,سایر مدیران,املاک و مستغلات,20955.0,0.14
ماهانه,1404-06,شهریور 1404,سایر مدیران,اهرمی,12709.2,0.085
ماهانه,1404-06,شهریور 1404,سایر مدیران,بازنشستگی,14910.0,0.1
ماهانه,1404-06,شهریور 1404,سایر مدیران,بخشی,69066.4,0.461
ماهانه,1404-06,شهریور 1404,سایر مدیران,تضمین اصل سرمایه,509.1,0.003
ماهانه,1404-06,شهریور 1404,سایر مدیران,جسورانه,6894.4,0.046
ماهانه,1404-06,شهریور 1404,سایر مدیران,خصوصی,18556.0,0.124
ماهانه,1404-06,شهریور 1404,سایر مدیران,درآمد ثابت,2873579.3,19.197
ماهانه,1404-06,شهریور 1404,سایر مدیران,سهامی,203582.9,1.36
ماهانه,1404-06,شهریور 1404,سایر مدیران,شاخصی,12425.3,0.083
ماهانه,1404-06,شهریور 1404,سایر مدیران,صندوق در صندوق,9019.9,0.06
ماهانه,1404-06,شهریور 1404,سایر مدیران,مختلط,9399.0,0.063
ماهانه,1404-06,شهریور 1404,سایر مدیران,پروژه‌ای,27246.5,0.182
ماهانه,1404-06,شهریور 1404,سایر مدیران,کالایی,533097.9,3.561
ماهانه,1404-06,شهریور 1404,سبد گردان اقتصاد بیدار,اهرمی,41714.2,0.279
ماهانه,1404-06,شهریور 1404,سبد گردان اقتصاد بیدار,درآمد ثابت,223061.9,1.49
ماهانه,1404-06,شهریور 1404,سبد گردان اقتصاد بیدار,سهامی,14447.2,0.096
ماهانه,1404-06,شهریور 1404,سبد گردان اقتصاد بیدار,کالایی,20425.0,0.136
ماهانه,1404-06,شهریور 1404,سبد گردان کاریزما,اهرمی,169590.3,1.133
ماهانه,1404-06,شهریور 1404,سبد گردان کاریزما,بازنشستگی,5930.5,0.04
ماهانه,1404-06,شهریور 1404,سبد گردان کاریزما,بخشی,7465.0,0.05
ماهانه,1404-06,شهریور 1404,سبد گردان کاریزما,تضمین اصل سرمایه,11662.9,0.078
ماهانه,1404-06,شهریور 1404,سبد گردان کاریزما,درآمد ثابت,347594.6,2.322
ماهانه,1404-06,شهریور 1404,سبد گردان کاریزما,سهامی,6893.5,0.046
ماهانه,1404-06,شهریور 1404,سبد گردان کاریزما,شاخصی,2572.4,0.017
ماهانه,1404-06,شهریور 1404,سبد گردان کاریزما,صندوق در صندوق,1171.1,0.008
ماهانه,1404-06,شهریور 1404,سبد گردان کاریزما,مختلط,1010.4,0.007
ماهانه,1404-06,شهریور 1404,سبد گردان کاریزما,کالایی,252745.9,1.688
ماهانه,1404-06,شهریور 1404,سبدگردان آگاه,املاک و مستغلات,5525.2,0.037
ماهانه,1404-06,شهریور 1404,سبدگردان آگاه,اهرمی,39791.0,0.266
ماهانه,1404-06,شهریور 1404,سبدگردان آگاه,بازنشستگی,5587.8,0.037
ماهانه,1404-06,شهریور 1404,سبدگردان آگاه,بخشی,18660.5,0.125
ماهانه,1404-06,شهریور 1404,سبدگردان آگاه,درآمد ثابت,379840.2,2.538
ماهانه,1404-06,شهریور 1404,سبدگردان آگاه,سهامی,37126.2,0.248
ماهانه,1404-06,شهریور 1404,سبدگردان آگاه,مختلط,480.3,0.003
ماهانه,1404-06,شهریور 1404,سبدگردان آگاه,کالایی,163112.7,1.09
ماهانه,1404-06,شهریور 1404,سبدگردان توسعه فیروزه,اهرمی,116688.2,0.78
ماهانه,1404-06,شهریور 1404,سبدگردان توسعه فیروزه,بخشی,17724.7,0.118
ماهانه,1404-06,شهریور 1404,سبدگردان توسعه فیروزه,جسورانه,597.9,0.004
ماهانه,1404-06,شهریور 1404,سبدگردان توسعه فیروزه,خصوصی,1302.1,0.009
ماهانه,1404-06,شهریور 1404,سبدگردان توسعه فیروزه,درآمد ثابت,196060.9,1.31
ماهانه,1404-06,شهریور 1404,سبدگردان توسعه فیروزه,سهامی,10450.8,0.07
ماهانه,1404-06,شهریور 1404,سبدگردان توسعه فیروزه,شاخصی,5490.5,0.037
ماهانه,1404-06,شهریور 1404,سبدگردان توسعه فیروزه,کالایی,41672.1,0.278
ماهانه,1404-06,شهریور 1404,سبدگردان فارابی,اهرمی,43697.9,0.292
ماهانه,1404-06,شهریور 1404,سبدگردان فارابی,بخشی,1818.2,0.012
ماهانه,1404-06,شهریور 1404,سبدگردان فارابی,درآمد ثابت,219011.1,1.463
ماهانه,1404-06,شهریور 1404,سبدگردان فارابی,سهامی,8155.0,0.054
ماهانه,1404-06,شهریور 1404,سبدگردان فارابی,کالایی,9331.1,0.062
ماهانه,1404-06,شهریور 1404,سبدگردان مفید,اهرمی,78941.5,0.527
ماهانه,1404-06,شهریور 1404,سبدگردان مفید,بازنشستگی,15371.2,0.103
ماهانه,1404-06,شهریور 1404,سبدگردان مفید,بخشی,45582.4,0.304
ماهانه,1404-06,شهریور 1404,سبدگردان مفید,تضمین اصل سرمایه,5976.0,0.04
ماهانه,1404-06,شهریور 1404,سبدگردان مفید,درآمد ثابت,1325828.0,8.857
ماهانه,1404-06,شهریور 1404,سبدگردان مفید,سهامی,184358.0,1.232
ماهانه,1404-06,شهریور 1404,سبدگردان مفید,شاخصی,6352.5,0.042
ماهانه,1404-06,شهریور 1404,سبدگردان مفید,مختلط,2128.0,0.014
ماهانه,1404-06,شهریور 1404,سبدگردان مفید,کالایی,915484.5,6.116
ماهانه,1404-06,شهریور 1404,مشاور سرمایه گذاری ترنج,اهرمی,31057.2,0.208
ماهانه,1404-06,شهریور 1404,مشاور سرمایه گذاری ترنج,درآمد ثابت,279644.6,1.868
ماهانه,1404-06,شهریور 1404,مشاور سرمایه گذاری ترنج,سهامی,18185.5,0.122
ماهانه,1404-06,شهریور 1404,مشاور سرمایه گذاری ترنج,صندوق در صندوق,9354.2,0.062
ماهانه,1404-06,شهریور 1404,مشاور سرمایه گذاری ترنج,مختلط,31089.2,0.208
ماهانه,1404-06,شهریور 1404,مشاور سرمایه گذاری ترنج,کالایی,11216.7,0.075
ماهانه,1404-07,مهر 1404,تامین سرمایه,املاک و مستغلات,9851.2,0.06
ماهانه,1404-07,مهر 1404,تامین سرمایه,اهرمی,11301.3,0.069
ماهانه,1404-07,مهر 1404,تامین سرمایه,بازنشستگی,6909.8,0.042
ماهانه,1404-07,مهر 1404,تامین سرمایه,بخشی,449605.6,2.75
ماهانه,1404-07,مهر 1404,تامین سرمایه,تضمین اصل سرمایه,20946.4,0.128
ماهانه,1404-07,مهر 1404,تامین سرمایه,درآمد ثابت,4605792.4,28.176
ماهانه,1404-07,مهر 1404,تامین سرمایه,سهامی,118901.4,0.727
ماهانه,1404-07,مهر 1404,تامین سرمایه,شاخصی,7835.2,0.048
ماهانه,1404-07,مهر 1404,تامین سرمایه,مختلط,9833.1,0.06
ماهانه,1404-07,مهر 1404,تامین سرمایه,کالایی,891386.5,5.453
ماهانه,1404-07,مهر 1404,سایر مدیران,املاک و مستغلات,21217.5,0.13
ماهانه,1404-07,مهر 1404,سایر مدیران,اهرمی,16299.4,0.1
ماهانه,1404-07,مهر 1404,سایر مدیران,بازنشستگی,17052.1,0.104
ماهانه,1404-07,مهر 1404,سایر مدیران,بخشی,81513.6,0.499
ماهانه,1404-07,مهر 1404,سایر مدیران,تضمین اصل سرمایه,685.5,0.004
ماهانه,1404-07,مهر 1404,سایر مدیران,جسورانه,7012.9,0.043
ماهانه,1404-07,مهر 1404,سایر مدیران,خصوصی,18694.9,0.114
ماهانه,1404-07,مهر 1404,سایر مدیران,درآمد ثابت,3061277.4,18.728
ماهانه,1404-07,مهر 1404,سایر مدیران,سهامی,238304.0,1.458
ماهانه,1404-07,مهر 1404,سایر مدیران,شاخصی,17405.3,0.106
ماهانه,1404-07,مهر 1404,سایر مدیران,صندوق در صندوق,10580.1,0.065
ماهانه,1404-07,مهر 1404,سایر مدیران,مختلط,10494.4,0.064
ماهانه,1404-07,مهر 1404,سایر مدیران,پروژه‌ای,27245.7,0.167
ماهانه,1404-07,مهر 1404,سایر مدیران,کالایی,613468.2,3.753
ماهانه,1404-07,مهر 1404,سبد گردان اقتصاد بیدار,اهرمی,49585.0,0.303
ماهانه,1404-07,مهر 1404,سبد گردان اقتصاد بیدار,درآمد ثابت,234458.5,1.434
ماهانه,1404-07,مهر 1404,سبد گردان اقتصاد بیدار,سهامی,19913.7,0.122
ماهانه,1404-07,مهر 1404,سبد گردان اقتصاد بیدار,کالایی,25757.9,0.158
ماهانه,1404-07,مهر 1404,سبد گردان کاریزما,اهرمی,197911.2,1.211
ماهانه,1404-07,مهر 1404,سبد گردان کاریزما,بازنشستگی,6787.4,0.042
ماهانه,1404-07,مهر 1404,سبد گردان کاریزما,بخشی,8907.1,0.054
ماهانه,1404-07,مهر 1404,سبد گردان کاریزما,تضمین اصل سرمایه,5673.9,0.035
ماهانه,1404-07,مهر 1404,سبد گردان کاریزما,درآمد ثابت,387262.6,2.369
ماهانه,1404-07,مهر 1404,سبد گردان کاریزما,سهامی,8590.3,0.053
ماهانه,1404-07,مهر 1404,سبد گردان کاریزما,شاخصی,3906.8,0.024
ماهانه,1404-07,مهر 1404,سبد گردان کاریزما,صندوق در صندوق,1682.3,0.01
ماهانه,1404-07,مهر 1404,سبد گردان کاریزما,مختلط,1082.6,0.007
ماهانه,1404-07,مهر 1404,سبد گردان کاریزما,کالایی,296420.0,1.813
ماهانه,1404-07,مهر 1404,سبدگردان آگاه,املاک و مستغلات,5200.4,0.032
ماهانه,1404-07,مهر 1404,سبدگردان آگاه,اهرمی,45710.5,0.28
ماهانه,1404-07,مهر 1404,سبدگردان آگاه,بازنشستگی,6479.1,0.04
ماهانه,1404-07,مهر 1404,سبدگردان آگاه,بخشی,23275.6,0.142
ماهانه,1404-07,مهر 1404,سبدگردان آگاه,درآمد ثابت,426114.6,2.607
ماهانه,1404-07,مهر 1404,سبدگردان آگاه,سهامی,45035.3,0.276
ماهانه,1404-07,مهر 1404,سبدگردان آگاه,مختلط,534.0,0.003
ماهانه,1404-07,مهر 1404,سبدگردان آگاه,کالایی,191190.9,1.17
ماهانه,1404-07,مهر 1404,سبدگردان توسعه فیروزه,اهرمی,119973.7,0.734
ماهانه,1404-07,مهر 1404,سبدگردان توسعه فیروزه,بخشی,21388.6,0.131
ماهانه,1404-07,مهر 1404,سبدگردان توسعه فیروزه,جسورانه,601.5,0.004
ماهانه,1404-07,مهر 1404,سبدگردان توسعه فیروزه,خصوصی,1307.0,0.008
ماهانه,1404-07,مهر 1404,سبدگردان توسعه فیروزه,درآمد ثابت,223673.7,1.368
ماهانه,1404-07,مهر 1404,سبدگردان توسعه فیروزه,سهامی,12749.2,0.078
ماهانه,1404-07,مهر 1404,سبدگردان توسعه فیروزه,شاخصی,7258.1,0.044
ماهانه,1404-07,مهر 1404,سبدگردان توسعه فیروزه,کالایی,51624.4,0.316
ماهانه,1404-07,مهر 1404,سبدگردان فارابی,اهرمی,50159.8,0.307
ماهانه,1404-07,مهر 1404,سبدگردان فارابی,بخشی,2205.8,0.014
ماهانه,1404-07,مهر 1404,سبدگردان فارابی,درآمد ثابت,235389.1,1.44
ماهانه,1404-07,مهر 1404,سبدگردان فارابی,سهامی,10136.8,0.062
ماهانه,1404-07,مهر 1404,سبدگردان فارابی,کالایی,12438.1,0.076
ماهانه,1404-07,مهر 1404,سبدگردان مفید,اهرمی,90946.8,0.556
ماهانه,1404-07,مهر 1404,سبدگردان مفید,بازنشستگی,20009.6,0.122
ماهانه,1404-07,مهر 1404,سبدگردان مفید,بخشی,57068.9,0.349
ماهانه,1404-07,مهر 1404,سبدگردان مفید,تضمین اصل سرمایه,8600.7,0.053
ماهانه,1404-07,مهر 1404,سبدگردان مفید,درآمد ثابت,1422767.6,8.704
ماهانه,1404-07,مهر 1404,سبدگردان مفید,سهامی,224352.8,1.372
ماهانه,1404-07,مهر 1404,سبدگردان مفید,شاخصی,8262.1,0.05
ماهانه,1404-07,مهر 1404,سبدگردان مفید,مختلط,2434.1,0.015
ماهانه,1404-07,مهر 1404,سبدگردان مفید,کالایی,1091945.0,6.68
ماهانه,1404-07,مهر 1404,مشاور سرمایه گذاری ترنج,اهرمی,37790.4,0.231
ماهانه,1404-07,مهر 1404,مشاور سرمایه گذاری ترنج,درآمد ثابت,286277.1,1.751
ماهانه,1404-07,مهر 1404,مشاور سرمایه گذاری ترنج,سهامی,25240.8,0.154
ماهانه,1404-07,مهر 1404,مشاور سرمایه گذاری ترنج,صندوق در صندوق,6076.3,0.037
ماهانه,1404-07,مهر 1404,مشاور سرمایه گذاری ترنج,مختلط,38438.3,0.235
ماهانه,1404-07,مهر 1404,مشاور سرمایه گذاری ترنج,کالایی,12009.7,0.074
ماهانه,1404-08,آبان 1404,تامین سرمایه,املاک و مستغلات,10061.3,0.058
ماهانه,1404-08,آبان 1404,تامین سرمایه,اهرمی,12248.0,0.07
ماهانه,1404-08,آبان 1404,تامین سرمایه,بازنشستگی,5618.5,0.032
ماهانه,1404-08,آبان 1404,تامین سرمایه,بخشی,451243.8,2.596
ماهانه,1404-08,آبان 1404,تامین سرمایه,تضمین اصل سرمایه,21526.8,0.124
ماهانه,1404-08,آبان 1404,تامین سرمایه,درآمد ثابت,4804365.6,27.644
ماهانه,1404-08,آبان 1404,تامین سرمایه,سهامی,118776.1,0.683
ماهانه,1404-08,آبان 1404,تامین سرمایه,شاخصی,7835.3,0.045
ماهانه,1404-08,آبان 1404,تامین سرمایه,مختلط,10106.4,0.058
ماهانه,1404-08,آبان 1404,تامین سرمایه,کالایی,1002002.2,5.765
ماهانه,1404-08,آبان 1404,سایر مدیران,املاک و مستغلات,21340.9,0.123
ماهانه,1404-08,آبان 1404,سایر مدیران,اهرمی,18693.9,0.108
ماهانه,1404-08,آبان 1404,سایر مدیران,بازنشستگی,17830.5,0.103
ماهانه,1404-08,آبان 1404,سایر مدیران,بخشی,88781.2,0.511
ماهانه,1404-08,آبان 1404,سایر مدیران,تضمین اصل سرمایه,884.6,0.005
ماهانه,1404-08,آبان 1404,سایر مدیران,جسورانه,7133.8,0.041
ماهانه,1404-08,آبان 1404,سایر مدیران,خصوصی,18773.0,0.108
ماهانه,1404-08,آبان 1404,سایر مدیران,درآمد ثابت,3224905.0,18.556
ماهانه,1404-08,آبان 1404,سایر مدیران,سهامی,245013.2,1.41
ماهانه,1404-08,آبان 1404,سایر مدیران,شاخصی,14489.2,0.083
ماهانه,1404-08,آبان 1404,سایر مدیران,صندوق در صندوق,10377.0,0.06
ماهانه,1404-08,آبان 1404,سایر مدیران,مختلط,12731.2,0.073
ماهانه,1404-08,آبان 1404,سایر مدیران,پروژه‌ای,27244.8,0.157
ماهانه,1404-08,آبان 1404,سایر مدیران,کالایی,715947.5,4.12
ماهانه,1404-08,آبان 1404,سبد گردان اقتصاد بیدار,اهرمی,49810.9,0.287
ماهانه,1404-08,آبان 1404,سبد گردان اقتصاد بیدار,درآمد ثابت,240514.6,1.384
ماهانه,1404-08,آبان 1404,سبد گردان اقتصاد بیدار,سهامی,17640.1,0.102
ماهانه,1404-08,آبان 1404,سبد گردان اقتصاد بیدار,کالایی,28563.2,0.164
ماهانه,1404-08,آبان 1404,سبد گردان کاریزما,اهرمی,199959.6,1.151
ماهانه,1404-08,آبان 1404,سبد گردان کاریزما,بازنشستگی,7057.6,0.041
ماهانه,1404-08,آبان 1404,سبد گردان کاریزما,بخشی,8100.6,0.047
ماهانه,1404-08,آبان 1404,سبد گردان کاریزما,تضمین اصل سرمایه,5877.0,0.034
ماهانه,1404-08,آبان 1404,سبد گردان کاریزما,درآمد ثابت,382437.6,2.2
ماهانه,1404-08,آبان 1404,سبد گردان کاریزما,سهامی,9542.9,0.055
ماهانه,1404-08,آبان 1404,سبد گردان کاریزما,شاخصی,3610.2,0.021
ماهانه,1404-08,آبان 1404,سبد گردان کاریزما,صندوق در صندوق,1671.8,0.01
ماهانه,1404-08,آبان 1404,سبد گردان کاریزما,مختلط,1142.2,0.007
ماهانه,1404-08,آبان 1404,سبد گردان کاریزما,کالایی,330889.5,1.904
ماهانه,1404-08,آبان 1404,سبدگردان آگاه,املاک و مستغلات,5200.0,0.03
ماهانه,1404-08,آبان 1404,سبدگردان آگاه,اهرمی,46191.5,0.266
ماهانه,1404-08,آبان 1404,سبدگردان آگاه,بازنشستگی,6690.7,0.038
ماهانه,1404-08,آبان 1404,سبدگردان آگاه,بخشی,22137.7,0.127
ماهانه,1404-08,آبان 1404,سبدگردان آگاه,درآمد ثابت,435701.5,2.507
ماهانه,1404-08,آبان 1404,سبدگردان آگاه,سهامی,44996.2,0.259
ماهانه,1404-08,آبان 1404,سبدگردان آگاه,مختلط,549.1,0.003
ماهانه,1404-08,آبان 1404,سبدگردان آگاه,کالایی,220798.9,1.27
ماهانه,1404-08,آبان 1404,سبدگردان توسعه فیروزه,اهرمی,126271.6,0.727
ماهانه,1404-08,آبان 1404,سبدگردان توسعه فیروزه,بخشی,20547.1,0.118
ماهانه,1404-08,آبان 1404,سبدگردان توسعه فیروزه,جسورانه,600.7,0.003
ماهانه,1404-08,آبان 1404,سبدگردان توسعه فیروزه,خصوصی,1308.4,0.008
ماهانه,1404-08,آبان 1404,سبدگردان توسعه فیروزه,درآمد ثابت,230972.1,1.329
ماهانه,1404-08,آبان 1404,سبدگردان توسعه فیروزه,سهامی,12273.3,0.071
ماهانه,1404-08,آبان 1404,سبدگردان توسعه فیروزه,شاخصی,7067.2,0.041
ماهانه,1404-08,آبان 1404,سبدگردان توسعه فیروزه,کالایی,57287.7,0.33
ماهانه,1404-08,آبان 1404,سبدگردان فارابی,اهرمی,50326.5,0.29
ماهانه,1404-08,آبان 1404,سبدگردان فارابی,بخشی,1896.1,0.011
ماهانه,1404-08,آبان 1404,سبدگردان فارابی,درآمد ثابت,239614.2,1.379
ماهانه,1404-08,آبان 1404,سبدگردان فارابی,سهامی,10107.2,0.058
ماهانه,1404-08,آبان 1404,سبدگردان فارابی,کالایی,22884.6,0.132
ماهانه,1404-08,آبان 1404,سبدگردان مفید,اهرمی,96425.9,0.555
ماهانه,1404-08,آبان 1404,سبدگردان مفید,بازنشستگی,23177.9,0.133
ماهانه,1404-08,آبان 1404,سبدگردان مفید,بخشی,58014.1,0.334
ماهانه,1404-08,آبان 1404,سبدگردان مفید,تضمین اصل سرمایه,10281.6,0.059
ماهانه,1404-08,آبان 1404,سبدگردان مفید,درآمد ثابت,1534992.1,8.832
ماهانه,1404-08,آبان 1404,سبدگردان مفید,سهامی,232466.5,1.338
ماهانه,1404-08,آبان 1404,سبدگردان مفید,شاخصی,8862.3,0.051
ماهانه,1404-08,آبان 1404,سبدگردان مفید,مختلط,2122.6,0.012
ماهانه,1404-08,آبان 1404,سبدگردان مفید,کالایی,1251711.4,7.202
ماهانه,1404-08,آبان 1404,مشاور سرمایه گذاری ترنج,اهرمی,37451.8,0.215
ماهانه,1404-08,آبان 1404,مشاور سرمایه گذاری ترنج,درآمد ثابت,296713.5,1.707
ماهانه,1404-08,آبان 1404,مشاور سرمایه گذاری ترنج,سهامی,27640.7,0.159
ماهانه,1404-08,آبان 1404,مشاور سرمایه گذاری ترنج,صندوق در صندوق,7768.6,0.045
ماهانه,1404-08,آبان 1404,مشاور سرمایه گذاری ترنج,مختلط,49124.1,0.283
ماهانه,1404-08,آبان 1404,مشاور سرمایه گذاری ترنج,کالایی,24468.6,0.141
ماهانه,1404-09,آذر 1404,تامین سرمایه,املاک و مستغلات,10262.0,0.054
ماهانه,1404-09,آذر 1404,تامین سرمایه,اهرمی,14668.6,0.077
ماهانه,1404-09,آذر 1404,تامین سرمایه,بازنشستگی,7148.3,0.038
ماهانه,1404-09,آذر 1404,تامین سرمایه,بخشی,556530.4,2.916
ماهانه,1404-09,آذر 1404,تامین سرمایه,تضمین اصل سرمایه,22732.4,0.119
ماهانه,1404-09,آذر 1404,تامین سرمایه,درآمد ثابت,4911891.7,25.738
ماهانه,1404-09,آذر 1404,تامین سرمایه,سهامی,142150.2,0.745
ماهانه,1404-09,آذر 1404,تامین سرمایه,شاخصی,9425.5,0.049
ماهانه,1404-09,آذر 1404,تامین سرمایه,مختلط,11370.0,0.06
ماهانه,1404-09,آذر 1404,تامین سرمایه,کالایی,1188606.9,6.228
ماهانه,1404-09,آذر 1404,سایر مدیران,املاک و مستغلات,21660.8,0.113
ماهانه,1404-09,آذر 1404,سایر مدیران,اهرمی,23668.8,0.124
ماهانه,1404-09,آذر 1404,سایر مدیران,بازنشستگی,20897.1,0.11
ماهانه,1404-09,آذر 1404,سایر مدیران,بخشی,107716.0,0.564
ماهانه,1404-09,آذر 1404,سایر مدیران,تضمین اصل سرمایه,1031.5,0.005
ماهانه,1404-09,آذر 1404,سایر مدیران,جسورانه,7233.2,0.038
ماهانه,1404-09,آذر 1404,سایر مدیران,خصوصی,19218.9,0.101
ماهانه,1404-09,آذر 1404,سایر مدیران,درآمد ثابت,3380921.3,17.716
ماهانه,1404-09,آذر 1404,سایر مدیران,سهامی,298782.9,1.566
ماهانه,1404-09,آذر 1404,سایر مدیران,شاخصی,17812.3,0.093
ماهانه,1404-09,آذر 1404,سایر مدیران,صندوق در صندوق,13542.9,0.071
ماهانه,1404-09,آذر 1404,سایر مدیران,مختلط,20420.7,0.107
ماهانه,1404-09,آذر 1404,سایر مدیران,پروژه‌ای,27244.0,0.143
ماهانه,1404-09,آذر 1404,سایر مدیران,کالایی,881626.3,4.62
ماهانه,1404-09,آذر 1404,سبد گردان اقتصاد بیدار,اهرمی,68189.9,0.357
ماهانه,1404-09,آذر 1404,سبد گردان اقتصاد بیدار,درآمد ثابت,270106.6,1.415
ماهانه,1404-09,آذر 1404,سبد گردان اقتصاد بیدار,سهامی,20471.5,0.107
ماهانه,1404-09,آذر 1404,سبد گردان اقتصاد بیدار,کالایی,33943.0,0.178
ماهانه,1404-09,آذر 1404,سبد گردان کاریزما,اهرمی,235791.0,1.236
ماهانه,1404-09,آذر 1404,سبد گردان کاریزما,بازنشستگی,7975.6,0.042
ماهانه,1404-09,آذر 1404,سبد گردان کاریزما,بخشی,9034.6,0.047
ماهانه,1404-09,آذر 1404,سبد گردان کاریزما,تضمین اصل سرمایه,6826.9,0.036
ماهانه,1404-09,آذر 1404,سبد گردان کاریزما,درآمد ثابت,410408.2,2.15
ماهانه,1404-09,آذر 1404,سبد گردان کاریزما,سهامی,11888.3,0.062
ماهانه,1404-09,آذر 1404,سبد گردان کاریزما,شاخصی,4382.2,0.023
ماهانه,1404-09,آذر 1404,سبد گردان کاریزما,صندوق در صندوق,2070.6,0.011
ماهانه,1404-09,آذر 1404,سبد گردان کاریزما,مختلط,3751.6,0.02
ماهانه,1404-09,آذر 1404,سبد گردان کاریزما,کالایی,387872.2,2.032
ماهانه,1404-09,آذر 1404,سبدگردان آگاه,املاک و مستغلات,5284.8,0.028
ماهانه,1404-09,آذر 1404,سبدگردان آگاه,اهرمی,51574.6,0.27
ماهانه,1404-09,آذر 1404,سبدگردان آگاه,بازنشستگی,7879.7,0.041
ماهانه,1404-09,آذر 1404,سبدگردان آگاه,بخشی,27409.5,0.144
ماهانه,1404-09,آذر 1404,سبدگردان آگاه,درآمد ثابت,481489.4,2.523
ماهانه,1404-09,آذر 1404,سبدگردان آگاه,سهامی,56049.6,0.294
ماهانه,1404-09,آذر 1404,سبدگردان آگاه,مختلط,586.3,0.003
ماهانه,1404-09,آذر 1404,سبدگردان آگاه,کالایی,261148.2,1.368
ماهانه,1404-09,آذر 1404,سبدگردان توسعه فیروزه,اهرمی,143902.4,0.754
ماهانه,1404-09,آذر 1404,سبدگردان توسعه فیروزه,بخشی,23202.2,0.122
ماهانه,1404-09,آذر 1404,سبدگردان توسعه فیروزه,جسورانه,608.6,0.003
ماهانه,1404-09,آذر 1404,سبدگردان توسعه فیروزه,خصوصی,1310.0,0.007
ماهانه,1404-09,آذر 1404,سبدگردان توسعه فیروزه,درآمد ثابت,225710.1,1.183
ماهانه,1404-09,آذر 1404,سبدگردان توسعه فیروزه,سهامی,14644.3,0.077
ماهانه,1404-09,آذر 1404,سبدگردان توسعه فیروزه,شاخصی,10431.2,0.055
ماهانه,1404-09,آذر 1404,سبدگردان توسعه فیروزه,کالایی,64695.4,0.339
ماهانه,1404-09,آذر 1404,سبدگردان فارابی,اهرمی,65930.5,0.346
ماهانه,1404-09,آذر 1404,سبدگردان فارابی,بخشی,4731.1,0.025
ماهانه,1404-09,آذر 1404,سبدگردان فارابی,درآمد ثابت,248509.1,1.302
ماهانه,1404-09,آذر 1404,سبدگردان فارابی,سهامی,11920.2,0.062
ماهانه,1404-09,آذر 1404,سبدگردان فارابی,کالایی,38110.1,0.2
ماهانه,1404-09,آذر 1404,سبدگردان مفید,اهرمی,111846.5,0.586
ماهانه,1404-09,آذر 1404,سبدگردان مفید,بازنشستگی,32968.7,0.173
ماهانه,1404-09,آذر 1404,سبدگردان مفید,بخشی,68620.8,0.36
ماهانه,1404-09,آذر 1404,سبدگردان مفید,تضمین اصل سرمایه,14451.9,0.076
ماهانه,1404-09,آذر 1404,سبدگردان مفید,درآمد ثابت,1583427.7,8.297
ماهانه,1404-09,آذر 1404,سبدگردان مفید,سهامی,281787.7,1.477
ماهانه,1404-09,آذر 1404,سبدگردان مفید,شاخصی,22445.9,0.118
ماهانه,1404-09,آذر 1404,سبدگردان مفید,مختلط,2427.2,0.013
ماهانه,1404-09,آذر 1404,سبدگردان مفید,کالایی,1535770.7,8.047
ماهانه,1404-09,آذر 1404,مشاور سرمایه گذاری ترنج,اهرمی,48528.8,0.254
ماهانه,1404-09,آذر 1404,مشاور سرمایه گذاری ترنج,درآمد ثابت,312878.5,1.639
ماهانه,1404-09,آذر 1404,مشاور سرمایه گذاری ترنج,سهامی,42479.7,0.223
ماهانه,1404-09,آذر 1404,مشاور سرمایه گذاری ترنج,صندوق در صندوق,15655.2,0.082
ماهانه,1404-09,آذر 1404,مشاور سرمایه گذاری ترنج,مختلط,49323.4,0.258
ماهانه,1404-09,آذر 1404,مشاور سرمایه گذاری ترنج,کالایی,27423.4,0.144
ماهانه,1404-10,دی 1404,تامین سرمایه,املاک و مستغلات,10465.1,0.05
ماهانه,1404-10,دی 1404,تامین سرمایه,اهرمی,18131.0,0.087
ماهانه,1404-10,دی 1404,تامین سرمایه,بازنشستگی,8359.8,0.04
ماهانه,1404-10,دی 1404,تامین سرمایه,بخشی,638638.5,3.078
ماهانه,1404-10,دی 1404,تامین سرمایه,تضمین اصل سرمایه,23856.5,0.115
ماهانه,1404-10,دی 1404,تامین سرمایه,درآمد ثابت,5146683.4,24.807
ماهانه,1404-10,دی 1404,تامین سرمایه,سهامی,156406.1,0.754
ماهانه,1404-10,دی 1404,تامین سرمایه,شاخصی,10775.3,0.052
ماهانه,1404-10,دی 1404,تامین سرمایه,مختلط,12581.7,0.061
ماهانه,1404-10,دی 1404,تامین سرمایه,کالایی,1320404.8,6.364
ماهانه,1404-10,دی 1404,سایر مدیران,املاک و مستغلات,21626.9,0.104
ماهانه,1404-10,دی 1404,سایر مدیران,اهرمی,28391.4,0.137
ماهانه,1404-10,دی 1404,سایر مدیران,بازنشستگی,23484.5,0.113
ماهانه,1404-10,دی 1404,سایر مدیران,بخشی,135913.0,0.655
ماهانه,1404-10,دی 1404,سایر مدیران,تضمین اصل سرمایه,1448.9,0.007
ماهانه,1404-10,دی 1404,سایر مدیران,جسورانه,8594.3,0.041
ماهانه,1404-10,دی 1404,سایر مدیران,خصوصی,19310.0,0.093
ماهانه,1404-10,دی 1404,سایر مدیران,درآمد ثابت,3700605.0,17.837
ماهانه,1404-10,دی 1404,سایر مدیران,سهامی,349999.6,1.687
ماهانه,1404-10,دی 1404,سایر مدیران,شاخصی,22288.0,0.107
ماهانه,1404-10,دی 1404,سایر مدیران,صندوق در صندوق,16930.2,0.082
ماهانه,1404-10,دی 1404,سایر مدیران,مختلط,26440.6,0.127
ماهانه,1404-10,دی 1404,سایر مدیران,پروژه‌ای,27243.2,0.131
ماهانه,1404-10,دی 1404,سایر مدیران,کالایی,972286.2,4.686
ماهانه,1404-10,دی 1404,سبد گردان اقتصاد بیدار,اهرمی,74953.5,0.361
ماهانه,1404-10,دی 1404,سبد گردان اقتصاد بیدار,درآمد ثابت,285234.9,1.375
ماهانه,1404-10,دی 1404,سبد گردان اقتصاد بیدار,سهامی,23320.8,0.112
ماهانه,1404-10,دی 1404,سبد گردان اقتصاد بیدار,کالایی,40934.1,0.197
ماهانه,1404-10,دی 1404,سبد گردان کاریزما,اهرمی,260642.1,1.256
ماهانه,1404-10,دی 1404,سبد گردان کاریزما,بازنشستگی,8576.7,0.041
ماهانه,1404-10,دی 1404,سبد گردان کاریزما,بخشی,11340.8,0.055
ماهانه,1404-10,دی 1404,سبد گردان کاریزما,تضمین اصل سرمایه,6979.5,0.034
ماهانه,1404-10,دی 1404,سبد گردان کاریزما,درآمد ثابت,444407.8,2.142
ماهانه,1404-10,دی 1404,سبد گردان کاریزما,سهامی,15612.4,0.075
ماهانه,1404-10,دی 1404,سبد گردان کاریزما,شاخصی,5711.3,0.028
ماهانه,1404-10,دی 1404,سبد گردان کاریزما,صندوق در صندوق,2393.6,0.012
ماهانه,1404-10,دی 1404,سبد گردان کاریزما,مختلط,11632.1,0.056
ماهانه,1404-10,دی 1404,سبد گردان کاریزما,کالایی,443445.3,2.137
ماهانه,1404-10,دی 1404,سبدگردان آگاه,املاک و مستغلات,5463.2,0.026
ماهانه,1404-10,دی 1404,سبدگردان آگاه,اهرمی,58172.0,0.28
ماهانه,1404-10,دی 1404,سبدگردان آگاه,بازنشستگی,8885.0,0.043
ماهانه,1404-10,دی 1404,سبدگردان آگاه,بخشی,33101.8,0.16
ماهانه,1404-10,دی 1404,سبدگردان آگاه,درآمد ثابت,507136.7,2.444
ماهانه,1404-10,دی 1404,سبدگردان آگاه,سهامی,66735.8,0.322
ماهانه,1404-10,دی 1404,سبدگردان آگاه,مختلط,634.1,0.003
ماهانه,1404-10,دی 1404,سبدگردان آگاه,کالایی,283641.7,1.367
ماهانه,1404-10,دی 1404,سبدگردان توسعه فیروزه,اهرمی,157301.6,0.758
ماهانه,1404-10,دی 1404,سبدگردان توسعه فیروزه,بخشی,22933.6,0.111
ماهانه,1404-10,دی 1404,سبدگردان توسعه فیروزه,جسورانه,611.8,0.003
ماهانه,1404-10,دی 1404,سبدگردان توسعه فیروزه,خصوصی,1311.5,0.006
ماهانه,1404-10,دی 1404,سبدگردان توسعه فیروزه,درآمد ثابت,229003.5,1.104
ماهانه,1404-10,دی 1404,سبدگردان توسعه فیروزه,سهامی,15973.3,0.077
ماهانه,1404-10,دی 1404,سبدگردان توسعه فیروزه,شاخصی,13500.6,0.065
ماهانه,1404-10,دی 1404,سبدگردان توسعه فیروزه,کالایی,81398.5,0.392
ماهانه,1404-10,دی 1404,سبدگردان فارابی,اهرمی,75853.3,0.366
ماهانه,1404-10,دی 1404,سبدگردان فارابی,بخشی,5866.2,0.028
ماهانه,1404-10,دی 1404,سبدگردان فارابی,درآمد ثابت,248902.7,1.2
ماهانه,1404-10,دی 1404,سبدگردان فارابی,سهامی,13941.5,0.067
ماهانه,1404-10,دی 1404,سبدگردان فارابی,کالایی,57971.6,0.279
ماهانه,1404-10,دی 1404,سبدگردان مفید,اهرمی,124620.0,0.601
ماهانه,1404-10,دی 1404,سبدگردان مفید,بازنشستگی,41312.2,0.199
ماهانه,1404-10,دی 1404,سبدگردان مفید,بخشی,76818.0,0.37
ماهانه,1404-10,دی 1404,سبدگردان مفید,تضمین اصل سرمایه,20505.7,0.099
ماهانه,1404-10,دی 1404,سبدگردان مفید,درآمد ثابت,1632550.4,7.869
ماهانه,1404-10,دی 1404,سبدگردان مفید,سهامی,337513.4,1.627
ماهانه,1404-10,دی 1404,سبدگردان مفید,شاخصی,25577.2,0.123
ماهانه,1404-10,دی 1404,سبدگردان مفید,مختلط,2552.8,0.012
ماهانه,1404-10,دی 1404,سبدگردان مفید,کالایی,1737035.2,8.372
ماهانه,1404-10,دی 1404,مشاور سرمایه گذاری ترنج,اهرمی,59248.3,0.286
ماهانه,1404-10,دی 1404,مشاور سرمایه گذاری ترنج,درآمد ثابت,317977.6,1.533
ماهانه,1404-10,دی 1404,مشاور سرمایه گذاری ترنج,سهامی,46785.3,0.226
ماهانه,1404-10,دی 1404,مشاور سرمایه گذاری ترنج,صندوق در صندوق,12883.3,0.062
ماهانه,1404-10,دی 1404,مشاور سرمایه گذاری ترنج,مختلط,59566.1,0.287
ماهانه,1404-10,دی 1404,مشاور سرمایه گذاری ترنج,کالایی,27889.9,0.134
ماهانه,1404-11,بهمن 1404,تامین سرمایه,املاک و مستغلات,10681.3,0.049
ماهانه,1404-11,بهمن 1404,تامین سرمایه,اهرمی,16039.5,0.074
ماهانه,1404-11,بهمن 1404,تامین سرمایه,بازنشستگی,8061.5,0.037
ماهانه,1404-11,بهمن 1404,تامین سرمایه,بخشی,523619.2,2.405
ماهانه,1404-11,بهمن 1404,تامین سرمایه,تضمین اصل سرمایه,22805.5,0.105
ماهانه,1404-11,بهمن 1404,تامین سرمایه,درآمد ثابت,5337675.8,24.513
ماهانه,1404-11,بهمن 1404,تامین سرمایه,سهامی,136283.1,0.626
ماهانه,1404-11,بهمن 1404,تامین سرمایه,شاخصی,8980.8,0.041
ماهانه,1404-11,بهمن 1404,تامین سرمایه,مختلط,11939.8,0.055
ماهانه,1404-11,بهمن 1404,تامین سرمایه,کالایی,1577437.1,7.244
ماهانه,1404-11,بهمن 1404,سایر مدیران,املاک و مستغلات,61917.9,0.284
ماهانه,1404-11,بهمن 1404,سایر مدیران,اهرمی,24435.2,0.112
ماهانه,1404-11,بهمن 1404,سایر مدیران,بازنشستگی,22310.1,0.103
ماهانه,1404-11,بهمن 1404,سایر مدیران,بخشی,108952.7,0.5
ماهانه,1404-11,بهمن 1404,سایر مدیران,تضمین اصل سرمایه,1417.7,0.006
ماهانه,1404-11,بهمن 1404,سایر مدیران,جسورانه,8723.3,0.04
ماهانه,1404-11,بهمن 1404,سایر مدیران,خصوصی,19302.8,0.089
ماهانه,1404-11,بهمن 1404,سایر مدیران,درآمد ثابت,3826273.8,17.572
ماهانه,1404-11,بهمن 1404,سایر مدیران,سهامی,299192.2,1.374
ماهانه,1404-11,بهمن 1404,سایر مدیران,شاخصی,16848.0,0.077
ماهانه,1404-11,بهمن 1404,سایر مدیران,صندوق در صندوق,16715.1,0.077
ماهانه,1404-11,بهمن 1404,سایر مدیران,مختلط,27650.6,0.127
ماهانه,1404-11,بهمن 1404,سایر مدیران,پروژه‌ای,27242.1,0.125
ماهانه,1404-11,بهمن 1404,سایر مدیران,کالایی,1192127.4,5.475
ماهانه,1404-11,بهمن 1404,سبد گردان اقتصاد بیدار,اهرمی,66631.4,0.306
ماهانه,1404-11,بهمن 1404,سبد گردان اقتصاد بیدار,درآمد ثابت,301074.7,1.383
ماهانه,1404-11,بهمن 1404,سبد گردان اقتصاد بیدار,سهامی,19210.7,0.088
ماهانه,1404-11,بهمن 1404,سبد گردان اقتصاد بیدار,کالایی,52463.9,0.241
ماهانه,1404-11,بهمن 1404,سبد گردان کاریزما,اهرمی,222199.1,1.02
ماهانه,1404-11,بهمن 1404,سبد گردان کاریزما,بازنشستگی,7987.5,0.037
ماهانه,1404-11,بهمن 1404,سبد گردان کاریزما,بخشی,8064.2,0.037
ماهانه,1404-11,بهمن 1404,سبد گردان کاریزما,تضمین اصل سرمایه,5941.0,0.027
ماهانه,1404-11,بهمن 1404,سبد گردان کاریزما,درآمد ثابت,453523.8,2.083
ماهانه,1404-11,بهمن 1404,سبد گردان کاریزما,سهامی,11555.1,0.053
ماهانه,1404-11,بهمن 1404,سبد گردان کاریزما,شاخصی,4536.1,0.021
ماهانه,1404-11,بهمن 1404,سبد گردان کاریزما,صندوق در صندوق,1479.2,0.007
ماهانه,1404-11,بهمن 1404,سبد گردان کاریزما,مختلط,13510.4,0.062
ماهانه,1404-11,بهمن 1404,سبد گردان کاریزما,کالایی,545601.1,2.506
ماهانه,1404-11,بهمن 1404,سبدگردان آگاه,املاک و مستغلات,5499.5,0.025
ماهانه,1404-11,بهمن 1404,سبدگردان آگاه,اهرمی,50143.9,0.23
ماهانه,1404-11,بهمن 1404,سبدگردان آگاه,بازنشستگی,8274.4,0.038
ماهانه,1404-11,بهمن 1404,سبدگردان آگاه,بخشی,27871.7,0.128
ماهانه,1404-11,بهمن 1404,سبدگردان آگاه,درآمد ثابت,493211.0,2.265
ماهانه,1404-11,بهمن 1404,سبدگردان آگاه,سهامی,54576.1,0.251
ماهانه,1404-11,بهمن 1404,سبدگردان آگاه,مختلط,618.9,0.003
ماهانه,1404-11,بهمن 1404,سبدگردان آگاه,کالایی,356101.2,1.635
ماهانه,1404-11,بهمن 1404,سبدگردان توسعه فیروزه,اهرمی,130117.1,0.598
ماهانه,1404-11,بهمن 1404,سبدگردان توسعه فیروزه,بخشی,18761.9,0.086
ماهانه,1404-11,بهمن 1404,سبدگردان توسعه فیروزه,جسورانه,610.6,0.003
ماهانه,1404-11,بهمن 1404,سبدگردان توسعه فیروزه,خصوصی,1312.9,0.006
ماهانه,1404-11,بهمن 1404,سبدگردان توسعه فیروزه,درآمد ثابت,233504.5,1.072
ماهانه,1404-11,بهمن 1404,سبدگردان توسعه فیروزه,سهامی,16690.0,0.077
ماهانه,1404-11,بهمن 1404,سبدگردان توسعه فیروزه,شاخصی,10417.4,0.048
ماهانه,1404-11,بهمن 1404,سبدگردان توسعه فیروزه,کالایی,98519.1,0.452
ماهانه,1404-11,بهمن 1404,سبدگردان فارابی,اهرمی,64771.9,0.298
ماهانه,1404-11,بهمن 1404,سبدگردان فارابی,بخشی,4903.2,0.022
ماهانه,1404-11,بهمن 1404,سبدگردان فارابی,درآمد ثابت,261948.2,1.203
ماهانه,1404-11,بهمن 1404,سبدگردان فارابی,سهامی,11403.6,0.052
ماهانه,1404-11,بهمن 1404,سبدگردان فارابی,کالایی,69071.0,0.317
ماهانه,1404-11,بهمن 1404,سبدگردان مفید,اهرمی,101790.8,0.468
ماهانه,1404-11,بهمن 1404,سبدگردان مفید,بازنشستگی,38625.6,0.177
ماهانه,1404-11,بهمن 1404,سبدگردان مفید,بخشی,64425.9,0.296
ماهانه,1404-11,بهمن 1404,سبدگردان مفید,تضمین اصل سرمایه,14300.2,0.066
ماهانه,1404-11,بهمن 1404,سبدگردان مفید,درآمد ثابت,1636310.5,7.515
ماهانه,1404-11,بهمن 1404,سبدگردان مفید,سهامی,283887.8,1.304
ماهانه,1404-11,بهمن 1404,سبدگردان مفید,شاخصی,20848.7,0.096
ماهانه,1404-11,بهمن 1404,سبدگردان مفید,مختلط,2350.3,0.011
ماهانه,1404-11,بهمن 1404,سبدگردان مفید,کالایی,2155223.8,9.898
ماهانه,1404-11,بهمن 1404,مشاور سرمایه گذاری ترنج,اهرمی,51756.4,0.238
ماهانه,1404-11,بهمن 1404,مشاور سرمایه گذاری ترنج,درآمد ثابت,325003.6,1.493
ماهانه,1404-11,بهمن 1404,مشاور سرمایه گذاری ترنج,سهامی,38268.2,0.176
ماهانه,1404-11,بهمن 1404,مشاور سرمایه گذاری ترنج,صندوق در صندوق,13410.2,0.062
ماهانه,1404-11,بهمن 1404,مشاور سرمایه گذاری ترنج,مختلط,60191.1,0.276
ماهانه,1404-11,بهمن 1404,مشاور سرمایه گذاری ترنج,کالایی,29984.3,0.138
ماهانه,1404-12,اسفند 1404,تامین سرمایه,املاک و مستغلات,10871.2,0.05
ماهانه,1404-12,اسفند 1404,تامین سرمایه,اهرمی,15790.3,0.072
ماهانه,1404-12,اسفند 1404,تامین سرمایه,بازنشستگی,7877.7,0.036
ماهانه,1404-12,اسفند 1404,تامین سرمایه,بخشی,505511.7,2.316
ماهانه,1404-12,اسفند 1404,تامین سرمایه,تضمین اصل سرمایه,22909.8,0.105
ماهانه,1404-12,اسفند 1404,تامین سرمایه,درآمد ثابت,5435177.8,24.906
ماهانه,1404-12,اسفند 1404,تامین سرمایه,سهامی,133327.0,0.611
ماهانه,1404-12,اسفند 1404,تامین سرمایه,شاخصی,8767.0,0.04
ماهانه,1404-12,اسفند 1404,تامین سرمایه,مختلط,11967.2,0.055
ماهانه,1404-12,اسفند 1404,تامین سرمایه,کالایی,1550372.7,7.104
ماهانه,1404-12,اسفند 1404,سایر مدیران,املاک و مستغلات,62204.1,0.285
ماهانه,1404-12,اسفند 1404,سایر مدیران,اهرمی,24124.5,0.111
ماهانه,1404-12,اسفند 1404,سایر مدیران,بازنشستگی,21859.6,0.1
ماهانه,1404-12,اسفند 1404,سایر مدیران,بخشی,114392.5,0.524
ماهانه,1404-12,اسفند 1404,سایر مدیران,تضمین اصل سرمایه,1332.0,0.006
ماهانه,1404-12,اسفند 1404,سایر مدیران,جسورانه,8247.2,0.038
ماهانه,1404-12,اسفند 1404,سایر مدیران,خصوصی,19388.3,0.089
ماهانه,1404-12,اسفند 1404,سایر مدیران,درآمد ثابت,3852575.5,17.654
ماهانه,1404-12,اسفند 1404,سایر مدیران,سهامی,290352.0,1.33
ماهانه,1404-12,اسفند 1404,سایر مدیران,شاخصی,15399.6,0.071
ماهانه,1404-12,اسفند 1404,سایر مدیران,صندوق در صندوق,17496.9,0.08
ماهانه,1404-12,اسفند 1404,سایر مدیران,مختلط,29876.2,0.137
ماهانه,1404-12,اسفند 1404,سایر مدیران,پروژه‌ای,28410.9,0.13
ماهانه,1404-12,اسفند 1404,سایر مدیران,کالایی,1174248.0,5.381
ماهانه,1404-12,اسفند 1404,سبد گردان اقتصاد بیدار,اهرمی,63365.3,0.29
ماهانه,1404-12,اسفند 1404,سبد گردان اقتصاد بیدار,درآمد ثابت,276676.6,1.268
ماهانه,1404-12,اسفند 1404,سبد گردان اقتصاد بیدار,سهامی,19246.8,0.088
ماهانه,1404-12,اسفند 1404,سبد گردان اقتصاد بیدار,کالایی,49723.5,0.228
ماهانه,1404-12,اسفند 1404,سبد گردان کاریزما,اهرمی,209555.2,0.96
ماهانه,1404-12,اسفند 1404,سبد گردان کاریزما,بازنشستگی,7621.8,0.035
ماهانه,1404-12,اسفند 1404,سبد گردان کاریزما,بخشی,7880.0,0.036
ماهانه,1404-12,اسفند 1404,سبد گردان کاریزما,تضمین اصل سرمایه,5892.2,0.027
ماهانه,1404-12,اسفند 1404,سبد گردان کاریزما,درآمد ثابت,433840.4,1.988
ماهانه,1404-12,اسفند 1404,سبد گردان کاریزما,سهامی,11162.6,0.051
ماهانه,1404-12,اسفند 1404,سبد گردان کاریزما,شاخصی,4222.7,0.019
ماهانه,1404-12,اسفند 1404,سبد گردان کاریزما,صندوق در صندوق,1284.8,0.006
ماهانه,1404-12,اسفند 1404,سبد گردان کاریزما,مختلط,13745.7,0.063
ماهانه,1404-12,اسفند 1404,سبد گردان کاریزما,کالایی,545887.4,2.502
ماهانه,1404-12,اسفند 1404,سبدگردان آگاه,املاک و مستغلات,5547.9,0.025
ماهانه,1404-12,اسفند 1404,سبدگردان آگاه,اهرمی,48930.1,0.224
ماهانه,1404-12,اسفند 1404,سبدگردان آگاه,بازنشستگی,8158.7,0.037
ماهانه,1404-12,اسفند 1404,سبدگردان آگاه,بخشی,27151.5,0.124
ماهانه,1404-12,اسفند 1404,سبدگردان آگاه,درآمد ثابت,468972.9,2.149
ماهانه,1404-12,اسفند 1404,سبدگردان آگاه,سهامی,52742.2,0.242
ماهانه,1404-12,اسفند 1404,سبدگردان آگاه,مختلط,569.8,0.003
ماهانه,1404-12,اسفند 1404,سبدگردان آگاه,کالایی,348102.1,1.595
ماهانه,1404-12,اسفند 1404,سبدگردان توسعه فیروزه,اهرمی,130048.2,0.596
ماهانه,1404-12,اسفند 1404,سبدگردان توسعه فیروزه,بخشی,18034.9,0.083
ماهانه,1404-12,اسفند 1404,سبدگردان توسعه فیروزه,جسورانه,612.0,0.003
ماهانه,1404-12,اسفند 1404,سبدگردان توسعه فیروزه,خصوصی,1315.8,0.006
ماهانه,1404-12,اسفند 1404,سبدگردان توسعه فیروزه,درآمد ثابت,272989.1,1.251
ماهانه,1404-12,اسفند 1404,سبدگردان توسعه فیروزه,سهامی,14361.2,0.066
ماهانه,1404-12,اسفند 1404,سبدگردان توسعه فیروزه,شاخصی,9395.6,0.043
ماهانه,1404-12,اسفند 1404,سبدگردان توسعه فیروزه,کالایی,97419.3,0.446
ماهانه,1404-12,اسفند 1404,سبدگردان فارابی,اهرمی,64644.0,0.296
ماهانه,1404-12,اسفند 1404,سبدگردان فارابی,بخشی,4852.2,0.022
ماهانه,1404-12,اسفند 1404,سبدگردان فارابی,درآمد ثابت,259174.6,1.188
ماهانه,1404-12,اسفند 1404,سبدگردان فارابی,سهامی,10947.5,0.05
ماهانه,1404-12,اسفند 1404,سبدگردان فارابی,کالایی,77001.6,0.353
ماهانه,1404-12,اسفند 1404,سبدگردان مفید,اهرمی,99703.2,0.457
ماهانه,1404-12,اسفند 1404,سبدگردان مفید,بازنشستگی,37326.0,0.171
ماهانه,1404-12,اسفند 1404,سبدگردان مفید,بخشی,63193.5,0.29
ماهانه,1404-12,اسفند 1404,سبدگردان مفید,تضمین اصل سرمایه,12782.0,0.059
ماهانه,1404-12,اسفند 1404,سبدگردان مفید,درآمد ثابت,1703161.3,7.805
ماهانه,1404-12,اسفند 1404,سبدگردان مفید,سهامی,272976.6,1.251
ماهانه,1404-12,اسفند 1404,سبدگردان مفید,شاخصی,20321.5,0.093
ماهانه,1404-12,اسفند 1404,سبدگردان مفید,مختلط,2278.4,0.01
ماهانه,1404-12,اسفند 1404,سبدگردان مفید,کالایی,2141083.4,9.811
ماهانه,1404-12,اسفند 1404,مشاور سرمایه گذاری ترنج,اهرمی,49690.1,0.228
ماهانه,1404-12,اسفند 1404,مشاور سرمایه گذاری ترنج,درآمد ثابت,342768.7,1.571
ماهانه,1404-12,اسفند 1404,مشاور سرمایه گذاری ترنج,سهامی,37125.9,0.17
ماهانه,1404-12,اسفند 1404,مشاور سرمایه گذاری ترنج,صندوق در صندوق,12876.5,0.059
ماهانه,1404-12,اسفند 1404,مشاور سرمایه گذاری ترنج,مختلط,62421.5,0.286
ماهانه,1404-12,اسفند 1404,مشاور سرمایه گذاری ترنج,کالایی,31347.5,0.144
ماهانه,1405-01,فروردین 1405,تامین سرمایه,املاک و مستغلات,11099.4,0.049
ماهانه,1405-01,فروردین 1405,تامین سرمایه,اهرمی,15718.7,0.069
ماهانه,1405-01,فروردین 1405,تامین سرمایه,بازنشستگی,7779.5,0.034
ماهانه,1405-01,فروردین 1405,تامین سرمایه,بخشی,503906.0,2.22
ماهانه,1405-01,فروردین 1405,تامین سرمایه,تضمین اصل سرمایه,23148.6,0.102
ماهانه,1405-01,فروردین 1405,تامین سرمایه,درآمد ثابت,5866488.0,25.849
ماهانه,1405-01,فروردین 1405,تامین سرمایه,سهامی,129703.3,0.572
ماهانه,1405-01,فروردین 1405,تامین سرمایه,شاخصی,8747.8,0.038
ماهانه,1405-01,فروردین 1405,تامین سرمایه,مختلط,11935.9,0.053
ماهانه,1405-01,فروردین 1405,تامین سرمایه,کالایی,1423049.2,6.27
ماهانه,1405-01,فروردین 1405,سایر مدیران,املاک و مستغلات,62499.1,0.275
ماهانه,1405-01,فروردین 1405,سایر مدیران,اهرمی,21119.8,0.093
ماهانه,1405-01,فروردین 1405,سایر مدیران,بازنشستگی,19949.4,0.088
ماهانه,1405-01,فروردین 1405,سایر مدیران,بخشی,108089.2,0.476
ماهانه,1405-01,فروردین 1405,سایر مدیران,تضمین اصل سرمایه,1336.9,0.006
ماهانه,1405-01,فروردین 1405,سایر مدیران,جسورانه,8386.1,0.037
ماهانه,1405-01,فروردین 1405,سایر مدیران,خصوصی,19547.0,0.086
ماهانه,1405-01,فروردین 1405,سایر مدیران,درآمد ثابت,4353041.1,19.18
ماهانه,1405-01,فروردین 1405,سایر مدیران,سهامی,284125.6,1.252
ماهانه,1405-01,فروردین 1405,سایر مدیران,شاخصی,14118.4,0.062
ماهانه,1405-01,فروردین 1405,سایر مدیران,صندوق در صندوق,17473.4,0.077
ماهانه,1405-01,فروردین 1405,سایر مدیران,مختلط,30251.2,0.133
ماهانه,1405-01,فروردین 1405,سایر مدیران,پروژه‌ای,28410.1,0.125
ماهانه,1405-01,فروردین 1405,سایر مدیران,کالایی,1063740.6,4.687
ماهانه,1405-01,فروردین 1405,سبد گردان اقتصاد بیدار,اهرمی,62920.7,0.277
ماهانه,1405-01,فروردین 1405,سبد گردان اقتصاد بیدار,درآمد ثابت,326805.7,1.44
ماهانه,1405-01,فروردین 1405,سبد گردان اقتصاد بیدار,سهامی,18603.4,0.082
ماهانه,1405-01,فروردین 1405,سبد گردان اقتصاد بیدار,کالایی,52964.9,0.233
ماهانه,1405-01,فروردین 1405,سبد گردان کاریزما,املاک و مستغلات,7246.6,0.032
ماهانه,1405-01,فروردین 1405,سبد گردان کاریزما,اهرمی,173215.7,0.763
ماهانه,1405-01,فروردین 1405,سبد گردان کاریزما,بازنشستگی,7512.1,0.033
ماهانه,1405-01,فروردین 1405,سبد گردان کاریزما,بخشی,6402.8,0.028
ماهانه,1405-01,فروردین 1405,سبد گردان کاریزما,تضمین اصل سرمایه,5950.2,0.026
ماهانه,1405-01,فروردین 1405,سبد گردان کاریزما,درآمد ثابت,540753.1,2.383
ماهانه,1405-01,فروردین 1405,سبد گردان کاریزما,سهامی,11124.7,0.049
ماهانه,1405-01,فروردین 1405,سبد گردان کاریزما,شاخصی,4213.8,0.019
ماهانه,1405-01,فروردین 1405,سبد گردان کاریزما,صندوق در صندوق,1280.4,0.006
ماهانه,1405-01,فروردین 1405,سبد گردان کاریزما,مختلط,13811.5,0.061
ماهانه,1405-01,فروردین 1405,سبد گردان کاریزما,کالایی,495994.2,2.185
ماهانه,1405-01,فروردین 1405,سبدگردان آگاه,املاک و مستغلات,5584.7,0.025
ماهانه,1405-01,فروردین 1405,سبدگردان آگاه,اهرمی,48493.2,0.214
ماهانه,1405-01,فروردین 1405,سبدگردان آگاه,بازنشستگی,8077.4,0.036
ماهانه,1405-01,فروردین 1405,سبدگردان آگاه,بخشی,27082.6,0.119
ماهانه,1405-01,فروردین 1405,سبدگردان آگاه,درآمد ثابت,582848.7,2.568
ماهانه,1405-01,فروردین 1405,سبدگردان آگاه,سهامی,52425.4,0.231
ماهانه,1405-01,فروردین 1405,سبدگردان آگاه,مختلط,553.9,0.002
ماهانه,1405-01,فروردین 1405,سبدگردان آگاه,کالایی,312921.9,1.379
ماهانه,1405-01,فروردین 1405,سبدگردان توسعه فیروزه,اهرمی,129911.4,0.572
ماهانه,1405-01,فروردین 1405,سبدگردان توسعه فیروزه,بخشی,18003.2,0.079
ماهانه,1405-01,فروردین 1405,سبدگردان توسعه فیروزه,جسورانه,611.8,0.003
ماهانه,1405-01,فروردین 1405,سبدگردان توسعه فیروزه,خصوصی,1315.8,0.006
ماهانه,1405-01,فروردین 1405,سبدگردان توسعه فیروزه,درآمد ثابت,299216.3,1.318
ماهانه,1405-01,فروردین 1405,سبدگردان توسعه فیروزه,سهامی,14334.4,0.063
ماهانه,1405-01,فروردین 1405,سبدگردان توسعه فیروزه,شاخصی,9382.5,0.041
ماهانه,1405-01,فروردین 1405,سبدگردان توسعه فیروزه,کالایی,90770.1,0.4
ماهانه,1405-01,فروردین 1405,سبدگردان فارابی,اهرمی,64563.1,0.284
ماهانه,1405-01,فروردین 1405,سبدگردان فارابی,بخشی,4820.2,0.021
ماهانه,1405-01,فروردین 1405,سبدگردان فارابی,درآمد ثابت,272849.9,1.202
ماهانه,1405-01,فروردین 1405,سبدگردان فارابی,سهامی,10841.8,0.048
ماهانه,1405-01,فروردین 1405,سبدگردان فارابی,کالایی,78972.0,0.348
ماهانه,1405-01,فروردین 1405,سبدگردان مفید,اهرمی,100133.0,0.441
ماهانه,1405-01,فروردین 1405,سبدگردان مفید,بازنشستگی,36975.3,0.163
ماهانه,1405-01,فروردین 1405,سبدگردان مفید,بخشی,63127.4,0.278
ماهانه,1405-01,فروردین 1405,سبدگردان مفید,تضمین اصل سرمایه,12820.1,0.056
ماهانه,1405-01,فروردین 1405,سبدگردان مفید,درآمد ثابت,1833565.7,8.079
ماهانه,1405-01,فروردین 1405,سبدگردان مفید,سهامی,271910.9,1.198
ماهانه,1405-01,فروردین 1405,سبدگردان مفید,شاخصی,20290.5,0.089
ماهانه,1405-01,فروردین 1405,سبدگردان مفید,مختلط,2323.3,0.01
ماهانه,1405-01,فروردین 1405,سبدگردان مفید,کالایی,1961930.7,8.645
ماهانه,1405-01,فروردین 1405,مشاور سرمایه گذاری ترنج,اهرمی,49549.4,0.218
ماهانه,1405-01,فروردین 1405,مشاور سرمایه گذاری ترنج,درآمد ثابت,393575.3,1.734
ماهانه,1405-01,فروردین 1405,مشاور سرمایه گذاری ترنج,سهامی,36912.9,0.163
ماهانه,1405-01,فروردین 1405,مشاور سرمایه گذاری ترنج,صندوق در صندوق,12863.7,0.057
ماهانه,1405-01,فروردین 1405,مشاور سرمایه گذاری ترنج,مختلط,63259.4,0.279
ماهانه,1405-01,فروردین 1405,مشاور سرمایه گذاری ترنج,کالایی,40082.5,0.177
ماهانه,1405-02,اردیبهشت 1405,تامین سرمایه,املاک و مستغلات,11318.1,0.046
ماهانه,1405-02,اردیبهشت 1405,تامین سرمایه,اهرمی,15377.8,0.062
ماهانه,1405-02,اردیبهشت 1405,تامین سرمایه,بازنشستگی,9065.2,0.037
ماهانه,1405-02,اردیبهشت 1405,تامین سرمایه,بخشی,487674.4,1.97
ماهانه,1405-02,اردیبهشت 1405,تامین سرمایه,تضمین اصل سرمایه,22885.1,0.092
ماهانه,1405-02,اردیبهشت 1405,تامین سرمایه,درآمد ثابت,6145979.2,24.831
ماهانه,1405-02,اردیبهشت 1405,تامین سرمایه,سهامی,123189.4,0.498
ماهانه,1405-02,اردیبهشت 1405,تامین سرمایه,شاخصی,7795.8,0.032
ماهانه,1405-02,اردیبهشت 1405,تامین سرمایه,مختلط,11772.9,0.048
ماهانه,1405-02,اردیبهشت 1405,تامین سرمایه,کالایی,1780043.6,7.192
ماهانه,1405-02,اردیبهشت 1405,سایر مدیران,املاک و مستغلات,62834.6,0.254
ماهانه,1405-02,اردیبهشت 1405,سایر مدیران,اهرمی,22644.2,0.092
ماهانه,1405-02,اردیبهشت 1405,سایر مدیران,بازنشستگی,21958.4,0.089
ماهانه,1405-02,اردیبهشت 1405,سایر مدیران,بخشی,108087.8,0.437
ماهانه,1405-02,اردیبهشت 1405,سایر مدیران,تضمین اصل سرمایه,1366.9,0.006
ماهانه,1405-02,اردیبهشت 1405,سایر مدیران,جسورانه,11082.4,0.045
ماهانه,1405-02,اردیبهشت 1405,سایر مدیران,خصوصی,19634.0,0.079
ماهانه,1405-02,اردیبهشت 1405,سایر مدیران,درآمد ثابت,4527223.6,18.291
ماهانه,1405-02,اردیبهشت 1405,سایر مدیران,سهامی,274659.1,1.11
ماهانه,1405-02,اردیبهشت 1405,سایر مدیران,شاخصی,15916.9,0.064
ماهانه,1405-02,اردیبهشت 1405,سایر مدیران,صندوق در صندوق,18260.4,0.074
ماهانه,1405-02,اردیبهشت 1405,سایر مدیران,مختلط,29566.7,0.12
ماهانه,1405-02,اردیبهشت 1405,سایر مدیران,پروژه‌ای,28409.3,0.115
ماهانه,1405-02,اردیبهشت 1405,سایر مدیران,کالایی,1462258.3,5.908
ماهانه,1405-02,اردیبهشت 1405,سبد گردان اقتصاد بیدار,اهرمی,60721.6,0.245
ماهانه,1405-02,اردیبهشت 1405,سبد گردان اقتصاد بیدار,درآمد ثابت,419469.0,1.695
ماهانه,1405-02,اردیبهشت 1405,سبد گردان اقتصاد بیدار,سهامی,17367.7,0.07
ماهانه,1405-02,اردیبهشت 1405,سبد گردان اقتصاد بیدار,کالایی,71054.7,0.287
ماهانه,1405-02,اردیبهشت 1405,سبد گردان کاریزما,املاک و مستغلات,7424.9,0.03
ماهانه,1405-02,اردیبهشت 1405,سبد گردان کاریزما,اهرمی,190624.4,0.77
ماهانه,1405-02,اردیبهشت 1405,سبد گردان کاریزما,بازنشستگی,7614.9,0.031
ماهانه,1405-02,اردیبهشت 1405,سبد گردان کاریزما,بخشی,8423.9,0.034
ماهانه,1405-02,اردیبهشت 1405,سبد گردان کاریزما,تضمین اصل سرمایه,5911.7,0.024
ماهانه,1405-02,اردیبهشت 1405,سبد گردان کاریزما,درآمد ثابت,541393.1,2.187
ماهانه,1405-02,اردیبهشت 1405,سبد گردان کاریزما,سهامی,10333.7,0.042
ماهانه,1405-02,اردیبهشت 1405,سبد گردان کاریزما,شاخصی,4220.9,0.017
ماهانه,1405-02,اردیبهشت 1405,سبد گردان کاریزما,صندوق در صندوق,1232.4,0.005
ماهانه,1405-02,اردیبهشت 1405,سبد گردان کاریزما,مختلط,14113.1,0.057
ماهانه,1405-02,اردیبهشت 1405,سبد گردان کاریزما,کالایی,622136.3,2.514
ماهانه,1405-02,اردیبهشت 1405,سبدگردان آگاه,املاک و مستغلات,5651.3,0.023
ماهانه,1405-02,اردیبهشت 1405,سبدگردان آگاه,اهرمی,45431.7,0.184
ماهانه,1405-02,اردیبهشت 1405,سبدگردان آگاه,بازنشستگی,7995.6,0.032
ماهانه,1405-02,اردیبهشت 1405,سبدگردان آگاه,بخشی,24898.5,0.101
ماهانه,1405-02,اردیبهشت 1405,سبدگردان آگاه,درآمد ثابت,573174.0,2.316
ماهانه,1405-02,اردیبهشت 1405,سبدگردان آگاه,سهامی,50788.3,0.205
ماهانه,1405-02,اردیبهشت 1405,سبدگردان آگاه,مختلط,608.1,0.002
ماهانه,1405-02,اردیبهشت 1405,سبدگردان آگاه,کالایی,388422.5,1.569
ماهانه,1405-02,اردیبهشت 1405,سبدگردان توسعه فیروزه,اهرمی,116850.1,0.472
ماهانه,1405-02,اردیبهشت 1405,سبدگردان توسعه فیروزه,بخشی,20663.9,0.084
ماهانه,1405-02,اردیبهشت 1405,سبدگردان توسعه فیروزه,جسورانه,611.4,0.002
ماهانه,1405-02,اردیبهشت 1405,سبدگردان توسعه فیروزه,خصوصی,1345.2,0.005
ماهانه,1405-02,اردیبهشت 1405,سبدگردان توسعه فیروزه,درآمد ثابت,298006.5,1.204
ماهانه,1405-02,اردیبهشت 1405,سبدگردان توسعه فیروزه,سهامی,14153.9,0.057
ماهانه,1405-02,اردیبهشت 1405,سبدگردان توسعه فیروزه,شاخصی,8326.6,0.034
ماهانه,1405-02,اردیبهشت 1405,سبدگردان توسعه فیروزه,کالایی,162124.3,0.655
ماهانه,1405-02,اردیبهشت 1405,سبدگردان فارابی,اهرمی,61381.7,0.248
ماهانه,1405-02,اردیبهشت 1405,سبدگردان فارابی,بخشی,4512.7,0.018
ماهانه,1405-02,اردیبهشت 1405,سبدگردان فارابی,درآمد ثابت,275506.3,1.113
ماهانه,1405-02,اردیبهشت 1405,سبدگردان فارابی,سهامی,10537.9,0.043
ماهانه,1405-02,اردیبهشت 1405,سبدگردان فارابی,کالایی,105536.5,0.426
ماهانه,1405-02,اردیبهشت 1405,سبدگردان مفید,اهرمی,88698.0,0.358
ماهانه,1405-02,اردیبهشت 1405,سبدگردان مفید,بازنشستگی,35778.8,0.145
ماهانه,1405-02,اردیبهشت 1405,سبدگردان مفید,بخشی,61882.3,0.25
ماهانه,1405-02,اردیبهشت 1405,سبدگردان مفید,تضمین اصل سرمایه,12405.5,0.05
ماهانه,1405-02,اردیبهشت 1405,سبدگردان مفید,درآمد ثابت,1861880.4,7.522
ماهانه,1405-02,اردیبهشت 1405,سبدگردان مفید,سهامی,251632.9,1.017
ماهانه,1405-02,اردیبهشت 1405,سبدگردان مفید,شاخصی,19177.5,0.078
ماهانه,1405-02,اردیبهشت 1405,سبدگردان مفید,مختلط,2345.0,0.01
ماهانه,1405-02,اردیبهشت 1405,سبدگردان مفید,کالایی,2415854.9,9.76
ماهانه,1405-02,اردیبهشت 1405,مشاور سرمایه گذاری ترنج,اهرمی,54035.6,0.218
ماهانه,1405-02,اردیبهشت 1405,مشاور سرمایه گذاری ترنج,درآمد ثابت,381000.0,1.539
ماهانه,1405-02,اردیبهشت 1405,مشاور سرمایه گذاری ترنج,سهامی,35546.3,0.144
ماهانه,1405-02,اردیبهشت 1405,مشاور سرمایه گذاری ترنج,صندوق در صندوق,13501.6,0.054
ماهانه,1405-02,اردیبهشت 1405,مشاور سرمایه گذاری ترنج,مختلط,63832.7,0.258
ماهانه,1405-02,اردیبهشت 1405,مشاور سرمایه گذاری ترنج,کالایی,76244.9,0.308
ماهانه,1405-03,خرداد 1405,تامین سرمایه,املاک و مستغلات,10902.0,0.042
ماهانه,1405-03,خرداد 1405,تامین سرمایه,اهرمی,16345.5,0.062
ماهانه,1405-03,خرداد 1405,تامین سرمایه,بازنشستگی,11855.7,0.045
ماهانه,1405-03,خرداد 1405,تامین سرمایه,بخشی,792050.3,3.02
ماهانه,1405-03,خرداد 1405,تامین سرمایه,تضمین اصل سرمایه,26642.9,0.102
ماهانه,1405-03,خرداد 1405,تامین سرمایه,درآمد ثابت,6586886.8,25.118
ماهانه,1405-03,خرداد 1405,تامین سرمایه,سهامی,180471.2,0.688
ماهانه,1405-03,خرداد 1405,تامین سرمایه,شاخصی,11358.4,0.043
ماهانه,1405-03,خرداد 1405,تامین سرمایه,مختلط,15371.0,0.059
ماهانه,1405-03,خرداد 1405,تامین سرمایه,کالایی,1482075.5,5.652
ماهانه,1405-03,خرداد 1405,سایر مدیران,املاک و مستغلات,102015.3,0.389
ماهانه,1405-03,خرداد 1405,سایر مدیران,اهرمی,33097.9,0.126
ماهانه,1405-03,خرداد 1405,سایر مدیران,بازنشستگی,27527.7,0.105
ماهانه,1405-03,خرداد 1405,سایر مدیران,بخشی,173441.7,0.661
ماهانه,1405-03,خرداد 1405,سایر مدیران,تضمین اصل سرمایه,1417.4,0.005
ماهانه,1405-03,خرداد 1405,سایر مدیران,جسورانه,11117.0,0.042
ماهانه,1405-03,خرداد 1405,سایر مدیران,خصوصی,20215.2,0.077
ماهانه,1405-03,خرداد 1405,سایر مدیران,درآمد ثابت,5004415.4,19.083
ماهانه,1405-03,خرداد 1405,سایر مدیران,سهامی,433962.0,1.655
ماهانه,1405-03,خرداد 1405,سایر مدیران,شاخصی,29922.6,0.114
ماهانه,1405-03,خرداد 1405,سایر مدیران,صندوق در صندوق,18140.9,0.069
ماهانه,1405-03,خرداد 1405,سایر مدیران,مختلط,19831.7,0.076
ماهانه,1405-03,خرداد 1405,سایر مدیران,پروژه‌ای,28408.5,0.108
ماهانه,1405-03,خرداد 1405,سایر مدیران,کالایی,1227615.8,4.681
ماهانه,1405-03,خرداد 1405,سبد گردان اقتصاد بیدار,اهرمی,92138.2,0.351
ماهانه,1405-03,خرداد 1405,سبد گردان اقتصاد بیدار,درآمد ثابت,475457.6,1.813
ماهانه,1405-03,خرداد 1405,سبد گردان اقتصاد بیدار,سهامی,24789.4,0.094
ماهانه,1405-03,خرداد 1405,سبد گردان اقتصاد بیدار,کالایی,65364.6,0.249
ماهانه,1405-03,خرداد 1405,سبد گردان کاریزما,املاک و مستغلات,7523.4,0.029
ماهانه,1405-03,خرداد 1405,سبد گردان کاریزما,اهرمی,267701.8,1.021
ماهانه,1405-03,خرداد 1405,سبد گردان کاریزما,بازنشستگی,8878.1,0.034
ماهانه,1405-03,خرداد 1405,سبد گردان کاریزما,بخشی,18814.1,0.072
ماهانه,1405-03,خرداد 1405,سبد گردان کاریزما,تضمین اصل سرمایه,7090.1,0.027
ماهانه,1405-03,خرداد 1405,سبد گردان کاریزما,درآمد ثابت,597831.9,2.28
ماهانه,1405-03,خرداد 1405,سبد گردان کاریزما,سهامی,16965.2,0.065
ماهانه,1405-03,خرداد 1405,سبد گردان کاریزما,شاخصی,9397.8,0.036
ماهانه,1405-03,خرداد 1405,سبد گردان کاریزما,صندوق در صندوق,4200.6,0.016
ماهانه,1405-03,خرداد 1405,سبد گردان کاریزما,مختلط,17161.1,0.065
ماهانه,1405-03,خرداد 1405,سبد گردان کاریزما,کالایی,493516.4,1.882
ماهانه,1405-03,خرداد 1405,سبدگردان آگاه,املاک و مستغلات,5909.9,0.022
ماهانه,1405-03,خرداد 1405,سبدگردان آگاه,اهرمی,66933.6,0.255
ماهانه,1405-03,خرداد 1405,سبدگردان آگاه,بازنشستگی,11067.5,0.042
ماهانه,1405-03,خرداد 1405,سبدگردان آگاه,بخشی,42833.4,0.163
ماهانه,1405-03,خرداد 1405,سبدگردان آگاه,درآمد ثابت,620348.3,2.366
ماهانه,1405-03,خرداد 1405,سبدگردان آگاه,سهامی,92486.1,0.353
ماهانه,1405-03,خرداد 1405,سبدگردان آگاه,مختلط,754.1,0.003
ماهانه,1405-03,خرداد 1405,سبدگردان آگاه,کالایی,322736.7,1.231
ماهانه,1405-03,خرداد 1405,سبدگردان توسعه فیروزه,اهرمی,176198.3,0.672
ماهانه,1405-03,خرداد 1405,سبدگردان توسعه فیروزه,بخشی,33248.3,0.127
ماهانه,1405-03,خرداد 1405,سبدگردان توسعه فیروزه,جسورانه,611.4,0.002
ماهانه,1405-03,خرداد 1405,سبدگردان توسعه فیروزه,خصوصی,1343.8,0.005
ماهانه,1405-03,خرداد 1405,سبدگردان توسعه فیروزه,درآمد ثابت,350978.2,1.338
ماهانه,1405-03,خرداد 1405,سبدگردان توسعه فیروزه,سهامی,18406.9,0.07
ماهانه,1405-03,خرداد 1405,سبدگردان توسعه فیروزه,شاخصی,17882.7,0.068
ماهانه,1405-03,خرداد 1405,سبدگردان توسعه فیروزه,کالایی,144525.6,0.551
ماهانه,1405-03,خرداد 1405,سبدگردان فارابی,اهرمی,85656.4,0.327
ماهانه,1405-03,خرداد 1405,سبدگردان فارابی,بخشی,6058.1,0.023
ماهانه,1405-03,خرداد 1405,سبدگردان فارابی,درآمد ثابت,310551.5,1.184
ماهانه,1405-03,خرداد 1405,سبدگردان فارابی,سهامی,21852.4,0.083
ماهانه,1405-03,خرداد 1405,سبدگردان فارابی,کالایی,93709.6,0.357
ماهانه,1405-03,خرداد 1405,سبدگردان مفید,اهرمی,129346.3,0.493
ماهانه,1405-03,خرداد 1405,سبدگردان مفید,بازنشستگی,47636.3,0.182
ماهانه,1405-03,خرداد 1405,سبدگردان مفید,بخشی,103952.0,0.396
ماهانه,1405-03,خرداد 1405,سبدگردان مفید,تضمین اصل سرمایه,25372.6,0.097
ماهانه,1405-03,خرداد 1405,سبدگردان مفید,درآمد ثابت,1960935.5,7.478
ماهانه,1405-03,خرداد 1405,سبدگردان مفید,سهامی,431282.0,1.645
ماهانه,1405-03,خرداد 1405,سبدگردان مفید,شاخصی,32328.1,0.123
ماهانه,1405-03,خرداد 1405,سبدگردان مفید,مختلط,3540.6,0.014
ماهانه,1405-03,خرداد 1405,سبدگردان مفید,کالایی,2009542.2,7.663
ماهانه,1405-03,خرداد 1405,مشاور سرمایه گذاری ترنج,اهرمی,77650.2,0.296
ماهانه,1405-03,خرداد 1405,مشاور سرمایه گذاری ترنج,درآمد ثابت,407416.8,1.554
ماهانه,1405-03,خرداد 1405,مشاور سرمایه گذاری ترنج,سهامی,56085.6,0.214
ماهانه,1405-03,خرداد 1405,مشاور سرمایه گذاری ترنج,صندوق در صندوق,10192.2,0.039
ماهانه,1405-03,خرداد 1405,مشاور سرمایه گذاری ترنج,مختلط,61191.7,0.233
ماهانه,1405-03,خرداد 1405,مشاور سرمایه گذاری ترنج,کالایی,71407.6,0.272
ماهانه,1405-04,تیر 1405,تامین سرمایه,املاک و مستغلات,11135.9,0.039
ماهانه,1405-04,تیر 1405,تامین سرمایه,اهرمی,17856.9,0.063
ماهانه,1405-04,تیر 1405,تامین سرمایه,بازنشستگی,11678.5,0.041
ماهانه,1405-04,تیر 1405,تامین سرمایه,بخشی,739757.3,2.593
ماهانه,1405-04,تیر 1405,تامین سرمایه,تضمین اصل سرمایه,26997.8,0.095
ماهانه,1405-04,تیر 1405,تامین سرمایه,درآمد ثابت,6837149.2,23.962
ماهانه,1405-04,تیر 1405,تامین سرمایه,سهامی,176933.2,0.62
ماهانه,1405-04,تیر 1405,تامین سرمایه,شاخصی,11286.7,0.04
ماهانه,1405-04,تیر 1405,تامین سرمایه,مختلط,15706.1,0.055
ماهانه,1405-04,تیر 1405,تامین سرمایه,کالایی,1776792.6,6.227
ماهانه,1405-04,تیر 1405,سایر مدیران,املاک و مستغلات,101001.5,0.354
ماهانه,1405-04,تیر 1405,سایر مدیران,اهرمی,38716.0,0.136
ماهانه,1405-04,تیر 1405,سایر مدیران,بازنشستگی,28844.2,0.101
ماهانه,1405-04,تیر 1405,سایر مدیران,بخشی,164721.2,0.577
ماهانه,1405-04,تیر 1405,سایر مدیران,تضمین اصل سرمایه,1280.1,0.005
ماهانه,1405-04,تیر 1405,سایر مدیران,جسورانه,12315.1,0.043
ماهانه,1405-04,تیر 1405,سایر مدیران,خصوصی,20499.5,0.072
ماهانه,1405-04,تیر 1405,سایر مدیران,درآمد ثابت,5444591.4,19.082
ماهانه,1405-04,تیر 1405,سایر مدیران,سهامی,424807.8,1.489
ماهانه,1405-04,تیر 1405,سایر مدیران,شاخصی,24700.7,0.087
ماهانه,1405-04,تیر 1405,سایر مدیران,صندوق در صندوق,17823.1,0.062
ماهانه,1405-04,تیر 1405,سایر مدیران,مختلط,20604.8,0.072
ماهانه,1405-04,تیر 1405,سایر مدیران,پروژه‌ای,28407.8,0.1
ماهانه,1405-04,تیر 1405,سایر مدیران,کالایی,1484493.0,5.203
ماهانه,1405-04,تیر 1405,سبد گردان اقتصاد بیدار,اهرمی,104946.8,0.368
ماهانه,1405-04,تیر 1405,سبد گردان اقتصاد بیدار,درآمد ثابت,518318.2,1.816
ماهانه,1405-04,تیر 1405,سبد گردان اقتصاد بیدار,سهامی,23611.5,0.083
ماهانه,1405-04,تیر 1405,سبد گردان اقتصاد بیدار,کالایی,90711.1,0.318
ماهانه,1405-04,تیر 1405,سبد گردان کاریزما,املاک و مستغلات,7609.2,0.027
ماهانه,1405-04,تیر 1405,سبد گردان کاریزما,اهرمی,270806.1,0.949
ماهانه,1405-04,تیر 1405,سبد گردان کاریزما,بازنشستگی,9230.7,0.032
ماهانه,1405-04,تیر 1405,سبد گردان کاریزما,بخشی,16438.4,0.058
ماهانه,1405-04,تیر 1405,سبد گردان کاریزما,تضمین اصل سرمایه,7174.4,0.025
ماهانه,1405-04,تیر 1405,سبد گردان کاریزما,درآمد ثابت,664830.7,2.33
ماهانه,1405-04,تیر 1405,سبد گردان کاریزما,سهامی,15666.5,0.055
ماهانه,1405-04,تیر 1405,سبد گردان کاریزما,شاخصی,9387.5,0.033
ماهانه,1405-04,تیر 1405,سبد گردان کاریزما,صندوق در صندوق,4027.0,0.014
ماهانه,1405-04,تیر 1405,سبد گردان کاریزما,مختلط,17509.9,0.061
ماهانه,1405-04,تیر 1405,سبد گردان کاریزما,کالایی,591216.6,2.072
ماهانه,1405-04,تیر 1405,سبدگردان آگاه,املاک و مستغلات,5927.1,0.021
ماهانه,1405-04,تیر 1405,سبدگردان آگاه,اهرمی,83740.7,0.294
ماهانه,1405-04,تیر 1405,سبدگردان آگاه,بازنشستگی,11792.7,0.041
ماهانه,1405-04,تیر 1405,سبدگردان آگاه,بخشی,39412.2,0.138
ماهانه,1405-04,تیر 1405,سبدگردان آگاه,درآمد ثابت,693009.3,2.429
ماهانه,1405-04,تیر 1405,سبدگردان آگاه,سهامی,93928.6,0.329
ماهانه,1405-04,تیر 1405,سبدگردان آگاه,مختلط,774.8,0.003
ماهانه,1405-04,تیر 1405,سبدگردان آگاه,کالایی,380669.0,1.334
ماهانه,1405-04,تیر 1405,سبدگردان توسعه فیروزه,اهرمی,201704.5,0.707
ماهانه,1405-04,تیر 1405,سبدگردان توسعه فیروزه,بخشی,30766.0,0.108
ماهانه,1405-04,تیر 1405,سبدگردان توسعه فیروزه,جسورانه,610.8,0.002
ماهانه,1405-04,تیر 1405,سبدگردان توسعه فیروزه,خصوصی,1342.3,0.005
ماهانه,1405-04,تیر 1405,سبدگردان توسعه فیروزه,درآمد ثابت,374834.7,1.314
ماهانه,1405-04,تیر 1405,سبدگردان توسعه فیروزه,سهامی,17547.8,0.062
ماهانه,1405-04,تیر 1405,سبدگردان توسعه فیروزه,شاخصی,13273.9,0.046
ماهانه,1405-04,تیر 1405,سبدگردان توسعه فیروزه,کالایی,172501.4,0.605
ماهانه,1405-04,تیر 1405,سبدگردان فارابی,اهرمی,91436.7,0.32
ماهانه,1405-04,تیر 1405,سبدگردان فارابی,بخشی,5719.9,0.02
ماهانه,1405-04,تیر 1405,سبدگردان فارابی,درآمد ثابت,360417.6,1.263
ماهانه,1405-04,تیر 1405,سبدگردان فارابی,سهامی,21425.7,0.075
ماهانه,1405-04,تیر 1405,سبدگردان فارابی,کالایی,110873.9,0.389
ماهانه,1405-04,تیر 1405,سبدگردان مفید,اهرمی,127705.1,0.448
ماهانه,1405-04,تیر 1405,سبدگردان مفید,بازنشستگی,51362.8,0.18
ماهانه,1405-04,تیر 1405,سبدگردان مفید,بخشی,108586.7,0.381
ماهانه,1405-04,تیر 1405,سبدگردان مفید,تضمین اصل سرمایه,21918.4,0.077
ماهانه,1405-04,تیر 1405,سبدگردان مفید,درآمد ثابت,2114554.6,7.411
ماهانه,1405-04,تیر 1405,سبدگردان مفید,سهامی,406977.6,1.426
ماهانه,1405-04,تیر 1405,سبدگردان مفید,شاخصی,28458.5,0.1
ماهانه,1405-04,تیر 1405,سبدگردان مفید,مختلط,3382.5,0.012
ماهانه,1405-04,تیر 1405,سبدگردان مفید,کالایی,2405086.1,8.429
ماهانه,1405-04,تیر 1405,مشاور سرمایه گذاری ترنج,اهرمی,102429.4,0.359
ماهانه,1405-04,تیر 1405,مشاور سرمایه گذاری ترنج,درآمد ثابت,439279.9,1.54
ماهانه,1405-04,تیر 1405,مشاور سرمایه گذاری ترنج,سهامی,51638.1,0.181
ماهانه,1405-04,تیر 1405,مشاور سرمایه گذاری ترنج,صندوق در صندوق,9426.5,0.033
ماهانه,1405-04,تیر 1405,مشاور سرمایه گذاری ترنج,مختلط,62293.4,0.218
ماهانه,1405-04,تیر 1405,مشاور سرمایه گذاری ترنج,کالایی,98855.5,0.347
ماهانه,1405-05,مرداد 1405,تامین سرمایه,املاک و مستغلات,11331.8,0.036
ماهانه,1405-05,مرداد 1405,تامین سرمایه,اهرمی,21141.4,0.066
ماهانه,1405-05,مرداد 1405,تامین سرمایه,بازنشستگی,13832.5,0.043
ماهانه,1405-05,مرداد 1405,تامین سرمایه,بخشی,921699.8,2.887
ماهانه,1405-05,مرداد 1405,تامین سرمایه,تضمین اصل سرمایه,29893.7,0.094
ماهانه,1405-05,مرداد 1405,تامین سرمایه,درآمد ثابت,7388402.9,23.145
ماهانه,1405-05,مرداد 1405,تامین سرمایه,سهامی,213681.3,0.669
ماهانه,1405-05,مرداد 1405,تامین سرمایه,شاخصی,14120.5,0.044
ماهانه,1405-05,مرداد 1405,تامین سرمایه,مختلط,17957.0,0.056
ماهانه,1405-05,مرداد 1405,تامین سرمایه,کالایی,2037610.4,6.383
ماهانه,1405-05,مرداد 1405,سایر مدیران,املاک و مستغلات,62864.1,0.197
ماهانه,1405-05,مرداد 1405,سایر مدیران,اهرمی,49641.9,0.156
ماهانه,1405-05,مرداد 1405,سایر مدیران,بازنشستگی,35777.7,0.112
ماهانه,1405-05,مرداد 1405,سایر مدیران,بخشی,200104.2,0.627
ماهانه,1405-05,مرداد 1405,سایر مدیران,تضمین اصل سرمایه,1322.6,0.004
ماهانه,1405-05,مرداد 1405,سایر مدیران,جسورانه,11064.2,0.035
ماهانه,1405-05,مرداد 1405,سایر مدیران,خصوصی,21246.2,0.067
ماهانه,1405-05,مرداد 1405,سایر مدیران,درآمد ثابت,5931707.1,18.582
ماهانه,1405-05,مرداد 1405,سایر مدیران,سهامی,560621.5,1.756
ماهانه,1405-05,مرداد 1405,سایر مدیران,شاخصی,26915.9,0.084
ماهانه,1405-05,مرداد 1405,سایر مدیران,صندوق در صندوق,21442.8,0.067
ماهانه,1405-05,مرداد 1405,سایر مدیران,مختلط,21617.5,0.068
ماهانه,1405-05,مرداد 1405,سایر مدیران,پروژه‌ای,28406.8,0.089
ماهانه,1405-05,مرداد 1405,سایر مدیران,کالایی,1766153.2,5.533
ماهانه,1405-05,مرداد 1405,سبد گردان اقتصاد بیدار,اهرمی,134051.3,0.42
ماهانه,1405-05,مرداد 1405,سبد گردان اقتصاد بیدار,درآمد ثابت,570302.1,1.786
ماهانه,1405-05,مرداد 1405,سبد گردان اقتصاد بیدار,سهامی,30505.7,0.096
ماهانه,1405-05,مرداد 1405,سبد گردان اقتصاد بیدار,کالایی,113278.2,0.355
ماهانه,1405-05,مرداد 1405,سبد گردان کاریزما,املاک و مستغلات,7692.8,0.024
ماهانه,1405-05,مرداد 1405,سبد گردان کاریزما,اهرمی,358589.2,1.123
ماهانه,1405-05,مرداد 1405,سبد گردان کاریزما,بازنشستگی,11225.2,0.035
ماهانه,1405-05,مرداد 1405,سبد گردان کاریزما,بخشی,19101.9,0.06
ماهانه,1405-05,مرداد 1405,سبد گردان کاریزما,تضمین اصل سرمایه,8817.9,0.028
ماهانه,1405-05,مرداد 1405,سبد گردان کاریزما,درآمد ثابت,651723.5,2.042
ماهانه,1405-05,مرداد 1405,سبد گردان کاریزما,سهامی,17354.3,0.054
ماهانه,1405-05,مرداد 1405,سبد گردان کاریزما,شاخصی,10487.1,0.033
ماهانه,1405-05,مرداد 1405,سبد گردان کاریزما,صندوق در صندوق,5063.1,0.016
ماهانه,1405-05,مرداد 1405,سبد گردان کاریزما,مختلط,19146.4,0.06
ماهانه,1405-05,مرداد 1405,سبد گردان کاریزما,کالایی,669726.4,2.098
ماهانه,1405-05,مرداد 1405,سبدگردان آگاه,املاک و مستغلات,8559.8,0.027
ماهانه,1405-05,مرداد 1405,سبدگردان آگاه,اهرمی,102468.8,0.321
ماهانه,1405-05,مرداد 1405,سبدگردان آگاه,بازنشستگی,14080.4,0.044
ماهانه,1405-05,مرداد 1405,سبدگردان آگاه,بخشی,52648.6,0.165
ماهانه,1405-05,مرداد 1405,سبدگردان آگاه,درآمد ثابت,742877.8,2.327
ماهانه,1405-05,مرداد 1405,سبدگردان آگاه,سهامی,118557.2,0.371
ماهانه,1405-05,مرداد 1405,سبدگردان آگاه,مختلط,905.5,0.003
ماهانه,1405-05,مرداد 1405,سبدگردان آگاه,کالایی,455362.0,1.426
ماهانه,1405-05,مرداد 1405,سبدگردان توسعه فیروزه,اهرمی,260795.1,0.817
ماهانه,1405-05,مرداد 1405,سبدگردان توسعه فیروزه,بخشی,51225.7,0.16
ماهانه,1405-05,مرداد 1405,سبدگردان توسعه فیروزه,جسورانه,611.9,0.002
ماهانه,1405-05,مرداد 1405,سبدگردان توسعه فیروزه,خصوصی,1340.9,0.004
ماهانه,1405-05,مرداد 1405,سبدگردان توسعه فیروزه,درآمد ثابت,379339.2,1.188
ماهانه,1405-05,مرداد 1405,سبدگردان توسعه فیروزه,سهامی,22278.3,0.07
ماهانه,1405-05,مرداد 1405,سبدگردان توسعه فیروزه,شاخصی,15082.9,0.047
ماهانه,1405-05,مرداد 1405,سبدگردان توسعه فیروزه,کالایی,208916.0,0.654
ماهانه,1405-05,مرداد 1405,سبدگردان فارابی,اهرمی,113889.4,0.357
ماهانه,1405-05,مرداد 1405,سبدگردان فارابی,بخشی,7205.2,0.023
ماهانه,1405-05,مرداد 1405,سبدگردان فارابی,درآمد ثابت,388722.5,1.218
ماهانه,1405-05,مرداد 1405,سبدگردان فارابی,سهامی,31548.3,0.099
ماهانه,1405-05,مرداد 1405,سبدگردان فارابی,کالایی,130236.2,0.408
ماهانه,1405-05,مرداد 1405,سبدگردان مفید,اهرمی,170662.6,0.535
ماهانه,1405-05,مرداد 1405,سبدگردان مفید,بازنشستگی,71420.4,0.224
ماهانه,1405-05,مرداد 1405,سبدگردان مفید,بخشی,133103.5,0.417
ماهانه,1405-05,مرداد 1405,سبدگردان مفید,تضمین اصل سرمایه,33842.2,0.106
ماهانه,1405-05,مرداد 1405,سبدگردان مفید,درآمد ثابت,2238936.5,7.014
ماهانه,1405-05,مرداد 1405,سبدگردان مفید,سهامی,501956.1,1.572
ماهانه,1405-05,مرداد 1405,سبدگردان مفید,شاخصی,37429.0,0.117
ماهانه,1405-05,مرداد 1405,سبدگردان مفید,مختلط,3987.1,0.012
ماهانه,1405-05,مرداد 1405,سبدگردان مفید,کالایی,2753844.9,8.627
ماهانه,1405-05,مرداد 1405,مشاور سرمایه گذاری ترنج,اهرمی,118573.7,0.371
ماهانه,1405-05,مرداد 1405,مشاور سرمایه گذاری ترنج,درآمد ثابت,441223.1,1.382
ماهانه,1405-05,مرداد 1405,مشاور سرمایه گذاری ترنج,سهامی,59450.4,0.186
ماهانه,1405-05,مرداد 1405,مشاور سرمایه گذاری ترنج,صندوق در صندوق,11864.7,0.037
ماهانه,1405-05,مرداد 1405,مشاور سرمایه گذاری ترنج,مختلط,76277.6,0.239
ماهانه,1405-05,مرداد 1405,مشاور سرمایه گذاری ترنج,کالایی,127246.5,0.399
ماهانه,1405-06,شهریور 1405,تامین سرمایه,املاک و مستغلات,11357.4,0.035
ماهانه,1405-06,شهریور 1405,تامین سرمایه,اهرمی,21520.1,0.067
ماهانه,1405-06,شهریور 1405,تامین سرمایه,بازنشستگی,14087.3,0.044
ماهانه,1405-06,شهریور 1405,تامین سرمایه,بخشی,966372.5,3.001
ماهانه,1405-06,شهریور 1405,تامین سرمایه,تضمین اصل سرمایه,17646.3,0.055
ماهانه,1405-06,شهریور 1405,تامین سرمایه,درآمد ثابت,7396183.2,22.97
ماهانه,1405-06,شهریور 1405,تامین سرمایه,سهامی,216463.6,0.672
ماهانه,1405-06,شهریور 1405,تامین سرمایه,شاخصی,14450.8,0.045
ماهانه,1405-06,شهریور 1405,تامین سرمایه,مختلط,18232.4,0.057
ماهانه,1405-06,شهریور 1405,تامین سرمایه,کالایی,2060645.7,6.4
ماهانه,1405-06,شهریور 1405,سایر مدیران,املاک و مستغلات,60880.8,0.189
ماهانه,1405-06,شهریور 1405,سایر مدیران,اهرمی,50868.2,0.158
ماهانه,1405-06,شهریور 1405,سایر مدیران,بازنشستگی,36411.1,0.113
ماهانه,1405-06,شهریور 1405,سایر مدیران,بخشی,168126.4,0.522
ماهانه,1405-06,شهریور 1405,سایر مدیران,تضمین اصل سرمایه,1338.2,0.004
ماهانه,1405-06,شهریور 1405,سایر مدیران,جسورانه,4480.1,0.014
ماهانه,1405-06,شهریور 1405,سایر مدیران,خصوصی,21295.1,0.066
ماهانه,1405-06,شهریور 1405,سایر مدیران,درآمد ثابت,5990198.6,18.604
ماهانه,1405-06,شهریور 1405,سایر مدیران,سهامی,560168.6,1.74
ماهانه,1405-06,شهریور 1405,سایر مدیران,شاخصی,26672.1,0.083
ماهانه,1405-06,شهریور 1405,سایر مدیران,صندوق در صندوق,24424.4,0.076
ماهانه,1405-06,شهریور 1405,سایر مدیران,مختلط,21745.5,0.068
ماهانه,1405-06,شهریور 1405,سایر مدیران,پروژه‌ای,28406.7,0.088
ماهانه,1405-06,شهریور 1405,سایر مدیران,کالایی,1771710.4,5.502
ماهانه,1405-06,شهریور 1405,سبد گردان اقتصاد بیدار,اهرمی,137098.3,0.426
ماهانه,1405-06,شهریور 1405,سبد گردان اقتصاد بیدار,درآمد ثابت,588521.5,1.828
ماهانه,1405-06,شهریور 1405,سبد گردان اقتصاد بیدار,سهامی,31011.2,0.096
ماهانه,1405-06,شهریور 1405,سبد گردان اقتصاد بیدار,کالایی,113691.2,0.353
ماهانه,1405-06,شهریور 1405,سبد گردان کاریزما,املاک و مستغلات,7699.8,0.024
ماهانه,1405-06,شهریور 1405,سبد گردان کاریزما,اهرمی,371038.6,1.152
ماهانه,1405-06,شهریور 1405,سبد گردان کاریزما,بازنشستگی,11441.4,0.036
ماهانه,1405-06,شهریور 1405,سبد گردان کاریزما,بخشی,19319.6,0.06
ماهانه,1405-06,شهریور 1405,سبد گردان کاریزما,تضمین اصل سرمایه,9092.2,0.028
ماهانه,1405-06,شهریور 1405,سبد گردان کاریزما,درآمد ثابت,662806.9,2.058
ماهانه,1405-06,شهریور 1405,سبد گردان کاریزما,سهامی,17711.3,0.055
ماهانه,1405-06,شهریور 1405,سبد گردان کاریزما,شاخصی,10211.4,0.032
ماهانه,1405-06,شهریور 1405,سبد گردان کاریزما,صندوق در صندوق,5109.8,0.016
ماهانه,1405-06,شهریور 1405,سبد گردان کاریزما,مختلط,19864.8,0.062
ماهانه,1405-06,شهریور 1405,سبد گردان کاریزما,کالایی,672946.7,2.09
ماهانه,1405-06,شهریور 1405,سبدگردان آگاه,املاک و مستغلات,8574.8,0.027
ماهانه,1405-06,شهریور 1405,سبدگردان آگاه,اهرمی,104493.0,0.324
ماهانه,1405-06,شهریور 1405,سبدگردان آگاه,بازنشستگی,14298.8,0.044
ماهانه,1405-06,شهریور 1405,سبدگردان آگاه,بخشی,55910.4,0.174
ماهانه,1405-06,شهریور 1405,سبدگردان آگاه,درآمد ثابت,756951.3,2.351
ماهانه,1405-06,شهریور 1405,سبدگردان آگاه,سهامی,120543.0,0.374
ماهانه,1405-06,شهریور 1405,سبدگردان آگاه,مختلط,911.9,0.003
ماهانه,1405-06,شهریور 1405,سبدگردان آگاه,کالایی,459393.2,1.427
ماهانه,1405-06,شهریور 1405,سبدگردان توسعه فیروزه,اهرمی,264999.9,0.823
ماهانه,1405-06,شهریور 1405,سبدگردان توسعه فیروزه,بخشی,51375.9,0.16
ماهانه,1405-06,شهریور 1405,سبدگردان توسعه فیروزه,جسورانه,611.8,0.002
ماهانه,1405-06,شهریور 1405,سبدگردان توسعه فیروزه,خصوصی,1340.8,0.004
ماهانه,1405-06,شهریور 1405,سبدگردان توسعه فیروزه,درآمد ثابت,385850.5,1.198
ماهانه,1405-06,شهریور 1405,سبدگردان توسعه فیروزه,سهامی,22937.7,0.071
ماهانه,1405-06,شهریور 1405,سبدگردان توسعه فیروزه,شاخصی,14886.1,0.046
ماهانه,1405-06,شهریور 1405,سبدگردان توسعه فیروزه,کالایی,210998.0,0.655
ماهانه,1405-06,شهریور 1405,سبدگردان فارابی,اهرمی,114792.1,0.356
ماهانه,1405-06,شهریور 1405,سبدگردان فارابی,بخشی,7150.3,0.022
ماهانه,1405-06,شهریور 1405,سبدگردان فارابی,درآمد ثابت,397630.4,1.235
ماهانه,1405-06,شهریور 1405,سبدگردان فارابی,سهامی,32665.1,0.101
ماهانه,1405-06,شهریور 1405,سبدگردان فارابی,کالایی,132089.4,0.41
ماهانه,1405-06,شهریور 1405,سبدگردان مفید,اهرمی,172424.2,0.536
ماهانه,1405-06,شهریور 1405,سبدگردان مفید,بازنشستگی,74156.4,0.23
ماهانه,1405-06,شهریور 1405,سبدگردان مفید,بخشی,136059.7,0.423
ماهانه,1405-06,شهریور 1405,سبدگردان مفید,تضمین اصل سرمایه,35786.8,0.111
ماهانه,1405-06,شهریور 1405,سبدگردان مفید,درآمد ثابت,2234245.6,6.939
ماهانه,1405-06,شهریور 1405,سبدگردان مفید,سهامی,510286.2,1.585
ماهانه,1405-06,شهریور 1405,سبدگردان مفید,شاخصی,38645.4,0.12
ماهانه,1405-06,شهریور 1405,سبدگردان مفید,مختلط,4036.4,0.012
ماهانه,1405-06,شهریور 1405,سبدگردان مفید,کالایی,2786904.0,8.655
ماهانه,1405-06,شهریور 1405,مشاور سرمایه گذاری ترنج,اهرمی,120768.2,0.375
ماهانه,1405-06,شهریور 1405,مشاور سرمایه گذاری ترنج,درآمد ثابت,463849.5,1.441
ماهانه,1405-06,شهریور 1405,مشاور سرمایه گذاری ترنج,سهامی,58969.1,0.183
ماهانه,1405-06,شهریور 1405,مشاور سرمایه گذاری ترنج,صندوق در صندوق,13147.5,0.041
ماهانه,1405-06,شهریور 1405,مشاور سرمایه گذاری ترنج,مختلط,81566.2,0.253
ماهانه,1405-06,شهریور 1405,مشاور سرمایه گذاری ترنج,کالایی,128622.5,0.4
فصلی,1399-Q1,بهار 1399,تامین سرمایه,اهرمی,2790.2,0.11
فصلی,1399-Q1,بهار 1399,تامین سرمایه,بازنشستگی,12784.6,0.505
فصلی,1399-Q1,بهار 1399,تامین سرمایه,بخشی,502.2,0.02
فصلی,1399-Q1,بهار 1399,تامین سرمایه,جسورانه,426.1,0.017
فصلی,1399-Q1,بهار 1399,تامین سرمایه,درآمد ثابت,1249244.4,49.309
فصلی,1399-Q1,بهار 1399,تامین سرمایه,سهامی,62347.6,2.461
فصلی,1399-Q1,بهار 1399,تامین سرمایه,شاخصی,3270.7,0.129
فصلی,1399-Q1,بهار 1399,تامین سرمایه,مختلط,4941.3,0.195
فصلی,1399-Q1,بهار 1399,تامین سرمایه,کالایی,17776.0,0.702
فصلی,1399-Q1,بهار 1399,سایر مدیران,بخشی,2054.5,0.081
فصلی,1399-Q1,بهار 1399,سایر مدیران,جسورانه,357.7,0.014
فصلی,1399-Q1,بهار 1399,سایر مدیران,خصوصی,500.0,0.02
فصلی,1399-Q1,بهار 1399,سایر مدیران,درآمد ثابت,772693.4,30.499
فصلی,1399-Q1,بهار 1399,سایر مدیران,سهامی,138347.0,5.461
فصلی,1399-Q1,بهار 1399,سایر مدیران,شاخصی,1819.1,0.072
فصلی,1399-Q1,بهار 1399,سایر مدیران,صندوق در صندوق,708.5,0.028
فصلی,1399-Q1,بهار 1399,سایر مدیران,مختلط,13637.9,0.538
فصلی,1399-Q1,بهار 1399,سایر مدیران,پروژه‌ای,9947.7,0.393
فصلی,1399-Q1,بهار 1399,سایر مدیران,کالایی,4068.3,0.161
فصلی,1399-Q1,بهار 1399,سبد گردان کاریزما,درآمد ثابت,38696.4,1.527
فصلی,1399-Q1,بهار 1399,سبد گردان کاریزما,سهامی,7976.4,0.315
فصلی,1399-Q1,بهار 1399,سبد گردان کاریزما,شاخصی,2542.1,0.1
فصلی,1399-Q1,بهار 1399,سبدگردان آگاه,درآمد ثابت,5352.4,0.211
فصلی,1399-Q1,بهار 1399,سبدگردان آگاه,سهامی,26451.9,1.044
فصلی,1399-Q1,بهار 1399,سبدگردان آگاه,مختلط,112.2,0.004
فصلی,1399-Q1,بهار 1399,سبدگردان توسعه فیروزه,درآمد ثابت,1831.2,0.072
فصلی,1399-Q1,بهار 1399,سبدگردان توسعه فیروزه,سهامی,1349.8,0.053
فصلی,1399-Q1,بهار 1399,سبدگردان توسعه فیروزه,شاخصی,2169.4,0.086
فصلی,1399-Q1,بهار 1399,سبدگردان فارابی,درآمد ثابت,4596.3,0.181
فصلی,1399-Q1,بهار 1399,سبدگردان فارابی,سهامی,6711.5,0.265
فصلی,1399-Q1,بهار 1399,سبدگردان مفید,درآمد ثابت,61862.0,2.442
فصلی,1399-Q1,بهار 1399,سبدگردان مفید,سهامی,64760.3,2.556
فصلی,1399-Q1,بهار 1399,سبدگردان مفید,مختلط,2500.0,0.099
فصلی,1399-Q1,بهار 1399,سبدگردان مفید,کالایی,2057.4,0.081
فصلی,1399-Q1,بهار 1399,مشاور سرمایه گذاری ترنج,درآمد ثابت,1102.9,0.044
فصلی,1399-Q1,بهار 1399,مشاور سرمایه گذاری ترنج,سهامی,5222.5,0.206
فصلی,1399-Q2,تابستان 1399,تامین سرمایه,اهرمی,2860.4,0.09
فصلی,1399-Q2,تابستان 1399,تامین سرمایه,بازنشستگی,23401.0,0.739
فصلی,1399-Q2,تابستان 1399,تامین سرمایه,بخشی,150177.9,4.745
فصلی,1399-Q2,تابستان 1399,تامین سرمایه,جسورانه,424.0,0.013
فصلی,1399-Q2,تابستان 1399,تامین سرمایه,درآمد ثابت,1422589.6,44.945
فصلی,1399-Q2,تابستان 1399,تامین سرمایه,سهامی,74640.4,2.358
فصلی,1399-Q2,تابستان 1399,تامین سرمایه,شاخصی,4918.2,0.155
فصلی,1399-Q2,تابستان 1399,تامین سرمایه,مختلط,5911.7,0.187
فصلی,1399-Q2,تابستان 1399,تامین سرمایه,کالایی,28166.8,0.89
فصلی,1399-Q2,تابستان 1399,سایر مدیران,بخشی,2279.0,0.072
فصلی,1399-Q2,تابستان 1399,سایر مدیران,جسورانه,356.2,0.011
فصلی,1399-Q2,تابستان 1399,سایر مدیران,خصوصی,501.7,0.016
فصلی,1399-Q2,تابستان 1399,سایر مدیران,درآمد ثابت,824842.0,26.06
فصلی,1399-Q2,تابستان 1399,سایر مدیران,سهامی,159476.3,5.038
فصلی,1399-Q2,تابستان 1399,سایر مدیران,شاخصی,3405.0,0.108
فصلی,1399-Q2,تابستان 1399,سایر مدیران,صندوق در صندوق,763.6,0.024
فصلی,1399-Q2,تابستان 1399,سایر مدیران,مختلط,21555.6,0.681
فصلی,1399-Q2,تابستان 1399,سایر مدیران,پروژه‌ای,10358.4,0.327
فصلی,1399-Q2,تابستان 1399,سایر مدیران,کالایی,6566.9,0.208
فصلی,1399-Q2,تابستان 1399,سبد گردان اقتصاد بیدار,درآمد ثابت,245.6,0.008
فصلی,1399-Q2,تابستان 1399,سبد گردان اقتصاد بیدار,سهامی,4350.3,0.137
فصلی,1399-Q2,تابستان 1399,سبد گردان کاریزما,درآمد ثابت,81575.2,2.577
فصلی,1399-Q2,تابستان 1399,سبد گردان کاریزما,سهامی,9336.9,0.295
فصلی,1399-Q2,تابستان 1399,سبد گردان کاریزما,شاخصی,3346.2,0.106
فصلی,1399-Q2,تابستان 1399,سبدگردان آگاه,درآمد ثابت,19951.2,0.63
فصلی,1399-Q2,تابستان 1399,سبدگردان آگاه,سهامی,25599.2,0.809
فصلی,1399-Q2,تابستان 1399,سبدگردان آگاه,مختلط,167.5,0.005
فصلی,1399-Q2,تابستان 1399,سبدگردان توسعه فیروزه,جسورانه,52.8,0.002
فصلی,1399-Q2,تابستان 1399,سبدگردان توسعه فیروزه,درآمد ثابت,1936.8,0.061
فصلی,1399-Q2,تابستان 1399,سبدگردان توسعه فیروزه,سهامی,1386.4,0.044
فصلی,1399-Q2,تابستان 1399,سبدگردان توسعه فیروزه,شاخصی,3844.5,0.122
فصلی,1399-Q2,تابستان 1399,سبدگردان فارابی,درآمد ثابت,9532.0,0.301
فصلی,1399-Q2,تابستان 1399,سبدگردان فارابی,سهامی,4872.9,0.154
فصلی,1399-Q2,تابستان 1399,سبدگردان مفید,درآمد ثابت,160119.7,5.059
فصلی,1399-Q2,تابستان 1399,سبدگردان مفید,سهامی,82581.4,2.609
فصلی,1399-Q2,تابستان 1399,سبدگردان مفید,مختلط,3227.6,0.102
فصلی,1399-Q2,تابستان 1399,سبدگردان مفید,کالایی,3308.3,0.104
فصلی,1399-Q2,تابستان 1399,مشاور سرمایه گذاری ترنج,درآمد ثابت,1300.3,0.041
فصلی,1399-Q2,تابستان 1399,مشاور سرمایه گذاری ترنج,سهامی,5271.6,0.166
فصلی,1399-Q3,پاییز 1399,تامین سرمایه,اهرمی,2810.7,0.083
فصلی,1399-Q3,پاییز 1399,تامین سرمایه,بازنشستگی,19254.7,0.571
فصلی,1399-Q3,پاییز 1399,تامین سرمایه,بخشی,247915.6,7.355
فصلی,1399-Q3,پاییز 1399,تامین سرمایه,جسورانه,421.9,0.012
فصلی,1399-Q3,پاییز 1399,تامین سرمایه,درآمد ثابت,1537016.0,45.598
فصلی,1399-Q3,پاییز 1399,تامین سرمایه,سهامی,58528.8,1.736
فصلی,1399-Q3,پاییز 1399,تامین سرمایه,شاخصی,4683.9,0.139
فصلی,1399-Q3,پاییز 1399,تامین سرمایه,مختلط,5232.5,0.155
فصلی,1399-Q3,پاییز 1399,تامین سرمایه,کالایی,25042.8,0.743
فصلی,1399-Q3,پاییز 1399,سایر مدیران,بخشی,1757.6,0.052
فصلی,1399-Q3,پاییز 1399,سایر مدیران,جسورانه,554.4,0.016
فصلی,1399-Q3,پاییز 1399,سایر مدیران,خصوصی,503.6,0.015
فصلی,1399-Q3,پاییز 1399,سایر مدیران,درآمد ثابت,886692.1,26.305
فصلی,1399-Q3,پاییز 1399,سایر مدیران,سهامی,138977.2,4.123
فصلی,1399-Q3,پاییز 1399,سایر مدیران,شاخصی,2632.9,0.078
فصلی,1399-Q3,پاییز 1399,سایر مدیران,صندوق در صندوق,787.4,0.023
فصلی,1399-Q3,پاییز 1399,سایر مدیران,مختلط,15118.6,0.448
فصلی,1399-Q3,پاییز 1399,سایر مدیران,پروژه‌ای,10357.7,0.307
فصلی,1399-Q3,پاییز 1399,سایر مدیران,کالایی,5326.3,0.158
فصلی,1399-Q3,پاییز 1399,سبد گردان اقتصاد بیدار,درآمد ثابت,182.0,0.005
فصلی,1399-Q3,پاییز 1399,سبد گردان اقتصاد بیدار,سهامی,4406.3,0.131
فصلی,1399-Q3,پاییز 1399,سبد گردان کاریزما,درآمد ثابت,94216.5,2.795
فصلی,1399-Q3,پاییز 1399,سبد گردان کاریزما,سهامی,9233.1,0.274
فصلی,1399-Q3,پاییز 1399,سبد گردان کاریزما,شاخصی,2817.2,0.084
فصلی,1399-Q3,پاییز 1399,سبدگردان آگاه,درآمد ثابت,25743.0,0.764
فصلی,1399-Q3,پاییز 1399,سبدگردان آگاه,سهامی,23647.8,0.702
فصلی,1399-Q3,پاییز 1399,سبدگردان آگاه,مختلط,170.0,0.005
فصلی,1399-Q3,پاییز 1399,سبدگردان توسعه فیروزه,جسورانه,53.7,0.002
فصلی,1399-Q3,پاییز 1399,سبدگردان توسعه فیروزه,درآمد ثابت,2017.5,0.06
فصلی,1399-Q3,پاییز 1399,سبدگردان توسعه فیروزه,سهامی,1400.2,0.042
فصلی,1399-Q3,پاییز 1399,سبدگردان توسعه فیروزه,شاخصی,3186.8,0.094
فصلی,1399-Q3,پاییز 1399,سبدگردان فارابی,درآمد ثابت,12111.9,0.359
فصلی,1399-Q3,پاییز 1399,سبدگردان فارابی,سهامی,8599.3,0.255
فصلی,1399-Q3,پاییز 1399,سبدگردان مفید,درآمد ثابت,132112.4,3.919
فصلی,1399-Q3,پاییز 1399,سبدگردان مفید,سهامی,74015.9,2.196
فصلی,1399-Q3,پاییز 1399,سبدگردان مفید,مختلط,2799.6,0.083
فصلی,1399-Q3,پاییز 1399,سبدگردان مفید,کالایی,2554.3,0.076
فصلی,1399-Q3,پاییز 1399,مشاور سرمایه گذاری ترنج,درآمد ثابت,1769.2,0.052
فصلی,1399-Q3,پاییز 1399,مشاور سرمایه گذاری ترنج,سهامی,6117.1,0.182
فصلی,1399-Q4,زمستان 1399,تامین سرمایه,اهرمی,1442.8,0.038
فصلی,1399-Q4,زمستان 1399,تامین سرمایه,بازنشستگی,15506.9,0.414
فصلی,1399-Q4,زمستان 1399,تامین سرمایه,بخشی,228333.7,6.091
فصلی,1399-Q4,زمستان 1399,تامین سرمایه,جسورانه,418.8,0.011
فصلی,1399-Q4,زمستان 1399,تامین سرمایه,درآمد ثابت,1890565.9,50.432
فصلی,1399-Q4,زمستان 1399,تامین سرمایه,سهامی,47252.7,1.26
فصلی,1399-Q4,زمستان 1399,تامین سرمایه,شاخصی,4144.5,0.111
فصلی,1399-Q4,زمستان 1399,تامین سرمایه,مختلط,4735.6,0.126
فصلی,1399-Q4,زمستان 1399,تامین سرمایه,کالایی,21507.0,0.574
فصلی,1399-Q4,زمستان 1399,سایر مدیران,بخشی,1691.9,0.045
فصلی,1399-Q4,زمستان 1399,سایر مدیران,جسورانه,1512.3,0.04
فصلی,1399-Q4,زمستان 1399,سایر مدیران,خصوصی,504.1,0.013
فصلی,1399-Q4,زمستان 1399,سایر مدیران,درآمد ثابت,962107.6,25.665
فصلی,1399-Q4,زمستان 1399,سایر مدیران,سهامی,118160.7,3.152
فصلی,1399-Q4,زمستان 1399,سایر مدیران,شاخصی,3271.8,0.087
فصلی,1399-Q4,زمستان 1399,سایر مدیران,صندوق در صندوق,776.8,0.021
فصلی,1399-Q4,زمستان 1399,سایر مدیران,مختلط,11886.1,0.317
فصلی,1399-Q4,زمستان 1399,سایر مدیران,پروژه‌ای,10578.7,0.282
فصلی,1399-Q4,زمستان 1399,سایر مدیران,کالایی,5921.1,0.158
فصلی,1399-Q4,زمستان 1399,سبد گردان اقتصاد بیدار,درآمد ثابت,461.9,0.012
فصلی,1399-Q4,زمستان 1399,سبد گردان اقتصاد بیدار,سهامی,4241.5,0.113
فصلی,1399-Q4,زمستان 1399,سبد گردان کاریزما,درآمد ثابت,113157.2,3.019
فصلی,1399-Q4,زمستان 1399,سبد گردان کاریزما,سهامی,8599.2,0.229
فصلی,1399-Q4,زمستان 1399,سبد گردان کاریزما,شاخصی,2200.7,0.059
فصلی,1399-Q4,زمستان 1399,سبدگردان آگاه,درآمد ثابت,26402.8,0.704
فصلی,1399-Q4,زمستان 1399,سبدگردان آگاه,سهامی,20313.3,0.542
فصلی,1399-Q4,زمستان 1399,سبدگردان آگاه,مختلط,164.7,0.004
فصلی,1399-Q4,زمستان 1399,سبدگردان توسعه فیروزه,جسورانه,54.2,0.001
فصلی,1399-Q4,زمستان 1399,سبدگردان توسعه فیروزه,خصوصی,1002.2,0.027
فصلی,1399-Q4,زمستان 1399,سبدگردان توسعه فیروزه,درآمد ثابت,2094.2,0.056
فصلی,1399-Q4,زمستان 1399,سبدگردان توسعه فیروزه,سهامی,1431.7,0.038
فصلی,1399-Q4,زمستان 1399,سبدگردان توسعه فیروزه,شاخصی,2622.0,0.07
فصلی,1399-Q4,زمستان 1399,سبدگردان فارابی,درآمد ثابت,12431.6,0.332
فصلی,1399-Q4,زمستان 1399,سبدگردان فارابی,سهامی,7965.1,0.213
فصلی,1399-Q4,زمستان 1399,سبدگردان مفید,درآمد ثابت,131036.9,3.496
فصلی,1399-Q4,زمستان 1399,سبدگردان مفید,سهامی,68214.8,1.82
فصلی,1399-Q4,زمستان 1399,سبدگردان مفید,مختلط,3322.0,0.089
فصلی,1399-Q4,زمستان 1399,سبدگردان مفید,کالایی,2155.4,0.057
فصلی,1399-Q4,زمستان 1399,مشاور سرمایه گذاری ترنج,درآمد ثابت,3568.0,0.095
فصلی,1399-Q4,زمستان 1399,مشاور سرمایه گذاری ترنج,سهامی,6954.0,0.186
فصلی,1400-Q1,بهار 1400,تامین سرمایه,اهرمی,1126.9,0.029
فصلی,1400-Q1,بهار 1400,تامین سرمایه,بازنشستگی,12523.4,0.321
فصلی,1400-Q1,بهار 1400,تامین سرمایه,بخشی,194089.7,4.97
فصلی,1400-Q1,بهار 1400,تامین سرمایه,جسورانه,560.0,0.014
فصلی,1400-Q1,بهار 1400,تامین سرمایه,درآمد ثابت,2090573.2,53.527
فصلی,1400-Q1,بهار 1400,تامین سرمایه,سهامی,37812.2,0.968
فصلی,1400-Q1,بهار 1400,تامین سرمایه,شاخصی,3369.6,0.086
فصلی,1400-Q1,بهار 1400,تامین سرمایه,مختلط,4239.4,0.108
فصلی,1400-Q1,بهار 1400,تامین سرمایه,کالایی,20566.3,0.527
فصلی,1400-Q1,بهار 1400,سایر مدیران,بخشی,1841.4,0.047
فصلی,1400-Q1,بهار 1400,سایر مدیران,جسورانه,1561.8,0.04
فصلی,1400-Q1,بهار 1400,سایر مدیران,خصوصی,505.7,0.013
فصلی,1400-Q1,بهار 1400,سایر مدیران,درآمد ثابت,989001.1,25.322
فصلی,1400-Q1,بهار 1400,سایر مدیران,سهامی,97764.1,2.503
فصلی,1400-Q1,بهار 1400,سایر مدیران,شاخصی,2850.1,0.073
فصلی,1400-Q1,بهار 1400,سایر مدیران,صندوق در صندوق,758.0,0.019
فصلی,1400-Q1,بهار 1400,سایر مدیران,مختلط,10393.5,0.266
فصلی,1400-Q1,بهار 1400,سایر مدیران,پروژه‌ای,10578.2,0.271
فصلی,1400-Q1,بهار 1400,سایر مدیران,کالایی,5420.3,0.139
فصلی,1400-Q1,بهار 1400,سبد گردان اقتصاد بیدار,درآمد ثابت,1188.0,0.03
فصلی,1400-Q1,بهار 1400,سبد گردان اقتصاد بیدار,سهامی,3641.4,0.093
فصلی,1400-Q1,بهار 1400,سبد گردان کاریزما,درآمد ثابت,116188.0,2.975
فصلی,1400-Q1,بهار 1400,سبد گردان کاریزما,سهامی,7556.2,0.194
فصلی,1400-Q1,بهار 1400,سبد گردان کاریزما,شاخصی,1915.3,0.049
فصلی,1400-Q1,بهار 1400,سبدگردان آگاه,درآمد ثابت,33398.2,0.855
فصلی,1400-Q1,بهار 1400,سبدگردان آگاه,سهامی,16435.7,0.421
فصلی,1400-Q1,بهار 1400,سبدگردان آگاه,مختلط,159.4,0.004
فصلی,1400-Q1,بهار 1400,سبدگردان توسعه فیروزه,جسورانه,149.2,0.004
فصلی,1400-Q1,بهار 1400,سبدگردان توسعه فیروزه,خصوصی,1015.3,0.026
فصلی,1400-Q1,بهار 1400,سبدگردان توسعه فیروزه,درآمد ثابت,2201.3,0.056
فصلی,1400-Q1,بهار 1400,سبدگردان توسعه فیروزه,سهامی,1197.6,0.031
فصلی,1400-Q1,بهار 1400,سبدگردان توسعه فیروزه,شاخصی,2300.2,0.059
فصلی,1400-Q1,بهار 1400,سبدگردان فارابی,درآمد ثابت,10820.3,0.277
فصلی,1400-Q1,بهار 1400,سبدگردان فارابی,سهامی,5771.3,0.148
فصلی,1400-Q1,بهار 1400,سبدگردان مفید,درآمد ثابت,131416.7,3.365
فصلی,1400-Q1,بهار 1400,سبدگردان مفید,سهامی,67264.1,1.722
فصلی,1400-Q1,بهار 1400,سبدگردان مفید,مختلط,2984.5,0.076
فصلی,1400-Q1,بهار 1400,سبدگردان مفید,کالایی,1955.3,0.05
فصلی,1400-Q1,بهار 1400,مشاور سرمایه گذاری ترنج,درآمد ثابت,6849.1,0.175
فصلی,1400-Q1,بهار 1400,مشاور سرمایه گذاری ترنج,سهامی,5674.7,0.145
فصلی,1400-Q2,تابستان 1400,تامین سرمایه,اهرمی,1378.9,0.032
فصلی,1400-Q2,تابستان 1400,تامین سرمایه,بازنشستگی,14525.9,0.338
فصلی,1400-Q2,تابستان 1400,تامین سرمایه,بخشی,216857.0,5.051
فصلی,1400-Q2,تابستان 1400,تامین سرمایه,جسورانه,564.6,0.013
فصلی,1400-Q2,تابستان 1400,تامین سرمایه,درآمد ثابت,2266537.8,52.793
فصلی,1400-Q2,تابستان 1400,تامین سرمایه,سهامی,41707.9,0.971
فصلی,1400-Q2,تابستان 1400,تامین سرمایه,شاخصی,4226.7,0.098
فصلی,1400-Q2,تابستان 1400,تامین سرمایه,مختلط,4141.2,0.096
فصلی,1400-Q2,تابستان 1400,تامین سرمایه,کالایی,27097.6,0.631
فصلی,1400-Q2,تابستان 1400,سایر مدیران,بخشی,3010.2,0.07
فصلی,1400-Q2,تابستان 1400,سایر مدیران,جسورانه,1567.5,0.036
فصلی,1400-Q2,تابستان 1400,سایر مدیران,خصوصی,509.8,0.012
فصلی,1400-Q2,تابستان 1400,سایر مدیران,درآمد ثابت,1031380.9,24.023
فصلی,1400-Q2,تابستان 1400,سایر مدیران,سهامی,110754.8,2.58
فصلی,1400-Q2,تابستان 1400,سایر مدیران,شاخصی,4072.2,0.095
فصلی,1400-Q2,تابستان 1400,سایر مدیران,صندوق در صندوق,1371.4,0.032
فصلی,1400-Q2,تابستان 1400,سایر مدیران,مختلط,10579.1,0.246
فصلی,1400-Q2,تابستان 1400,سایر مدیران,پروژه‌ای,10577.5,0.246
فصلی,1400-Q2,تابستان 1400,سایر مدیران,کالایی,6142.5,0.143
فصلی,1400-Q2,تابستان 1400,سبد گردان اقتصاد بیدار,درآمد ثابت,2137.6,0.05
فصلی,1400-Q2,تابستان 1400,سبد گردان اقتصاد بیدار,سهامی,4361.0,0.102
فصلی,1400-Q2,تابستان 1400,سبد گردان کاریزما,درآمد ثابت,151296.8,3.524
فصلی,1400-Q2,تابستان 1400,سبد گردان کاریزما,سهامی,8385.7,0.195
فصلی,1400-Q2,تابستان 1400,سبد گردان کاریزما,شاخصی,2416.5,0.056
فصلی,1400-Q2,تابستان 1400,سبد گردان کاریزما,مختلط,362.7,0.008
فصلی,1400-Q2,تابستان 1400,سبد گردان کاریزما,کالایی,1114.6,0.026
فصلی,1400-Q2,تابستان 1400,سبدگردان آگاه,درآمد ثابت,38614.5,0.899
فصلی,1400-Q2,تابستان 1400,سبدگردان آگاه,سهامی,23101.5,0.538
فصلی,1400-Q2,تابستان 1400,سبدگردان آگاه,مختلط,185.0,0.004
فصلی,1400-Q2,تابستان 1400,سبدگردان توسعه فیروزه,جسورانه,151.3,0.003
فصلی,1400-Q2,تابستان 1400,سبدگردان توسعه فیروزه,خصوصی,1021.0,0.024
فصلی,1400-Q2,تابستان 1400,سبدگردان توسعه فیروزه,درآمد ثابت,2309.3,0.054
فصلی,1400-Q2,تابستان 1400,سبدگردان توسعه فیروزه,سهامی,1508.1,0.035
فصلی,1400-Q2,تابستان 1400,سبدگردان توسعه فیروزه,شاخصی,2616.2,0.061
فصلی,1400-Q2,تابستان 1400,سبدگردان فارابی,درآمد ثابت,10312.3,0.24
فصلی,1400-Q2,تابستان 1400,سبدگردان فارابی,سهامی,6772.3,0.158
فصلی,1400-Q2,تابستان 1400,سبدگردان مفید,درآمد ثابت,155229.6,3.616
فصلی,1400-Q2,تابستان 1400,سبدگردان مفید,سهامی,96927.1,2.258
فصلی,1400-Q2,تابستان 1400,سبدگردان مفید,مختلط,3815.2,0.089
فصلی,1400-Q2,تابستان 1400,سبدگردان مفید,کالایی,2644.0,0.062
فصلی,1400-Q2,تابستان 1400,مشاور سرمایه گذاری ترنج,درآمد ثابت,11959.3,0.279
فصلی,1400-Q2,تابستان 1400,مشاور سرمایه گذاری ترنج,سهامی,9021.3,0.21
فصلی,1400-Q3,پاییز 1400,تامین سرمایه,اهرمی,1541.3,0.036
فصلی,1400-Q3,پاییز 1400,تامین سرمایه,بازنشستگی,13429.0,0.31
فصلی,1400-Q3,پاییز 1400,تامین سرمایه,بخشی,184901.4,4.275
فصلی,1400-Q3,پاییز 1400,تامین سرمایه,جسورانه,566.3,0.013
فصلی,1400-Q3,پاییز 1400,تامین سرمایه,درآمد ثابت,2429738.3,56.179
فصلی,1400-Q3,پاییز 1400,تامین سرمایه,سهامی,37115.2,0.858
فصلی,1400-Q3,پاییز 1400,تامین سرمایه,شاخصی,4575.1,0.106
فصلی,1400-Q3,پاییز 1400,تامین سرمایه,مختلط,3918.9,0.091
فصلی,1400-Q3,پاییز 1400,تامین سرمایه,کالایی,28988.9,0.67
فصلی,1400-Q3,پاییز 1400,سایر مدیران,بخشی,3002.7,0.069
فصلی,1400-Q3,پاییز 1400,سایر مدیران,جسورانه,3114.3,0.072
فصلی,1400-Q3,پاییز 1400,سایر مدیران,خصوصی,10559.2,0.244
فصلی,1400-Q3,پاییز 1400,سایر مدیران,درآمد ثابت,968767.1,22.399
فصلی,1400-Q3,پاییز 1400,سایر مدیران,سهامی,98845.2,2.285
فصلی,1400-Q3,پاییز 1400,سایر مدیران,شاخصی,3827.5,0.089
فصلی,1400-Q3,پاییز 1400,سایر مدیران,صندوق در صندوق,1531.8,0.035
فصلی,1400-Q3,پاییز 1400,سایر مدیران,مختلط,9620.8,0.222
فصلی,1400-Q3,پاییز 1400,سایر مدیران,پروژه‌ای,10577.1,0.245
فصلی,1400-Q3,پاییز 1400,سایر مدیران,کالایی,8264.1,0.191
فصلی,1400-Q3,پاییز 1400,سبد گردان اقتصاد بیدار,درآمد ثابت,5926.8,0.137
فصلی,1400-Q3,پاییز 1400,سبد گردان اقتصاد بیدار,سهامی,3702.0,0.086
فصلی,1400-Q3,پاییز 1400,سبد گردان کاریزما,اهرمی,5000.4,0.116
فصلی,1400-Q3,پاییز 1400,سبد گردان کاریزما,درآمد ثابت,114542.3,2.648
فصلی,1400-Q3,پاییز 1400,سبد گردان کاریزما,سهامی,7721.5,0.178
فصلی,1400-Q3,پاییز 1400,سبد گردان کاریزما,شاخصی,2236.3,0.052
فصلی,1400-Q3,پاییز 1400,سبد گردان کاریزما,مختلط,335.1,0.008
فصلی,1400-Q3,پاییز 1400,سبد گردان کاریزما,کالایی,1691.1,0.039
فصلی,1400-Q3,پاییز 1400,سبدگردان آگاه,درآمد ثابت,37136.6,0.859
فصلی,1400-Q3,پاییز 1400,سبدگردان آگاه,سهامی,22228.3,0.514
فصلی,1400-Q3,پاییز 1400,سبدگردان آگاه,مختلط,191.1,0.004
فصلی,1400-Q3,پاییز 1400,سبدگردان توسعه فیروزه,جسورانه,206.1,0.005
فصلی,1400-Q3,پاییز 1400,سبدگردان توسعه فیروزه,خصوصی,1025.3,0.024
فصلی,1400-Q3,پاییز 1400,سبدگردان توسعه فیروزه,درآمد ثابت,2023.7,0.047
فصلی,1400-Q3,پاییز 1400,سبدگردان توسعه فیروزه,سهامی,1622.8,0.038
فصلی,1400-Q3,پاییز 1400,سبدگردان توسعه فیروزه,شاخصی,2556.9,0.059
فصلی,1400-Q3,پاییز 1400,سبدگردان فارابی,درآمد ثابت,8852.9,0.205
فصلی,1400-Q3,پاییز 1400,سبدگردان فارابی,سهامی,5584.4,0.129
فصلی,1400-Q3,پاییز 1400,سبدگردان مفید,درآمد ثابت,147149.1,3.402
فصلی,1400-Q3,پاییز 1400,سبدگردان مفید,سهامی,98408.2,2.275
فصلی,1400-Q3,پاییز 1400,سبدگردان مفید,مختلط,3704.1,0.086
فصلی,1400-Q3,پاییز 1400,سبدگردان مفید,کالایی,3409.2,0.079
فصلی,1400-Q3,پاییز 1400,مشاور سرمایه گذاری ترنج,درآمد ثابت,17217.1,0.398
فصلی,1400-Q3,پاییز 1400,مشاور سرمایه گذاری ترنج,سهامی,8983.2,0.208
فصلی,1400-Q3,پاییز 1400,مشاور سرمایه گذاری ترنج,مختلط,670.4,0.016
فصلی,1400-Q4,زمستان 1400,تامین سرمایه,اهرمی,1407.2,0.031
فصلی,1400-Q4,زمستان 1400,تامین سرمایه,بازنشستگی,13991.9,0.305
فصلی,1400-Q4,زمستان 1400,تامین سرمایه,بخشی,211252.4,4.601
فصلی,1400-Q4,زمستان 1400,تامین سرمایه,جسورانه,567.1,0.012
فصلی,1400-Q4,زمستان 1400,تامین سرمایه,درآمد ثابت,2595768.0,56.54
فصلی,1400-Q4,زمستان 1400,تامین سرمایه,سهامی,36645.4,0.798
فصلی,1400-Q4,زمستان 1400,تامین سرمایه,شاخصی,4745.0,0.103
فصلی,1400-Q4,زمستان 1400,تامین سرمایه,مختلط,3902.8,0.085
فصلی,1400-Q4,زمستان 1400,تامین سرمایه,کالایی,23683.3,0.516
فصلی,1400-Q4,زمستان 1400,سایر مدیران,بخشی,2735.4,0.06
فصلی,1400-Q4,زمستان 1400,سایر مدیران,جسورانه,3380.8,0.074
فصلی,1400-Q4,زمستان 1400,سایر مدیران,خصوصی,10881.9,0.237
فصلی,1400-Q4,زمستان 1400,سایر مدیران,درآمد ثابت,971444.7,21.16
فصلی,1400-Q4,زمستان 1400,سایر مدیران,سهامی,95183.5,2.073
فصلی,1400-Q4,زمستان 1400,سایر مدیران,شاخصی,3260.8,0.071
فصلی,1400-Q4,زمستان 1400,سایر مدیران,صندوق در صندوق,2189.7,0.048
فصلی,1400-Q4,زمستان 1400,سایر مدیران,مختلط,7901.2,0.172
فصلی,1400-Q4,زمستان 1400,سایر مدیران,پروژه‌ای,10576.6,0.23
فصلی,1400-Q4,زمستان 1400,سایر مدیران,کالایی,7035.3,0.153
فصلی,1400-Q4,زمستان 1400,سبد گردان اقتصاد بیدار,درآمد ثابت,8244.6,0.18
فصلی,1400-Q4,زمستان 1400,سبد گردان اقتصاد بیدار,سهامی,3580.6,0.078
فصلی,1400-Q4,زمستان 1400,سبد گردان کاریزما,اهرمی,5247.9,0.114
فصلی,1400-Q4,زمستان 1400,سبد گردان کاریزما,درآمد ثابت,157697.8,3.435
فصلی,1400-Q4,زمستان 1400,سبد گردان کاریزما,سهامی,7603.3,0.166
فصلی,1400-Q4,زمستان 1400,سبد گردان کاریزما,شاخصی,2115.9,0.046
فصلی,1400-Q4,زمستان 1400,سبد گردان کاریزما,صندوق در صندوق,703.5,0.015
فصلی,1400-Q4,زمستان 1400,سبد گردان کاریزما,مختلط,394.6,0.009
فصلی,1400-Q4,زمستان 1400,سبد گردان کاریزما,کالایی,1799.6,0.039
فصلی,1400-Q4,زمستان 1400,سبدگردان آگاه,درآمد ثابت,37835.5,0.824
فصلی,1400-Q4,زمستان 1400,سبدگردان آگاه,سهامی,21425.4,0.467
فصلی,1400-Q4,زمستان 1400,سبدگردان آگاه,مختلط,194.4,0.004
فصلی,1400-Q4,زمستان 1400,سبدگردان توسعه فیروزه,جسورانه,211.4,0.005
فصلی,1400-Q4,زمستان 1400,سبدگردان توسعه فیروزه,خصوصی,1055.6,0.023
فصلی,1400-Q4,زمستان 1400,سبدگردان توسعه فیروزه,درآمد ثابت,2478.5,0.054
فصلی,1400-Q4,زمستان 1400,سبدگردان توسعه فیروزه,سهامی,1571.3,0.034
فصلی,1400-Q4,زمستان 1400,سبدگردان توسعه فیروزه,شاخصی,2557.2,0.056
فصلی,1400-Q4,زمستان 1400,سبدگردان فارابی,درآمد ثابت,7372.6,0.161
فصلی,1400-Q4,زمستان 1400,سبدگردان فارابی,سهامی,5416.0,0.118
فصلی,1400-Q4,زمستان 1400,سبدگردان مفید,درآمد ثابت,171377.0,3.733
فصلی,1400-Q4,زمستان 1400,سبدگردان مفید,سهامی,93404.3,2.034
فصلی,1400-Q4,زمستان 1400,سبدگردان مفید,شاخصی,5067.7,0.11
فصلی,1400-Q4,زمستان 1400,سبدگردان مفید,مختلط,3590.1,0.078
فصلی,1400-Q4,زمستان 1400,سبدگردان مفید,کالایی,2992.0,0.065
فصلی,1400-Q4,زمستان 1400,مشاور سرمایه گذاری ترنج,درآمد ثابت,31200.0,0.68
فصلی,1400-Q4,زمستان 1400,مشاور سرمایه گذاری ترنج,سهامی,8634.4,0.188
فصلی,1400-Q4,زمستان 1400,مشاور سرمایه گذاری ترنج,مختلط,701.0,0.015
فصلی,1401-Q1,بهار 1401,تامین سرمایه,اهرمی,1409.1,0.028
فصلی,1401-Q1,بهار 1401,تامین سرمایه,بازنشستگی,15016.4,0.294
فصلی,1401-Q1,بهار 1401,تامین سرمایه,بخشی,243211.5,4.76
فصلی,1401-Q1,بهار 1401,تامین سرمایه,جسورانه,568.0,0.011
فصلی,1401-Q1,بهار 1401,تامین سرمایه,درآمد ثابت,2840362.9,55.596
فصلی,1401-Q1,بهار 1401,تامین سرمایه,سهامی,40986.5,0.802
فصلی,1401-Q1,بهار 1401,تامین سرمایه,شاخصی,5321.4,0.104
فصلی,1401-Q1,بهار 1401,تامین سرمایه,مختلط,4112.3,0.08
فصلی,1401-Q1,بهار 1401,تامین سرمایه,کالایی,32084.9,0.628
فصلی,1401-Q1,بهار 1401,سایر مدیران,بخشی,2846.7,0.056
فصلی,1401-Q1,بهار 1401,سایر مدیران,جسورانه,3408.6,0.067
فصلی,1401-Q1,بهار 1401,سایر مدیران,خصوصی,11127.3,0.218
فصلی,1401-Q1,بهار 1401,سایر مدیران,درآمد ثابت,1105325.9,21.635
فصلی,1401-Q1,بهار 1401,سایر مدیران,سهامی,101612.6,1.989
فصلی,1401-Q1,بهار 1401,سایر مدیران,شاخصی,4925.2,0.096
فصلی,1401-Q1,بهار 1401,سایر مدیران,صندوق در صندوق,2419.2,0.047
فصلی,1401-Q1,بهار 1401,سایر مدیران,مختلط,7624.3,0.149
فصلی,1401-Q1,بهار 1401,سایر مدیران,پروژه‌ای,10576.4,0.207
فصلی,1401-Q1,بهار 1401,سایر مدیران,کالایی,10533.5,0.206
فصلی,1401-Q1,بهار 1401,سبد گردان اقتصاد بیدار,درآمد ثابت,10284.3,0.201
فصلی,1401-Q1,بهار 1401,سبد گردان اقتصاد بیدار,سهامی,4022.0,0.079
فصلی,1401-Q1,بهار 1401,سبد گردان کاریزما,اهرمی,8084.6,0.158
فصلی,1401-Q1,بهار 1401,سبد گردان کاریزما,درآمد ثابت,189778.2,3.715
فصلی,1401-Q1,بهار 1401,سبد گردان کاریزما,سهامی,8858.6,0.173
فصلی,1401-Q1,بهار 1401,سبد گردان کاریزما,شاخصی,2407.2,0.047
فصلی,1401-Q1,بهار 1401,سبد گردان کاریزما,صندوق در صندوق,1048.9,0.02
فصلی,1401-Q1,بهار 1401,سبد گردان کاریزما,مختلط,715.6,0.014
فصلی,1401-Q1,بهار 1401,سبد گردان کاریزما,کالایی,3027.2,0.059
فصلی,1401-Q1,بهار 1401,سبدگردان آگاه,درآمد ثابت,49995.2,0.979
فصلی,1401-Q1,بهار 1401,سبدگردان آگاه,سهامی,22961.9,0.449
فصلی,1401-Q1,بهار 1401,سبدگردان آگاه,مختلط,216.7,0.004
فصلی,1401-Q1,بهار 1401,سبدگردان توسعه فیروزه,جسورانه,217.2,0.004
فصلی,1401-Q1,بهار 1401,سبدگردان توسعه فیروزه,خصوصی,1074.9,0.021
فصلی,1401-Q1,بهار 1401,سبدگردان توسعه فیروزه,درآمد ثابت,8630.6,0.169
فصلی,1401-Q1,بهار 1401,سبدگردان توسعه فیروزه,سهامی,1818.4,0.036
فصلی,1401-Q1,بهار 1401,سبدگردان توسعه فیروزه,شاخصی,2796.4,0.055
فصلی,1401-Q1,بهار 1401,سبدگردان فارابی,درآمد ثابت,5667.9,0.111
فصلی,1401-Q1,بهار 1401,سبدگردان فارابی,سهامی,6537.1,0.128
فصلی,1401-Q1,بهار 1401,سبدگردان مفید,درآمد ثابت,172239.8,3.371
فصلی,1401-Q1,بهار 1401,سبدگردان مفید,سهامی,107402.4,2.102
فصلی,1401-Q1,بهار 1401,سبدگردان مفید,شاخصی,4488.5,0.088
فصلی,1401-Q1,بهار 1401,سبدگردان مفید,مختلط,3882.7,0.076
فصلی,1401-Q1,بهار 1401,سبدگردان مفید,کالایی,6409.2,0.126
فصلی,1401-Q1,بهار 1401,مشاور سرمایه گذاری ترنج,درآمد ثابت,32741.3,0.641
فصلی,1401-Q1,بهار 1401,مشاور سرمایه گذاری ترنج,سهامی,8780.7,0.172
فصلی,1401-Q1,بهار 1401,مشاور سرمایه گذاری ترنج,مختلط,1363.2,0.027
فصلی,1401-Q2,تابستان 1401,تامین سرمایه,اهرمی,1226.6,0.022
فصلی,1401-Q2,تابستان 1401,تامین سرمایه,بازنشستگی,11983.8,0.22
فصلی,1401-Q2,تابستان 1401,تامین سرمایه,بخشی,211094.9,3.88
فصلی,1401-Q2,تابستان 1401,تامین سرمایه,جسورانه,570.0,0.01
فصلی,1401-Q2,تابستان 1401,تامین سرمایه,درآمد ثابت,3078163.0,56.57
فصلی,1401-Q2,تابستان 1401,تامین سرمایه,سهامی,35765.7,0.657
فصلی,1401-Q2,تابستان 1401,تامین سرمایه,شاخصی,4733.2,0.087
فصلی,1401-Q2,تابستان 1401,تامین سرمایه,مختلط,3891.7,0.072
فصلی,1401-Q2,تابستان 1401,تامین سرمایه,کالایی,32837.0,0.604
فصلی,1401-Q2,تابستان 1401,سایر مدیران,بخشی,1914.4,0.035
فصلی,1401-Q2,تابستان 1401,سایر مدیران,جسورانه,3450.9,0.063
فصلی,1401-Q2,تابستان 1401,سایر مدیران,خصوصی,11315.5,0.208
فصلی,1401-Q2,تابستان 1401,سایر مدیران,درآمد ثابت,1139163.0,20.936
فصلی,1401-Q2,تابستان 1401,سایر مدیران,سهامی,88598.1,1.628
فصلی,1401-Q2,تابستان 1401,سایر مدیران,شاخصی,4191.5,0.077
فصلی,1401-Q2,تابستان 1401,سایر مدیران,صندوق در صندوق,2337.6,0.043
فصلی,1401-Q2,تابستان 1401,سایر مدیران,مختلط,6698.8,0.123
فصلی,1401-Q2,تابستان 1401,سایر مدیران,پروژه‌ای,10576.0,0.194
فصلی,1401-Q2,تابستان 1401,سایر مدیران,کالایی,8508.9,0.156
فصلی,1401-Q2,تابستان 1401,سبد گردان اقتصاد بیدار,درآمد ثابت,14676.5,0.27
فصلی,1401-Q2,تابستان 1401,سبد گردان اقتصاد بیدار,سهامی,3131.9,0.058
فصلی,1401-Q2,تابستان 1401,سبد گردان کاریزما,اهرمی,15764.2,0.29
فصلی,1401-Q2,تابستان 1401,سبد گردان کاریزما,درآمد ثابت,219043.5,4.026
فصلی,1401-Q2,تابستان 1401,سبد گردان کاریزما,سهامی,7960.9,0.146
فصلی,1401-Q2,تابستان 1401,سبد گردان کاریزما,شاخصی,2044.4,0.038
فصلی,1401-Q2,تابستان 1401,سبد گردان کاریزما,صندوق در صندوق,1000.0,0.018
فصلی,1401-Q2,تابستان 1401,سبد گردان کاریزما,مختلط,893.0,0.016
فصلی,1401-Q2,تابستان 1401,سبد گردان کاریزما,کالایی,3574.6,0.066
فصلی,1401-Q2,تابستان 1401,سبدگردان آگاه,درآمد ثابت,67502.1,1.241
فصلی,1401-Q2,تابستان 1401,سبدگردان آگاه,سهامی,20864.4,0.383
فصلی,1401-Q2,تابستان 1401,سبدگردان آگاه,مختلط,206.8,0.004
فصلی,1401-Q2,تابستان 1401,سبدگردان توسعه فیروزه,جسورانه,221.7,0.004
فصلی,1401-Q2,تابستان 1401,سبدگردان توسعه فیروزه,خصوصی,1085.5,0.02
فصلی,1401-Q2,تابستان 1401,سبدگردان توسعه فیروزه,درآمد ثابت,13249.9,0.244
فصلی,1401-Q2,تابستان 1401,سبدگردان توسعه فیروزه,سهامی,2034.1,0.037
فصلی,1401-Q2,تابستان 1401,سبدگردان توسعه فیروزه,شاخصی,2189.1,0.04
فصلی,1401-Q2,تابستان 1401,سبدگردان فارابی,درآمد ثابت,13377.7,0.246
فصلی,1401-Q2,تابستان 1401,سبدگردان فارابی,سهامی,5418.7,0.1
فصلی,1401-Q2,تابستان 1401,سبدگردان مفید,درآمد ثابت,211027.4,3.878
فصلی,1401-Q2,تابستان 1401,سبدگردان مفید,سهامی,95706.1,1.759
فصلی,1401-Q2,تابستان 1401,سبدگردان مفید,شاخصی,3558.0,0.065
فصلی,1401-Q2,تابستان 1401,سبدگردان مفید,مختلط,3627.9,0.067
فصلی,1401-Q2,تابستان 1401,سبدگردان مفید,کالایی,5684.4,0.104
فصلی,1401-Q2,تابستان 1401,مشاور سرمایه گذاری ترنج,درآمد ثابت,61220.4,1.125
فصلی,1401-Q2,تابستان 1401,مشاور سرمایه گذاری ترنج,سهامی,7668.4,0.141
فصلی,1401-Q2,تابستان 1401,مشاور سرمایه گذاری ترنج,مختلط,1532.6,0.028
فصلی,1401-Q3,پاییز 1401,تامین سرمایه,اهرمی,1342.8,0.026
فصلی,1401-Q3,پاییز 1401,تامین سرمایه,بازنشستگی,13688.9,0.262
فصلی,1401-Q3,پاییز 1401,تامین سرمایه,بخشی,242109.4,4.639
فصلی,1401-Q3,پاییز 1401,تامین سرمایه,جسورانه,569.9,0.011
فصلی,1401-Q3,پاییز 1401,تامین سرمایه,درآمد ثابت,2877823.4,55.138
فصلی,1401-Q3,پاییز 1401,تامین سرمایه,سهامی,38087.9,0.73
فصلی,1401-Q3,پاییز 1401,تامین سرمایه,شاخصی,5373.3,0.103
فصلی,1401-Q3,پاییز 1401,تامین سرمایه,مختلط,3740.1,0.072
فصلی,1401-Q3,پاییز 1401,تامین سرمایه,کالایی,48347.5,0.926
فصلی,1401-Q3,پاییز 1401,سایر مدیران,املاک و مستغلات,1657.9,0.032
فصلی,1401-Q3,پاییز 1401,سایر مدیران,بخشی,1584.8,0.03
فصلی,1401-Q3,پاییز 1401,سایر مدیران,جسورانه,3523.8,0.068
فصلی,1401-Q3,پاییز 1401,سایر مدیران,خصوصی,14821.7,0.284
فصلی,1401-Q3,پاییز 1401,سایر مدیران,درآمد ثابت,980524.1,18.786
فصلی,1401-Q3,پاییز 1401,سایر مدیران,سهامی,96296.3,1.845
فصلی,1401-Q3,پاییز 1401,سایر مدیران,شاخصی,4917.9,0.094
فصلی,1401-Q3,پاییز 1401,سایر مدیران,صندوق در صندوق,2605.7,0.05
فصلی,1401-Q3,پاییز 1401,سایر مدیران,مختلط,6868.1,0.132
فصلی,1401-Q3,پاییز 1401,سایر مدیران,پروژه‌ای,10897.4,0.209
فصلی,1401-Q3,پاییز 1401,سایر مدیران,کالایی,13186.1,0.253
فصلی,1401-Q3,پاییز 1401,سبد گردان اقتصاد بیدار,درآمد ثابت,15102.4,0.289
فصلی,1401-Q3,پاییز 1401,سبد گردان اقتصاد بیدار,سهامی,3327.4,0.064
فصلی,1401-Q3,پاییز 1401,سبد گردان کاریزما,اهرمی,25445.5,0.488
فصلی,1401-Q3,پاییز 1401,سبد گردان کاریزما,تضمین اصل سرمایه,6596.7,0.126
فصلی,1401-Q3,پاییز 1401,سبد گردان کاریزما,درآمد ثابت,227660.4,4.362
فصلی,1401-Q3,پاییز 1401,سبد گردان کاریزما,سهامی,8731.5,0.167
فصلی,1401-Q3,پاییز 1401,سبد گردان کاریزما,شاخصی,2082.5,0.04
فصلی,1401-Q3,پاییز 1401,سبد گردان کاریزما,صندوق در صندوق,867.2,0.017
فصلی,1401-Q3,پاییز 1401,سبد گردان کاریزما,مختلط,1049.3,0.02
فصلی,1401-Q3,پاییز 1401,سبد گردان کاریزما,کالایی,6050.6,0.116
فصلی,1401-Q3,پاییز 1401,سبدگردان آگاه,درآمد ثابت,60000.7,1.15
فصلی,1401-Q3,پاییز 1401,سبدگردان آگاه,سهامی,24239.1,0.464
فصلی,1401-Q3,پاییز 1401,سبدگردان آگاه,مختلط,230.1,0.004
فصلی,1401-Q3,پاییز 1401,سبدگردان توسعه فیروزه,جسورانه,222.6,0.004
فصلی,1401-Q3,پاییز 1401,سبدگردان توسعه فیروزه,خصوصی,1086.9,0.021
فصلی,1401-Q3,پاییز 1401,سبدگردان توسعه فیروزه,درآمد ثابت,17184.3,0.329
فصلی,1401-Q3,پاییز 1401,سبدگردان توسعه فیروزه,سهامی,4792.6,0.092
فصلی,1401-Q3,پاییز 1401,سبدگردان توسعه فیروزه,شاخصی,2341.7,0.045
فصلی,1401-Q3,پاییز 1401,سبدگردان فارابی,درآمد ثابت,18700.9,0.358
فصلی,1401-Q3,پاییز 1401,سبدگردان فارابی,سهامی,6039.1,0.116
فصلی,1401-Q3,پاییز 1401,سبدگردان مفید,اهرمی,8000.9,0.153
فصلی,1401-Q3,پاییز 1401,سبدگردان مفید,تضمین اصل سرمایه,2465.8,0.047
فصلی,1401-Q3,پاییز 1401,سبدگردان مفید,درآمد ثابت,201449.5,3.86
فصلی,1401-Q3,پاییز 1401,سبدگردان مفید,سهامی,102957.9,1.973
فصلی,1401-Q3,پاییز 1401,سبدگردان مفید,شاخصی,3637.7,0.07
فصلی,1401-Q3,پاییز 1401,سبدگردان مفید,مختلط,3435.6,0.066
فصلی,1401-Q3,پاییز 1401,سبدگردان مفید,کالایی,11425.0,0.219
فصلی,1401-Q3,پاییز 1401,مشاور سرمایه گذاری ترنج,درآمد ثابت,75561.4,1.448
فصلی,1401-Q3,پاییز 1401,مشاور سرمایه گذاری ترنج,سهامی,7950.1,0.152
فصلی,1401-Q3,پاییز 1401,مشاور سرمایه گذاری ترنج,مختلط,2698.1,0.052
فصلی,1401-Q4,زمستان 1401,تامین سرمایه,اهرمی,1632.6,0.029
فصلی,1401-Q4,زمستان 1401,تامین سرمایه,بازنشستگی,17025.1,0.305
فصلی,1401-Q4,زمستان 1401,تامین سرمایه,بخشی,276074.1,4.948
فصلی,1401-Q4,زمستان 1401,تامین سرمایه,جسورانه,566.8,0.01
فصلی,1401-Q4,زمستان 1401,تامین سرمایه,درآمد ثابت,2890650.2,51.806
فصلی,1401-Q4,زمستان 1401,تامین سرمایه,سهامی,50677.0,0.908
فصلی,1401-Q4,زمستان 1401,تامین سرمایه,شاخصی,9487.1,0.17
فصلی,1401-Q4,زمستان 1401,تامین سرمایه,مختلط,5410.0,0.097
فصلی,1401-Q4,زمستان 1401,تامین سرمایه,کالایی,76757.2,1.376
فصلی,1401-Q4,زمستان 1401,سایر مدیران,املاک و مستغلات,1669.4,0.03
فصلی,1401-Q4,زمستان 1401,سایر مدیران,بخشی,1379.7,0.025
فصلی,1401-Q4,زمستان 1401,سایر مدیران,جسورانه,2682.3,0.048
فصلی,1401-Q4,زمستان 1401,سایر مدیران,خصوصی,15683.7,0.281
فصلی,1401-Q4,زمستان 1401,سایر مدیران,درآمد ثابت,980053.7,17.565
فصلی,1401-Q4,زمستان 1401,سایر مدیران,سهامی,130458.4,2.338
فصلی,1401-Q4,زمستان 1401,سایر مدیران,شاخصی,11371.4,0.204
فصلی,1401-Q4,زمستان 1401,سایر مدیران,صندوق در صندوق,3067.3,0.055
فصلی,1401-Q4,زمستان 1401,سایر مدیران,مختلط,7310.5,0.131
فصلی,1401-Q4,زمستان 1401,سایر مدیران,پروژه‌ای,11262.6,0.202
فصلی,1401-Q4,زمستان 1401,سایر مدیران,کالایی,25114.1,0.45
فصلی,1401-Q4,زمستان 1401,سبد گردان اقتصاد بیدار,درآمد ثابت,35095.6,0.629
فصلی,1401-Q4,زمستان 1401,سبد گردان اقتصاد بیدار,سهامی,4805.6,0.086
فصلی,1401-Q4,زمستان 1401,سبد گردان کاریزما,اهرمی,55174.8,0.989
فصلی,1401-Q4,زمستان 1401,سبد گردان کاریزما,تضمین اصل سرمایه,11759.6,0.211
فصلی,1401-Q4,زمستان 1401,سبد گردان کاریزما,درآمد ثابت,213755.0,3.831
فصلی,1401-Q4,زمستان 1401,سبد گردان کاریزما,سهامی,18286.7,0.328
فصلی,1401-Q4,زمستان 1401,سبد گردان کاریزما,شاخصی,2801.0,0.05
فصلی,1401-Q4,زمستان 1401,سبد گردان کاریزما,صندوق در صندوق,1066.3,0.019
فصلی,1401-Q4,زمستان 1401,سبد گردان کاریزما,مختلط,1365.7,0.024
فصلی,1401-Q4,زمستان 1401,سبد گردان کاریزما,کالایی,10308.2,0.185
فصلی,1401-Q4,زمستان 1401,سبدگردان آگاه,بخشی,11845.3,0.212
فصلی,1401-Q4,زمستان 1401,سبدگردان آگاه,درآمد ثابت,55730.6,0.999
فصلی,1401-Q4,زمستان 1401,سبدگردان آگاه,سهامی,39574.8,0.709
فصلی,1401-Q4,زمستان 1401,سبدگردان آگاه,مختلط,282.9,0.005
فصلی,1401-Q4,زمستان 1401,سبدگردان توسعه فیروزه,جسورانه,229.3,0.004
فصلی,1401-Q4,زمستان 1401,سبدگردان توسعه فیروزه,خصوصی,1106.8,0.02
فصلی,1401-Q4,زمستان 1401,سبدگردان توسعه فیروزه,درآمد ثابت,20311.0,0.364
فصلی,1401-Q4,زمستان 1401,سبدگردان توسعه فیروزه,سهامی,8672.4,0.155
فصلی,1401-Q4,زمستان 1401,سبدگردان توسعه فیروزه,شاخصی,4438.7,0.08
فصلی,1401-Q4,زمستان 1401,سبدگردان فارابی,درآمد ثابت,27967.6,0.501
فصلی,1401-Q4,زمستان 1401,سبدگردان فارابی,سهامی,9090.0,0.163
فصلی,1401-Q4,زمستان 1401,سبدگردان مفید,اهرمی,23279.2,0.417
فصلی,1401-Q4,زمستان 1401,سبدگردان مفید,تضمین اصل سرمایه,2832.5,0.051
فصلی,1401-Q4,زمستان 1401,سبدگردان مفید,درآمد ثابت,199065.2,3.568
فصلی,1401-Q4,زمستان 1401,سبدگردان مفید,سهامی,137692.2,2.468
فصلی,1401-Q4,زمستان 1401,سبدگردان مفید,شاخصی,8165.4,0.146
فصلی,1401-Q4,زمستان 1401,سبدگردان مفید,مختلط,4142.8,0.074
فصلی,1401-Q4,زمستان 1401,سبدگردان مفید,کالایی,20541.2,0.368
فصلی,1401-Q4,زمستان 1401,مشاور سرمایه گذاری ترنج,درآمد ثابت,106448.2,1.908
فصلی,1401-Q4,زمستان 1401,مشاور سرمایه گذاری ترنج,سهامی,15770.5,0.283
فصلی,1401-Q4,زمستان 1401,مشاور سرمایه گذاری ترنج,صندوق در صندوق,3967.5,0.071
فصلی,1401-Q4,زمستان 1401,مشاور سرمایه گذاری ترنج,مختلط,5813.2,0.104
فصلی,1402-Q1,بهار 1402,تامین سرمایه,اهرمی,1835.1,0.03
فصلی,1402-Q1,بهار 1402,تامین سرمایه,بازنشستگی,18467.1,0.298
فصلی,1402-Q1,بهار 1402,تامین سرمایه,بخشی,333198.7,5.38
فصلی,1402-Q1,بهار 1402,تامین سرمایه,جسورانه,559.0,0.009
فصلی,1402-Q1,بهار 1402,تامین سرمایه,درآمد ثابت,3078454.5,49.704
فصلی,1402-Q1,بهار 1402,تامین سرمایه,سهامی,61487.8,0.993
فصلی,1402-Q1,بهار 1402,تامین سرمایه,شاخصی,12345.3,0.199
فصلی,1402-Q1,بهار 1402,تامین سرمایه,مختلط,6279.9,0.101
فصلی,1402-Q1,بهار 1402,تامین سرمایه,کالایی,78046.7,1.26
فصلی,1402-Q1,بهار 1402,سایر مدیران,املاک و مستغلات,1676.2,0.027
فصلی,1402-Q1,بهار 1402,سایر مدیران,بخشی,1211.3,0.02
فصلی,1402-Q1,بهار 1402,سایر مدیران,تضمین اصل سرمایه,268.3,0.004
فصلی,1402-Q1,بهار 1402,سایر مدیران,جسورانه,3007.4,0.049
فصلی,1402-Q1,بهار 1402,سایر مدیران,خصوصی,16225.2,0.262
فصلی,1402-Q1,بهار 1402,سایر مدیران,درآمد ثابت,1031863.0,16.66
فصلی,1402-Q1,بهار 1402,سایر مدیران,سهامی,147191.9,2.376
فصلی,1402-Q1,بهار 1402,سایر مدیران,شاخصی,14157.2,0.229
فصلی,1402-Q1,بهار 1402,سایر مدیران,صندوق در صندوق,3116.9,0.05
فصلی,1402-Q1,بهار 1402,سایر مدیران,مختلط,8185.7,0.132
فصلی,1402-Q1,بهار 1402,سایر مدیران,پروژه‌ای,11261.1,0.182
فصلی,1402-Q1,بهار 1402,سایر مدیران,کالایی,28551.5,0.461
فصلی,1402-Q1,بهار 1402,سبد گردان اقتصاد بیدار,درآمد ثابت,33811.7,0.546
فصلی,1402-Q1,بهار 1402,سبد گردان اقتصاد بیدار,سهامی,5437.0,0.088
فصلی,1402-Q1,بهار 1402,سبد گردان کاریزما,اهرمی,74759.1,1.207
فصلی,1402-Q1,بهار 1402,سبد گردان کاریزما,تضمین اصل سرمایه,22606.2,0.365
فصلی,1402-Q1,بهار 1402,سبد گردان کاریزما,درآمد ثابت,294175.0,4.75
فصلی,1402-Q1,بهار 1402,سبد گردان کاریزما,سهامی,20190.8,0.326
فصلی,1402-Q1,بهار 1402,سبد گردان کاریزما,شاخصی,3922.7,0.063
فصلی,1402-Q1,بهار 1402,سبد گردان کاریزما,صندوق در صندوق,1106.4,0.018
فصلی,1402-Q1,بهار 1402,سبد گردان کاریزما,مختلط,1692.4,0.027
فصلی,1402-Q1,بهار 1402,سبد گردان کاریزما,کالایی,17041.4,0.275
فصلی,1402-Q1,بهار 1402,سبدگردان آگاه,اهرمی,7417.2,0.12
فصلی,1402-Q1,بهار 1402,سبدگردان آگاه,بخشی,9637.5,0.156
فصلی,1402-Q1,بهار 1402,سبدگردان آگاه,درآمد ثابت,56993.0,0.92
فصلی,1402-Q1,بهار 1402,سبدگردان آگاه,سهامی,39011.3,0.63
فصلی,1402-Q1,بهار 1402,سبدگردان آگاه,مختلط,306.8,0.005
فصلی,1402-Q1,بهار 1402,سبدگردان توسعه فیروزه,جسورانه,232.0,0.004
فصلی,1402-Q1,بهار 1402,سبدگردان توسعه فیروزه,خصوصی,830.0,0.013
فصلی,1402-Q1,بهار 1402,سبدگردان توسعه فیروزه,درآمد ثابت,27010.1,0.436
فصلی,1402-Q1,بهار 1402,سبدگردان توسعه فیروزه,سهامی,11575.1,0.187
فصلی,1402-Q1,بهار 1402,سبدگردان توسعه فیروزه,شاخصی,4731.2,0.076
فصلی,1402-Q1,بهار 1402,سبدگردان فارابی,درآمد ثابت,40440.7,0.653
فصلی,1402-Q1,بهار 1402,سبدگردان فارابی,سهامی,12363.8,0.2
فصلی,1402-Q1,بهار 1402,سبدگردان مفید,اهرمی,38985.3,0.629
فصلی,1402-Q1,بهار 1402,سبدگردان مفید,تضمین اصل سرمایه,5209.2,0.084
فصلی,1402-Q1,بهار 1402,سبدگردان مفید,درآمد ثابت,250212.4,4.04
فصلی,1402-Q1,بهار 1402,سبدگردان مفید,سهامی,153413.8,2.477
فصلی,1402-Q1,بهار 1402,سبدگردان مفید,شاخصی,8453.2,0.136
فصلی,1402-Q1,بهار 1402,سبدگردان مفید,مختلط,4109.3,0.066
فصلی,1402-Q1,بهار 1402,سبدگردان مفید,کالایی,30283.2,0.489
فصلی,1402-Q1,بهار 1402,مشاور سرمایه گذاری ترنج,درآمد ثابت,130208.3,2.102
فصلی,1402-Q1,بهار 1402,مشاور سرمایه گذاری ترنج,سهامی,17922.2,0.289
فصلی,1402-Q1,بهار 1402,مشاور سرمایه گذاری ترنج,صندوق در صندوق,5468.2,0.088
فصلی,1402-Q1,بهار 1402,مشاور سرمایه گذاری ترنج,مختلط,6635.7,0.107
فصلی,1402-Q2,تابستان 1402,تامین سرمایه,اهرمی,2126.5,0.032
فصلی,1402-Q2,تابستان 1402,تامین سرمایه,بازنشستگی,18208.0,0.276
فصلی,1402-Q2,تابستان 1402,تامین سرمایه,بخشی,321045.4,4.869
فصلی,1402-Q2,تابستان 1402,تامین سرمایه,تضمین اصل سرمایه,2645.5,0.04
فصلی,1402-Q2,تابستان 1402,تامین سرمایه,جسورانه,553.9,0.008
فصلی,1402-Q2,تابستان 1402,تامین سرمایه,درآمد ثابت,3214507.5,48.75
فصلی,1402-Q2,تابستان 1402,تامین سرمایه,سهامی,62211.0,0.944
فصلی,1402-Q2,تابستان 1402,تامین سرمایه,شاخصی,9622.5,0.146
فصلی,1402-Q2,تابستان 1402,تامین سرمایه,مختلط,6351.2,0.096
فصلی,1402-Q2,تابستان 1402,تامین سرمایه,کالایی,81730.7,1.24
فصلی,1402-Q2,تابستان 1402,سایر مدیران,املاک و مستغلات,1691.4,0.026
فصلی,1402-Q2,تابستان 1402,سایر مدیران,بخشی,2448.2,0.037
فصلی,1402-Q2,تابستان 1402,سایر مدیران,تضمین اصل سرمایه,194.4,0.003
فصلی,1402-Q2,تابستان 1402,سایر مدیران,جسورانه,3183.3,0.048
فصلی,1402-Q2,تابستان 1402,سایر مدیران,خصوصی,15674.0,0.238
فصلی,1402-Q2,تابستان 1402,سایر مدیران,درآمد ثابت,1128119.6,17.109
فصلی,1402-Q2,تابستان 1402,سایر مدیران,سهامی,144640.0,2.194
فصلی,1402-Q2,تابستان 1402,سایر مدیران,شاخصی,15795.0,0.24
فصلی,1402-Q2,تابستان 1402,سایر مدیران,صندوق در صندوق,3151.3,0.048
فصلی,1402-Q2,تابستان 1402,سایر مدیران,مختلط,8403.8,0.127
فصلی,1402-Q2,تابستان 1402,سایر مدیران,پروژه‌ای,11259.6,0.171
فصلی,1402-Q2,تابستان 1402,سایر مدیران,کالایی,25549.6,0.388
فصلی,1402-Q2,تابستان 1402,سبد گردان اقتصاد بیدار,درآمد ثابت,40891.9,0.62
فصلی,1402-Q2,تابستان 1402,سبد گردان اقتصاد بیدار,سهامی,5984.9,0.091
فصلی,1402-Q2,تابستان 1402,سبد گردان کاریزما,اهرمی,97973.7,1.486
فصلی,1402-Q2,تابستان 1402,سبد گردان کاریزما,تضمین اصل سرمایه,23417.8,0.355
فصلی,1402-Q2,تابستان 1402,سبد گردان کاریزما,درآمد ثابت,318754.4,4.834
فصلی,1402-Q2,تابستان 1402,سبد گردان کاریزما,سهامی,17518.5,0.266
فصلی,1402-Q2,تابستان 1402,سبد گردان کاریزما,شاخصی,4279.6,0.065
فصلی,1402-Q2,تابستان 1402,سبد گردان کاریزما,صندوق در صندوق,1129.5,0.017
فصلی,1402-Q2,تابستان 1402,سبد گردان کاریزما,مختلط,1769.2,0.027
فصلی,1402-Q2,تابستان 1402,سبد گردان کاریزما,کالایی,20294.4,0.308
فصلی,1402-Q2,تابستان 1402,سبدگردان آگاه,اهرمی,12659.8,0.192
فصلی,1402-Q2,تابستان 1402,سبدگردان آگاه,بخشی,7846.7,0.119
فصلی,1402-Q2,تابستان 1402,سبدگردان آگاه,درآمد ثابت,73925.1,1.121
فصلی,1402-Q2,تابستان 1402,سبدگردان آگاه,سهامی,35060.1,0.532
فصلی,1402-Q2,تابستان 1402,سبدگردان آگاه,مختلط,327.7,0.005
فصلی,1402-Q2,تابستان 1402,سبدگردان توسعه فیروزه,جسورانه,383.8,0.006
فصلی,1402-Q2,تابستان 1402,سبدگردان توسعه فیروزه,خصوصی,963.8,0.015
فصلی,1402-Q2,تابستان 1402,سبدگردان توسعه فیروزه,درآمد ثابت,36392.0,0.552
فصلی,1402-Q2,تابستان 1402,سبدگردان توسعه فیروزه,سهامی,12454.3,0.189
فصلی,1402-Q2,تابستان 1402,سبدگردان توسعه فیروزه,شاخصی,4260.6,0.065
فصلی,1402-Q2,تابستان 1402,سبدگردان فارابی,اهرمی,7239.5,0.11
فصلی,1402-Q2,تابستان 1402,سبدگردان فارابی,درآمد ثابت,38645.8,0.586
فصلی,1402-Q2,تابستان 1402,سبدگردان فارابی,سهامی,9946.0,0.151
فصلی,1402-Q2,تابستان 1402,سبدگردان مفید,اهرمی,46685.1,0.708
فصلی,1402-Q2,تابستان 1402,سبدگردان مفید,بخشی,8258.7,0.125
فصلی,1402-Q2,تابستان 1402,سبدگردان مفید,تضمین اصل سرمایه,5565.5,0.084
فصلی,1402-Q2,تابستان 1402,سبدگردان مفید,درآمد ثابت,317731.9,4.819
فصلی,1402-Q2,تابستان 1402,سبدگردان مفید,سهامی,148078.2,2.246
فصلی,1402-Q2,تابستان 1402,سبدگردان مفید,شاخصی,7596.9,0.115
فصلی,1402-Q2,تابستان 1402,سبدگردان مفید,مختلط,4007.3,0.061
فصلی,1402-Q2,تابستان 1402,سبدگردان مفید,کالایی,36578.5,0.555
فصلی,1402-Q2,تابستان 1402,مشاور سرمایه گذاری ترنج,درآمد ثابت,140703.5,2.134
فصلی,1402-Q2,تابستان 1402,مشاور سرمایه گذاری ترنج,سهامی,16963.1,0.257
فصلی,1402-Q2,تابستان 1402,مشاور سرمایه گذاری ترنج,صندوق در صندوق,4041.0,0.061
فصلی,1402-Q2,تابستان 1402,مشاور سرمایه گذاری ترنج,مختلط,6414.4,0.097
فصلی,1402-Q3,پاییز 1402,تامین سرمایه,اهرمی,2195.6,0.031
فصلی,1402-Q3,پاییز 1402,تامین سرمایه,بازنشستگی,18620.6,0.264
فصلی,1402-Q3,پاییز 1402,تامین سرمایه,بخشی,317089.0,4.495
فصلی,1402-Q3,پاییز 1402,تامین سرمایه,تضمین اصل سرمایه,4791.4,0.068
فصلی,1402-Q3,پاییز 1402,تامین سرمایه,جسورانه,556.8,0.008
فصلی,1402-Q3,پاییز 1402,تامین سرمایه,درآمد ثابت,3233205.6,45.833
فصلی,1402-Q3,پاییز 1402,تامین سرمایه,سهامی,68915.1,0.977
فصلی,1402-Q3,پاییز 1402,تامین سرمایه,شاخصی,10018.4,0.142
فصلی,1402-Q3,پاییز 1402,تامین سرمایه,مختلط,6932.7,0.098
فصلی,1402-Q3,پاییز 1402,تامین سرمایه,کالایی,95126.0,1.348
فصلی,1402-Q3,پاییز 1402,سایر مدیران,املاک و مستغلات,3347.1,0.047
فصلی,1402-Q3,پاییز 1402,سایر مدیران,بخشی,10790.3,0.153
فصلی,1402-Q3,پاییز 1402,سایر مدیران,تضمین اصل سرمایه,194.3,0.003
فصلی,1402-Q3,پاییز 1402,سایر مدیران,جسورانه,2723.4,0.039
فصلی,1402-Q3,پاییز 1402,سایر مدیران,خصوصی,15751.5,0.223
فصلی,1402-Q3,پاییز 1402,سایر مدیران,درآمد ثابت,1247262.6,17.681
فصلی,1402-Q3,پاییز 1402,سایر مدیران,سهامی,169948.1,2.409
فصلی,1402-Q3,پاییز 1402,سایر مدیران,شاخصی,17592.1,0.249
فصلی,1402-Q3,پاییز 1402,سایر مدیران,صندوق در صندوق,3268.8,0.046
فصلی,1402-Q3,پاییز 1402,سایر مدیران,مختلط,9124.4,0.129
فصلی,1402-Q3,پاییز 1402,سایر مدیران,پروژه‌ای,11257.7,0.16
فصلی,1402-Q3,پاییز 1402,سایر مدیران,کالایی,28811.9,0.408
فصلی,1402-Q3,پاییز 1402,سبد گردان اقتصاد بیدار,درآمد ثابت,60420.3,0.856
فصلی,1402-Q3,پاییز 1402,سبد گردان اقتصاد بیدار,سهامی,6632.2,0.094
فصلی,1402-Q3,پاییز 1402,سبد گردان کاریزما,اهرمی,111631.5,1.582
فصلی,1402-Q3,پاییز 1402,سبد گردان کاریزما,بخشی,7687.3,0.109
فصلی,1402-Q3,پاییز 1402,سبد گردان کاریزما,تضمین اصل سرمایه,20438.3,0.29
فصلی,1402-Q3,پاییز 1402,سبد گردان کاریزما,درآمد ثابت,330589.8,4.686
فصلی,1402-Q3,پاییز 1402,سبد گردان کاریزما,سهامی,17477.3,0.248
فصلی,1402-Q3,پاییز 1402,سبد گردان کاریزما,شاخصی,4119.8,0.058
فصلی,1402-Q3,پاییز 1402,سبد گردان کاریزما,صندوق در صندوق,1157.9,0.016
فصلی,1402-Q3,پاییز 1402,سبد گردان کاریزما,مختلط,1781.3,0.025
فصلی,1402-Q3,پاییز 1402,سبد گردان کاریزما,کالایی,26132.8,0.37
فصلی,1402-Q3,پاییز 1402,سبدگردان آگاه,اهرمی,14849.1,0.211
فصلی,1402-Q3,پاییز 1402,سبدگردان آگاه,بخشی,10596.0,0.15
فصلی,1402-Q3,پاییز 1402,سبدگردان آگاه,درآمد ثابت,118817.8,1.684
فصلی,1402-Q3,پاییز 1402,سبدگردان آگاه,سهامی,34921.4,0.495
فصلی,1402-Q3,پاییز 1402,سبدگردان آگاه,مختلط,339.4,0.005
فصلی,1402-Q3,پاییز 1402,سبدگردان توسعه فیروزه,اهرمی,14574.1,0.207
فصلی,1402-Q3,پاییز 1402,سبدگردان توسعه فیروزه,جسورانه,389.5,0.006
فصلی,1402-Q3,پاییز 1402,سبدگردان توسعه فیروزه,خصوصی,996.3,0.014
فصلی,1402-Q3,پاییز 1402,سبدگردان توسعه فیروزه,درآمد ثابت,47792.6,0.678
فصلی,1402-Q3,پاییز 1402,سبدگردان توسعه فیروزه,سهامی,11153.9,0.158
فصلی,1402-Q3,پاییز 1402,سبدگردان توسعه فیروزه,شاخصی,2964.3,0.042
فصلی,1402-Q3,پاییز 1402,سبدگردان فارابی,اهرمی,14025.6,0.199
فصلی,1402-Q3,پاییز 1402,سبدگردان فارابی,بخشی,1510.3,0.021
فصلی,1402-Q3,پاییز 1402,سبدگردان فارابی,درآمد ثابت,53324.7,0.756
فصلی,1402-Q3,پاییز 1402,سبدگردان فارابی,سهامی,8824.5,0.125
فصلی,1402-Q3,پاییز 1402,سبدگردان مفید,اهرمی,48845.2,0.692
فصلی,1402-Q3,پاییز 1402,سبدگردان مفید,بازنشستگی,5080.1,0.072
فصلی,1402-Q3,پاییز 1402,سبدگردان مفید,بخشی,8038.0,0.114
فصلی,1402-Q3,پاییز 1402,سبدگردان مفید,تضمین اصل سرمایه,6515.2,0.092
فصلی,1402-Q3,پاییز 1402,سبدگردان مفید,درآمد ثابت,395128.0,5.601
فصلی,1402-Q3,پاییز 1402,سبدگردان مفید,سهامی,151166.1,2.143
فصلی,1402-Q3,پاییز 1402,سبدگردان مفید,شاخصی,8072.0,0.114
فصلی,1402-Q3,پاییز 1402,سبدگردان مفید,مختلط,4135.9,0.059
فصلی,1402-Q3,پاییز 1402,سبدگردان مفید,کالایی,48822.6,0.692
فصلی,1402-Q3,پاییز 1402,مشاور سرمایه گذاری ترنج,درآمد ثابت,150400.8,2.132
فصلی,1402-Q3,پاییز 1402,مشاور سرمایه گذاری ترنج,سهامی,17524.3,0.248
فصلی,1402-Q3,پاییز 1402,مشاور سرمایه گذاری ترنج,صندوق در صندوق,3695.1,0.052
فصلی,1402-Q3,پاییز 1402,مشاور سرمایه گذاری ترنج,مختلط,6195.9,0.088
فصلی,1402-Q4,زمستان 1402,تامین سرمایه,اهرمی,2043.9,0.03
فصلی,1402-Q4,زمستان 1402,تامین سرمایه,بازنشستگی,19227.3,0.279
فصلی,1402-Q4,زمستان 1402,تامین سرمایه,بخشی,329330.1,4.771
فصلی,1402-Q4,زمستان 1402,تامین سرمایه,تضمین اصل سرمایه,5795.2,0.084
فصلی,1402-Q4,زمستان 1402,تامین سرمایه,جسورانه,556.4,0.008
فصلی,1402-Q4,زمستان 1402,تامین سرمایه,درآمد ثابت,2965682.3,42.965
فصلی,1402-Q4,زمستان 1402,تامین سرمایه,سهامی,72430.5,1.049
فصلی,1402-Q4,زمستان 1402,تامین سرمایه,شاخصی,10031.8,0.145
فصلی,1402-Q4,زمستان 1402,تامین سرمایه,مختلط,7078.8,0.103
فصلی,1402-Q4,زمستان 1402,تامین سرمایه,کالایی,138618.0,2.008
فصلی,1402-Q4,زمستان 1402,سایر مدیران,املاک و مستغلات,20478.9,0.297
فصلی,1402-Q4,زمستان 1402,سایر مدیران,بخشی,25825.4,0.374
فصلی,1402-Q4,زمستان 1402,سایر مدیران,تضمین اصل سرمایه,166.1,0.002
فصلی,1402-Q4,زمستان 1402,سایر مدیران,جسورانه,2832.7,0.041
فصلی,1402-Q4,زمستان 1402,سایر مدیران,خصوصی,15514.8,0.225
فصلی,1402-Q4,زمستان 1402,سایر مدیران,درآمد ثابت,1210702.1,17.54
فصلی,1402-Q4,زمستان 1402,سایر مدیران,سهامی,175248.3,2.539
فصلی,1402-Q4,زمستان 1402,سایر مدیران,شاخصی,14740.9,0.214
فصلی,1402-Q4,زمستان 1402,سایر مدیران,صندوق در صندوق,3111.6,0.045
فصلی,1402-Q4,زمستان 1402,سایر مدیران,مختلط,9173.9,0.133
فصلی,1402-Q4,زمستان 1402,سایر مدیران,پروژه‌ای,12959.1,0.188
فصلی,1402-Q4,زمستان 1402,سایر مدیران,کالایی,56180.2,0.814
فصلی,1402-Q4,زمستان 1402,سبد گردان اقتصاد بیدار,درآمد ثابت,61042.4,0.884
فصلی,1402-Q4,زمستان 1402,سبد گردان اقتصاد بیدار,سهامی,7885.9,0.114
فصلی,1402-Q4,زمستان 1402,سبد گردان کاریزما,اهرمی,117747.2,1.706
فصلی,1402-Q4,زمستان 1402,سبد گردان کاریزما,بخشی,5766.0,0.084
فصلی,1402-Q4,زمستان 1402,سبد گردان کاریزما,تضمین اصل سرمایه,16472.9,0.239
فصلی,1402-Q4,زمستان 1402,سبد گردان کاریزما,درآمد ثابت,220610.6,3.196
فصلی,1402-Q4,زمستان 1402,سبد گردان کاریزما,سهامی,13325.6,0.193
فصلی,1402-Q4,زمستان 1402,سبد گردان کاریزما,شاخصی,3575.4,0.052
فصلی,1402-Q4,زمستان 1402,سبد گردان کاریزما,صندوق در صندوق,1293.4,0.019
فصلی,1402-Q4,زمستان 1402,سبد گردان کاریزما,مختلط,1578.1,0.023
فصلی,1402-Q4,زمستان 1402,سبد گردان کاریزما,کالایی,45567.0,0.66
فصلی,1402-Q4,زمستان 1402,سبدگردان آگاه,اهرمی,22957.7,0.333
فصلی,1402-Q4,زمستان 1402,سبدگردان آگاه,بخشی,12199.9,0.177
فصلی,1402-Q4,زمستان 1402,سبدگردان آگاه,درآمد ثابت,102218.4,1.481
فصلی,1402-Q4,زمستان 1402,سبدگردان آگاه,سهامی,33020.5,0.478
فصلی,1402-Q4,زمستان 1402,سبدگردان آگاه,مختلط,337.5,0.005
فصلی,1402-Q4,زمستان 1402,سبدگردان آگاه,کالایی,24021.7,0.348
فصلی,1402-Q4,زمستان 1402,سبدگردان توسعه فیروزه,اهرمی,25529.7,0.37
فصلی,1402-Q4,زمستان 1402,سبدگردان توسعه فیروزه,جسورانه,393.9,0.006
فصلی,1402-Q4,زمستان 1402,سبدگردان توسعه فیروزه,خصوصی,1133.3,0.016
فصلی,1402-Q4,زمستان 1402,سبدگردان توسعه فیروزه,درآمد ثابت,66108.9,0.958
فصلی,1402-Q4,زمستان 1402,سبدگردان توسعه فیروزه,سهامی,10052.0,0.146
فصلی,1402-Q4,زمستان 1402,سبدگردان توسعه فیروزه,شاخصی,3157.2,0.046
فصلی,1402-Q4,زمستان 1402,سبدگردان فارابی,اهرمی,23009.6,0.333
فصلی,1402-Q4,زمستان 1402,سبدگردان فارابی,بخشی,1636.3,0.024
فصلی,1402-Q4,زمستان 1402,سبدگردان فارابی,درآمد ثابت,59824.7,0.867
فصلی,1402-Q4,زمستان 1402,سبدگردان فارابی,سهامی,8803.1,0.128
فصلی,1402-Q4,زمستان 1402,سبدگردان مفید,اهرمی,54222.3,0.785
فصلی,1402-Q4,زمستان 1402,سبدگردان مفید,بازنشستگی,5840.8,0.085
فصلی,1402-Q4,زمستان 1402,سبدگردان مفید,بخشی,14888.0,0.216
فصلی,1402-Q4,زمستان 1402,سبدگردان مفید,تضمین اصل سرمایه,6835.1,0.099
فصلی,1402-Q4,زمستان 1402,سبدگردان مفید,درآمد ثابت,424439.9,6.149
فصلی,1402-Q4,زمستان 1402,سبدگردان مفید,سهامی,148968.1,2.158
فصلی,1402-Q4,زمستان 1402,سبدگردان مفید,شاخصی,7716.0,0.112
فصلی,1402-Q4,زمستان 1402,سبدگردان مفید,مختلط,3975.0,0.058
فصلی,1402-Q4,زمستان 1402,سبدگردان مفید,کالایی,79883.6,1.157
فصلی,1402-Q4,زمستان 1402,مشاور سرمایه گذاری ترنج,درآمد ثابت,141015.2,2.043
فصلی,1402-Q4,زمستان 1402,مشاور سرمایه گذاری ترنج,سهامی,16484.9,0.239
فصلی,1402-Q4,زمستان 1402,مشاور سرمایه گذاری ترنج,صندوق در صندوق,4335.0,0.063
فصلی,1402-Q4,زمستان 1402,مشاور سرمایه گذاری ترنج,مختلط,6930.9,0.1
فصلی,1403-Q1,بهار 1403,تامین سرمایه,املاک و مستغلات,5068.5,0.069
فصلی,1403-Q1,بهار 1403,تامین سرمایه,اهرمی,1357.7,0.018
فصلی,1403-Q1,بهار 1403,تامین سرمایه,بازنشستگی,17983.6,0.243
فصلی,1403-Q1,بهار 1403,تامین سرمایه,بخشی,298477.0,4.038
فصلی,1403-Q1,بهار 1403,تامین سرمایه,تضمین اصل سرمایه,11455.9,0.155
فصلی,1403-Q1,بهار 1403,تامین سرمایه,درآمد ثابت,3117595.5,42.18
فصلی,1403-Q1,بهار 1403,تامین سرمایه,سهامی,69352.9,0.938
فصلی,1403-Q1,بهار 1403,تامین سرمایه,شاخصی,6999.9,0.095
فصلی,1403-Q1,بهار 1403,تامین سرمایه,مختلط,7063.8,0.096
فصلی,1403-Q1,بهار 1403,تامین سرمایه,کالایی,159209.2,2.154
فصلی,1403-Q1,بهار 1403,سایر مدیران,املاک و مستغلات,20610.6,0.279
فصلی,1403-Q1,بهار 1403,سایر مدیران,بخشی,23518.6,0.318
فصلی,1403-Q1,بهار 1403,سایر مدیران,تضمین اصل سرمایه,88.5,0.001
فصلی,1403-Q1,بهار 1403,سایر مدیران,جسورانه,2934.2,0.04
فصلی,1403-Q1,بهار 1403,سایر مدیران,خصوصی,15178.7,0.205
فصلی,1403-Q1,بهار 1403,سایر مدیران,درآمد ثابت,1315774.7,17.802
فصلی,1403-Q1,بهار 1403,سایر مدیران,سهامی,158454.6,2.144
فصلی,1403-Q1,بهار 1403,سایر مدیران,شاخصی,13252.1,0.179
فصلی,1403-Q1,بهار 1403,سایر مدیران,صندوق در صندوق,2975.2,0.04
فصلی,1403-Q1,بهار 1403,سایر مدیران,مختلط,8608.6,0.116
فصلی,1403-Q1,بهار 1403,سایر مدیران,پروژه‌ای,12958.0,0.175
فصلی,1403-Q1,بهار 1403,سایر مدیران,کالایی,67968.0,0.92
فصلی,1403-Q1,بهار 1403,سبد گردان اقتصاد بیدار,درآمد ثابت,94141.4,1.274
فصلی,1403-Q1,بهار 1403,سبد گردان اقتصاد بیدار,سهامی,7383.0,0.1
فصلی,1403-Q1,بهار 1403,سبد گردان کاریزما,اهرمی,123223.7,1.667
فصلی,1403-Q1,بهار 1403,سبد گردان کاریزما,بازنشستگی,5235.3,0.071
فصلی,1403-Q1,بهار 1403,سبد گردان کاریزما,بخشی,5068.4,0.069
فصلی,1403-Q1,بهار 1403,سبد گردان کاریزما,تضمین اصل سرمایه,14542.9,0.197
فصلی,1403-Q1,بهار 1403,سبد گردان کاریزما,درآمد ثابت,209431.9,2.834
فصلی,1403-Q1,بهار 1403,سبد گردان کاریزما,سهامی,9799.7,0.133
فصلی,1403-Q1,بهار 1403,سبد گردان کاریزما,شاخصی,2711.6,0.037
فصلی,1403-Q1,بهار 1403,سبد گردان کاریزما,صندوق در صندوق,1104.2,0.015
فصلی,1403-Q1,بهار 1403,سبد گردان کاریزما,مختلط,1343.9,0.018
فصلی,1403-Q1,بهار 1403,سبد گردان کاریزما,کالایی,52654.6,0.712
فصلی,1403-Q1,بهار 1403,سبدگردان آگاه,اهرمی,27843.2,0.377
فصلی,1403-Q1,بهار 1403,سبدگردان آگاه,بخشی,9820.9,0.133
فصلی,1403-Q1,بهار 1403,سبدگردان آگاه,درآمد ثابت,125002.9,1.691
فصلی,1403-Q1,بهار 1403,سبدگردان آگاه,سهامی,28170.4,0.381
فصلی,1403-Q1,بهار 1403,سبدگردان آگاه,مختلط,326.8,0.004
فصلی,1403-Q1,بهار 1403,سبدگردان آگاه,کالایی,28003.6,0.379
فصلی,1403-Q1,بهار 1403,سبدگردان توسعه فیروزه,اهرمی,32864.5,0.445
فصلی,1403-Q1,بهار 1403,سبدگردان توسعه فیروزه,جسورانه,546.8,0.007
فصلی,1403-Q1,بهار 1403,سبدگردان توسعه فیروزه,خصوصی,1183.2,0.016
فصلی,1403-Q1,بهار 1403,سبدگردان توسعه فیروزه,درآمد ثابت,77443.1,1.048
فصلی,1403-Q1,بهار 1403,سبدگردان توسعه فیروزه,سهامی,8349.5,0.113
فصلی,1403-Q1,بهار 1403,سبدگردان توسعه فیروزه,شاخصی,2415.4,0.033
فصلی,1403-Q1,بهار 1403,سبدگردان فارابی,اهرمی,32081.5,0.434
فصلی,1403-Q1,بهار 1403,سبدگردان فارابی,بخشی,1363.5,0.018
فصلی,1403-Q1,بهار 1403,سبدگردان فارابی,درآمد ثابت,79058.8,1.07
فصلی,1403-Q1,بهار 1403,سبدگردان فارابی,سهامی,7473.6,0.101
فصلی,1403-Q1,بهار 1403,سبدگردان مفید,اهرمی,53055.9,0.718
فصلی,1403-Q1,بهار 1403,سبدگردان مفید,بازنشستگی,5691.9,0.077
فصلی,1403-Q1,بهار 1403,سبدگردان مفید,بخشی,20016.0,0.271
فصلی,1403-Q1,بهار 1403,سبدگردان مفید,تضمین اصل سرمایه,4941.6,0.067
فصلی,1403-Q1,بهار 1403,سبدگردان مفید,درآمد ثابت,537243.3,7.269
فصلی,1403-Q1,بهار 1403,سبدگردان مفید,سهامی,132739.0,1.796
فصلی,1403-Q1,بهار 1403,سبدگردان مفید,شاخصی,6798.5,0.092
فصلی,1403-Q1,بهار 1403,سبدگردان مفید,مختلط,3591.0,0.049
فصلی,1403-Q1,بهار 1403,سبدگردان مفید,کالایی,101136.2,1.368
فصلی,1403-Q1,بهار 1403,مشاور سرمایه گذاری ترنج,درآمد ثابت,175839.3,2.379
فصلی,1403-Q1,بهار 1403,مشاور سرمایه گذاری ترنج,سهامی,15156.2,0.205
فصلی,1403-Q1,بهار 1403,مشاور سرمایه گذاری ترنج,صندوق در صندوق,3721.3,0.05
فصلی,1403-Q1,بهار 1403,مشاور سرمایه گذاری ترنج,مختلط,5723.8,0.077
فصلی,1403-Q2,تابستان 1403,تامین سرمایه,املاک و مستغلات,5308.5,0.061
فصلی,1403-Q2,تابستان 1403,تامین سرمایه,اهرمی,1421.4,0.016
فصلی,1403-Q2,تابستان 1403,تامین سرمایه,بازنشستگی,18168.1,0.208
فصلی,1403-Q2,تابستان 1403,تامین سرمایه,بخشی,287878.9,3.298
فصلی,1403-Q2,تابستان 1403,تامین سرمایه,تضمین اصل سرمایه,16684.5,0.191
فصلی,1403-Q2,تابستان 1403,تامین سرمایه,درآمد ثابت,3356810.6,38.453
فصلی,1403-Q2,تابستان 1403,تامین سرمایه,سهامی,72840.9,0.834
فصلی,1403-Q2,تابستان 1403,تامین سرمایه,شاخصی,4340.3,0.05
فصلی,1403-Q2,تابستان 1403,تامین سرمایه,مختلط,7424.0,0.085
فصلی,1403-Q2,تابستان 1403,تامین سرمایه,کالایی,203185.3,2.328
فصلی,1403-Q2,تابستان 1403,سایر مدیران,املاک و مستغلات,20369.5,0.233
فصلی,1403-Q2,تابستان 1403,سایر مدیران,بازنشستگی,5252.6,0.06
فصلی,1403-Q2,تابستان 1403,سایر مدیران,بخشی,27425.6,0.314
فصلی,1403-Q2,تابستان 1403,سایر مدیران,تضمین اصل سرمایه,84.9,0.001
فصلی,1403-Q2,تابستان 1403,سایر مدیران,جسورانه,3018.6,0.035
فصلی,1403-Q2,تابستان 1403,سایر مدیران,خصوصی,15773.7,0.181
فصلی,1403-Q2,تابستان 1403,سایر مدیران,درآمد ثابت,1788552.0,20.488
فصلی,1403-Q2,تابستان 1403,سایر مدیران,سهامی,172128.2,1.972
فصلی,1403-Q2,تابستان 1403,سایر مدیران,شاخصی,12532.4,0.144
فصلی,1403-Q2,تابستان 1403,سایر مدیران,صندوق در صندوق,7586.0,0.087
فصلی,1403-Q2,تابستان 1403,سایر مدیران,مختلط,8842.0,0.101
فصلی,1403-Q2,تابستان 1403,سایر مدیران,پروژه‌ای,12956.8,0.148
فصلی,1403-Q2,تابستان 1403,سایر مدیران,کالایی,91269.3,1.046
فصلی,1403-Q2,تابستان 1403,سبد گردان اقتصاد بیدار,اهرمی,31460.8,0.36
فصلی,1403-Q2,تابستان 1403,سبد گردان اقتصاد بیدار,درآمد ثابت,128412.7,1.471
فصلی,1403-Q2,تابستان 1403,سبد گردان اقتصاد بیدار,سهامی,7318.7,0.084
فصلی,1403-Q2,تابستان 1403,سبد گردان کاریزما,اهرمی,126757.9,1.452
فصلی,1403-Q2,تابستان 1403,سبد گردان کاریزما,بازنشستگی,5424.0,0.062
فصلی,1403-Q2,تابستان 1403,سبد گردان کاریزما,بخشی,6227.5,0.071
فصلی,1403-Q2,تابستان 1403,سبد گردان کاریزما,تضمین اصل سرمایه,15499.9,0.178
فصلی,1403-Q2,تابستان 1403,سبد گردان کاریزما,درآمد ثابت,222435.0,2.548
فصلی,1403-Q2,تابستان 1403,سبد گردان کاریزما,سهامی,10944.3,0.125
فصلی,1403-Q2,تابستان 1403,سبد گردان کاریزما,شاخصی,3048.8,0.035
فصلی,1403-Q2,تابستان 1403,سبد گردان کاریزما,صندوق در صندوق,1590.9,0.018
فصلی,1403-Q2,تابستان 1403,سبد گردان کاریزما,مختلط,1335.5,0.015
فصلی,1403-Q2,تابستان 1403,سبد گردان کاریزما,کالایی,65721.4,0.753
فصلی,1403-Q2,تابستان 1403,سبدگردان آگاه,اهرمی,36076.3,0.413
فصلی,1403-Q2,تابستان 1403,سبدگردان آگاه,بخشی,10382.9,0.119
فصلی,1403-Q2,تابستان 1403,سبدگردان آگاه,درآمد ثابت,153597.6,1.76
فصلی,1403-Q2,تابستان 1403,سبدگردان آگاه,سهامی,30017.6,0.344
فصلی,1403-Q2,تابستان 1403,سبدگردان آگاه,مختلط,353.9,0.004
فصلی,1403-Q2,تابستان 1403,سبدگردان آگاه,کالایی,40287.4,0.462
فصلی,1403-Q2,تابستان 1403,سبدگردان توسعه فیروزه,اهرمی,55957.7,0.641
فصلی,1403-Q2,تابستان 1403,سبدگردان توسعه فیروزه,بخشی,10074.7,0.115
فصلی,1403-Q2,تابستان 1403,سبدگردان توسعه فیروزه,جسورانه,568.4,0.006
فصلی,1403-Q2,تابستان 1403,سبدگردان توسعه فیروزه,خصوصی,1207.4,0.014
فصلی,1403-Q2,تابستان 1403,سبدگردان توسعه فیروزه,درآمد ثابت,101506.0,1.163
فصلی,1403-Q2,تابستان 1403,سبدگردان توسعه فیروزه,سهامی,8891.9,0.102
فصلی,1403-Q2,تابستان 1403,سبدگردان توسعه فیروزه,شاخصی,2758.0,0.032
فصلی,1403-Q2,تابستان 1403,سبدگردان فارابی,اهرمی,45494.6,0.521
فصلی,1403-Q2,تابستان 1403,سبدگردان فارابی,بخشی,1522.8,0.017
فصلی,1403-Q2,تابستان 1403,سبدگردان فارابی,درآمد ثابت,121070.9,1.387
فصلی,1403-Q2,تابستان 1403,سبدگردان فارابی,سهامی,8562.4,0.098
فصلی,1403-Q2,تابستان 1403,سبدگردان مفید,اهرمی,60445.3,0.692
فصلی,1403-Q2,تابستان 1403,سبدگردان مفید,بازنشستگی,6150.1,0.07
فصلی,1403-Q2,تابستان 1403,سبدگردان مفید,بخشی,20592.1,0.236
فصلی,1403-Q2,تابستان 1403,سبدگردان مفید,تضمین اصل سرمایه,4187.7,0.048
فصلی,1403-Q2,تابستان 1403,سبدگردان مفید,درآمد ثابت,699332.9,8.011
فصلی,1403-Q2,تابستان 1403,سبدگردان مفید,سهامی,140825.7,1.613
فصلی,1403-Q2,تابستان 1403,سبدگردان مفید,شاخصی,6690.0,0.077
فصلی,1403-Q2,تابستان 1403,سبدگردان مفید,مختلط,3642.6,0.042
فصلی,1403-Q2,تابستان 1403,سبدگردان مفید,کالایی,145594.3,1.668
فصلی,1403-Q2,تابستان 1403,مشاور سرمایه گذاری ترنج,اهرمی,26097.0,0.299
فصلی,1403-Q2,تابستان 1403,مشاور سرمایه گذاری ترنج,درآمد ثابت,195822.2,2.243
فصلی,1403-Q2,تابستان 1403,مشاور سرمایه گذاری ترنج,سهامی,16740.8,0.192
فصلی,1403-Q2,تابستان 1403,مشاور سرمایه گذاری ترنج,صندوق در صندوق,3702.2,0.042
فصلی,1403-Q2,تابستان 1403,مشاور سرمایه گذاری ترنج,مختلط,5401.1,0.062
فصلی,1403-Q3,پاییز 1403,تامین سرمایه,املاک و مستغلات,5520.9,0.053
فصلی,1403-Q3,پاییز 1403,تامین سرمایه,اهرمی,1728.9,0.017
فصلی,1403-Q3,پاییز 1403,تامین سرمایه,بازنشستگی,23607.4,0.228
فصلی,1403-Q3,پاییز 1403,تامین سرمایه,بخشی,382324.4,3.697
فصلی,1403-Q3,پاییز 1403,تامین سرمایه,تضمین اصل سرمایه,18473.1,0.179
فصلی,1403-Q3,پاییز 1403,تامین سرمایه,درآمد ثابت,3604989.0,34.861
فصلی,1403-Q3,پاییز 1403,تامین سرمایه,سهامی,95957.6,0.928
فصلی,1403-Q3,پاییز 1403,تامین سرمایه,شاخصی,5204.3,0.05
فصلی,1403-Q3,پاییز 1403,تامین سرمایه,مختلط,7770.4,0.075
فصلی,1403-Q3,پاییز 1403,تامین سرمایه,کالایی,318706.7,3.082
فصلی,1403-Q3,پاییز 1403,سایر مدیران,املاک و مستغلات,20677.2,0.2
فصلی,1403-Q3,پاییز 1403,سایر مدیران,بازنشستگی,7254.1,0.07
فصلی,1403-Q3,پاییز 1403,سایر مدیران,بخشی,43730.0,0.423
فصلی,1403-Q3,پاییز 1403,سایر مدیران,تضمین اصل سرمایه,82.4,0.001
فصلی,1403-Q3,پاییز 1403,سایر مدیران,جسورانه,3311.7,0.032
فصلی,1403-Q3,پاییز 1403,سایر مدیران,خصوصی,16884.5,0.163
فصلی,1403-Q3,پاییز 1403,سایر مدیران,درآمد ثابت,2067701.8,19.995
فصلی,1403-Q3,پاییز 1403,سایر مدیران,سهامی,216841.1,2.097
فصلی,1403-Q3,پاییز 1403,سایر مدیران,شاخصی,17863.0,0.173
فصلی,1403-Q3,پاییز 1403,سایر مدیران,صندوق در صندوق,9105.5,0.088
فصلی,1403-Q3,پاییز 1403,سایر مدیران,مختلط,8944.2,0.086
فصلی,1403-Q3,پاییز 1403,سایر مدیران,پروژه‌ای,12955.0,0.125
فصلی,1403-Q3,پاییز 1403,سایر مدیران,کالایی,173730.8,1.68
فصلی,1403-Q3,پاییز 1403,سبد گردان اقتصاد بیدار,اهرمی,53907.4,0.521
فصلی,1403-Q3,پاییز 1403,سبد گردان اقتصاد بیدار,درآمد ثابت,135083.2,1.306
فصلی,1403-Q3,پاییز 1403,سبد گردان اقتصاد بیدار,سهامی,13558.0,0.131
فصلی,1403-Q3,پاییز 1403,سبد گردان کاریزما,اهرمی,184170.0,1.781
فصلی,1403-Q3,پاییز 1403,سبد گردان کاریزما,بازنشستگی,6471.1,0.063
فصلی,1403-Q3,پاییز 1403,سبد گردان کاریزما,بخشی,7256.0,0.07
فصلی,1403-Q3,پاییز 1403,سبد گردان کاریزما,تضمین اصل سرمایه,15991.1,0.155
فصلی,1403-Q3,پاییز 1403,سبد گردان کاریزما,درآمد ثابت,253337.8,2.45
فصلی,1403-Q3,پاییز 1403,سبد گردان کاریزما,سهامی,13104.1,0.127
فصلی,1403-Q3,پاییز 1403,سبد گردان کاریزما,شاخصی,3297.2,0.032
فصلی,1403-Q3,پاییز 1403,سبد گردان کاریزما,صندوق در صندوق,2065.7,0.02
فصلی,1403-Q3,پاییز 1403,سبد گردان کاریزما,مختلط,1427.6,0.014
فصلی,1403-Q3,پاییز 1403,سبد گردان کاریزما,کالایی,106120.2,1.026
فصلی,1403-Q3,پاییز 1403,سبدگردان آگاه,املاک و مستغلات,4885.6,0.047
فصلی,1403-Q3,پاییز 1403,سبدگردان آگاه,اهرمی,49906.0,0.483
فصلی,1403-Q3,پاییز 1403,سبدگردان آگاه,بخشی,15929.0,0.154
فصلی,1403-Q3,پاییز 1403,سبدگردان آگاه,درآمد ثابت,176476.1,1.707
فصلی,1403-Q3,پاییز 1403,سبدگردان آگاه,سهامی,41900.5,0.405
فصلی,1403-Q3,پاییز 1403,سبدگردان آگاه,مختلط,401.2,0.004
فصلی,1403-Q3,پاییز 1403,سبدگردان آگاه,کالایی,63266.5,0.612
فصلی,1403-Q3,پاییز 1403,سبدگردان توسعه فیروزه,اهرمی,91438.1,0.884
فصلی,1403-Q3,پاییز 1403,سبدگردان توسعه فیروزه,بخشی,13299.0,0.129
فصلی,1403-Q3,پاییز 1403,سبدگردان توسعه فیروزه,جسورانه,577.2,0.006
فصلی,1403-Q3,پاییز 1403,سبدگردان توسعه فیروزه,خصوصی,1231.5,0.012
فصلی,1403-Q3,پاییز 1403,سبدگردان توسعه فیروزه,درآمد ثابت,122309.1,1.183
فصلی,1403-Q3,پاییز 1403,سبدگردان توسعه فیروزه,سهامی,11729.6,0.113
فصلی,1403-Q3,پاییز 1403,سبدگردان توسعه فیروزه,شاخصی,5244.3,0.051
فصلی,1403-Q3,پاییز 1403,سبدگردان فارابی,اهرمی,54610.9,0.528
فصلی,1403-Q3,پاییز 1403,سبدگردان فارابی,بخشی,2149.4,0.021
فصلی,1403-Q3,پاییز 1403,سبدگردان فارابی,درآمد ثابت,119067.3,1.151
فصلی,1403-Q3,پاییز 1403,سبدگردان فارابی,سهامی,9353.0,0.09
فصلی,1403-Q3,پاییز 1403,سبدگردان فارابی,کالایی,3971.8,0.038
فصلی,1403-Q3,پاییز 1403,سبدگردان مفید,اهرمی,68764.2,0.665
فصلی,1403-Q3,پاییز 1403,سبدگردان مفید,بازنشستگی,8565.9,0.083
فصلی,1403-Q3,پاییز 1403,سبدگردان مفید,بخشی,44177.2,0.427
فصلی,1403-Q3,پاییز 1403,سبدگردان مفید,تضمین اصل سرمایه,5789.9,0.056
فصلی,1403-Q3,پاییز 1403,سبدگردان مفید,درآمد ثابت,838759.6,8.111
فصلی,1403-Q3,پاییز 1403,سبدگردان مفید,سهامی,183939.5,1.779
فصلی,1403-Q3,پاییز 1403,سبدگردان مفید,شاخصی,9190.7,0.089
فصلی,1403-Q3,پاییز 1403,سبدگردان مفید,مختلط,3837.2,0.037
فصلی,1403-Q3,پاییز 1403,سبدگردان مفید,کالایی,279111.5,2.699
فصلی,1403-Q3,پاییز 1403,مشاور سرمایه گذاری ترنج,اهرمی,30942.5,0.299
فصلی,1403-Q3,پاییز 1403,مشاور سرمایه گذاری ترنج,درآمد ثابت,184036.2,1.78
فصلی,1403-Q3,پاییز 1403,مشاور سرمایه گذاری ترنج,سهامی,23318.4,0.226
فصلی,1403-Q3,پاییز 1403,مشاور سرمایه گذاری ترنج,صندوق در صندوق,3850.9,0.037
فصلی,1403-Q3,پاییز 1403,مشاور سرمایه گذاری ترنج,مختلط,9793.1,0.095
فصلی,1403-Q4,زمستان 1403,تامین سرمایه,املاک و مستغلات,5701.3,0.048
فصلی,1403-Q4,زمستان 1403,تامین سرمایه,اهرمی,1169.6,0.01
فصلی,1403-Q4,زمستان 1403,تامین سرمایه,بازنشستگی,21444.2,0.179
فصلی,1403-Q4,زمستان 1403,تامین سرمایه,بخشی,382849.2,3.189
فصلی,1403-Q4,زمستان 1403,تامین سرمایه,تضمین اصل سرمایه,18846.2,0.157
فصلی,1403-Q4,زمستان 1403,تامین سرمایه,درآمد ثابت,3731563.0,31.083
فصلی,1403-Q4,زمستان 1403,تامین سرمایه,سهامی,97557.1,0.813
فصلی,1403-Q4,زمستان 1403,تامین سرمایه,شاخصی,6611.0,0.055
فصلی,1403-Q4,زمستان 1403,تامین سرمایه,مختلط,7633.0,0.064
فصلی,1403-Q4,زمستان 1403,تامین سرمایه,کالایی,598547.0,4.986
فصلی,1403-Q4,زمستان 1403,سایر مدیران,املاک و مستغلات,20802.9,0.173
فصلی,1403-Q4,زمستان 1403,سایر مدیران,بازنشستگی,8043.8,0.067
فصلی,1403-Q4,زمستان 1403,سایر مدیران,بخشی,70008.5,0.583
فصلی,1403-Q4,زمستان 1403,سایر مدیران,تضمین اصل سرمایه,135.4,0.001
فصلی,1403-Q4,زمستان 1403,سایر مدیران,جسورانه,6696.2,0.056
فصلی,1403-Q4,زمستان 1403,سایر مدیران,خصوصی,17661.3,0.147
فصلی,1403-Q4,زمستان 1403,سایر مدیران,درآمد ثابت,2180902.2,18.166
فصلی,1403-Q4,زمستان 1403,سایر مدیران,سهامی,218178.3,1.817
فصلی,1403-Q4,زمستان 1403,سایر مدیران,شاخصی,19181.8,0.16
فصلی,1403-Q4,زمستان 1403,سایر مدیران,صندوق در صندوق,9546.7,0.08
فصلی,1403-Q4,زمستان 1403,سایر مدیران,مختلط,9812.0,0.082
فصلی,1403-Q4,زمستان 1403,سایر مدیران,پروژه‌ای,27250.4,0.227
فصلی,1403-Q4,زمستان 1403,سایر مدیران,کالایی,368109.4,3.066
فصلی,1403-Q4,زمستان 1403,سبد گردان اقتصاد بیدار,اهرمی,51924.2,0.432
فصلی,1403-Q4,زمستان 1403,سبد گردان اقتصاد بیدار,درآمد ثابت,158930.5,1.324
فصلی,1403-Q4,زمستان 1403,سبد گردان اقتصاد بیدار,سهامی,16318.8,0.136
فصلی,1403-Q4,زمستان 1403,سبد گردان اقتصاد بیدار,کالایی,4421.9,0.037
فصلی,1403-Q4,زمستان 1403,سبد گردان کاریزما,اهرمی,196072.4,1.633
فصلی,1403-Q4,زمستان 1403,سبد گردان کاریزما,بازنشستگی,6270.4,0.052
فصلی,1403-Q4,زمستان 1403,سبد گردان کاریزما,بخشی,7538.7,0.063
فصلی,1403-Q4,زمستان 1403,سبد گردان کاریزما,تضمین اصل سرمایه,17333.4,0.144
فصلی,1403-Q4,زمستان 1403,سبد گردان کاریزما,درآمد ثابت,273613.3,2.279
فصلی,1403-Q4,زمستان 1403,سبد گردان کاریزما,سهامی,10215.6,0.085
فصلی,1403-Q4,زمستان 1403,سبد گردان کاریزما,شاخصی,2765.8,0.023
فصلی,1403-Q4,زمستان 1403,سبد گردان کاریزما,صندوق در صندوق,2025.5,0.017
فصلی,1403-Q4,زمستان 1403,سبد گردان کاریزما,مختلط,1057.2,0.009
فصلی,1403-Q4,زمستان 1403,سبد گردان کاریزما,کالایی,180198.4,1.501
فصلی,1403-Q4,زمستان 1403,سبدگردان آگاه,املاک و مستغلات,5122.7,0.043
فصلی,1403-Q4,زمستان 1403,سبدگردان آگاه,اهرمی,47887.5,0.399
فصلی,1403-Q4,زمستان 1403,سبدگردان آگاه,بازنشستگی,5206.5,0.043
فصلی,1403-Q4,زمستان 1403,سبدگردان آگاه,بخشی,17888.9,0.149
فصلی,1403-Q4,زمستان 1403,سبدگردان آگاه,درآمد ثابت,210973.7,1.757
فصلی,1403-Q4,زمستان 1403,سبدگردان آگاه,سهامی,40335.5,0.336
فصلی,1403-Q4,زمستان 1403,سبدگردان آگاه,مختلط,438.5,0.004
فصلی,1403-Q4,زمستان 1403,سبدگردان آگاه,کالایی,116202.6,0.968
فصلی,1403-Q4,زمستان 1403,سبدگردان توسعه فیروزه,اهرمی,109374.5,0.911
فصلی,1403-Q4,زمستان 1403,سبدگردان توسعه فیروزه,بخشی,17648.5,0.147
فصلی,1403-Q4,زمستان 1403,سبدگردان توسعه فیروزه,جسورانه,583.1,0.005
فصلی,1403-Q4,زمستان 1403,سبدگردان توسعه فیروزه,خصوصی,1262.4,0.01
فصلی,1403-Q4,زمستان 1403,سبدگردان توسعه فیروزه,درآمد ثابت,134073.3,1.117
فصلی,1403-Q4,زمستان 1403,سبدگردان توسعه فیروزه,سهامی,9546.2,0.08
فصلی,1403-Q4,زمستان 1403,سبدگردان توسعه فیروزه,شاخصی,4718.7,0.039
فصلی,1403-Q4,زمستان 1403,سبدگردان توسعه فیروزه,کالایی,29430.2,0.245
فصلی,1403-Q4,زمستان 1403,سبدگردان فارابی,اهرمی,69384.1,0.578
فصلی,1403-Q4,زمستان 1403,سبدگردان فارابی,بخشی,1957.5,0.016
فصلی,1403-Q4,زمستان 1403,سبدگردان فارابی,درآمد ثابت,150100.4,1.25
فصلی,1403-Q4,زمستان 1403,سبدگردان فارابی,سهامی,8482.9,0.071
فصلی,1403-Q4,زمستان 1403,سبدگردان فارابی,کالایی,14417.4,0.12
فصلی,1403-Q4,زمستان 1403,سبدگردان مفید,اهرمی,82294.8,0.686
فصلی,1403-Q4,زمستان 1403,سبدگردان مفید,بازنشستگی,12076.7,0.101
فصلی,1403-Q4,زمستان 1403,سبدگردان مفید,بخشی,52054.1,0.434
فصلی,1403-Q4,زمستان 1403,سبدگردان مفید,تضمین اصل سرمایه,5475.3,0.046
فصلی,1403-Q4,زمستان 1403,سبدگردان مفید,درآمد ثابت,1008986.7,8.405
فصلی,1403-Q4,زمستان 1403,سبدگردان مفید,سهامی,187621.1,1.563
فصلی,1403-Q4,زمستان 1403,سبدگردان مفید,شاخصی,8098.4,0.068
فصلی,1403-Q4,زمستان 1403,سبدگردان مفید,مختلط,3457.3,0.029
فصلی,1403-Q4,زمستان 1403,سبدگردان مفید,کالایی,580511.7,4.836
فصلی,1403-Q4,زمستان 1403,مشاور سرمایه گذاری ترنج,اهرمی,33295.5,0.277
فصلی,1403-Q4,زمستان 1403,مشاور سرمایه گذاری ترنج,درآمد ثابت,224369.3,1.869
فصلی,1403-Q4,زمستان 1403,مشاور سرمایه گذاری ترنج,سهامی,19956.7,0.166
فصلی,1403-Q4,زمستان 1403,مشاور سرمایه گذاری ترنج,صندوق در صندوق,14411.9,0.12
فصلی,1403-Q4,زمستان 1403,مشاور سرمایه گذاری ترنج,مختلط,20650.1,0.172
فصلی,1404-Q1,بهار 1404,تامین سرمایه,املاک و مستغلات,5586.7,0.042
فصلی,1404-Q1,بهار 1404,تامین سرمایه,اهرمی,9916.3,0.075
فصلی,1404-Q1,بهار 1404,تامین سرمایه,بازنشستگی,22906.4,0.173
فصلی,1404-Q1,بهار 1404,تامین سرمایه,بخشی,422553.0,3.193
فصلی,1404-Q1,بهار 1404,تامین سرمایه,تضمین اصل سرمایه,20116.3,0.152
فصلی,1404-Q1,بهار 1404,تامین سرمایه,درآمد ثابت,4181757.4,31.598
فصلی,1404-Q1,بهار 1404,تامین سرمایه,سهامی,112000.5,0.846
فصلی,1404-Q1,بهار 1404,تامین سرمایه,شاخصی,7457.6,0.056
فصلی,1404-Q1,بهار 1404,تامین سرمایه,مختلط,8747.8,0.066
فصلی,1404-Q1,بهار 1404,تامین سرمایه,کالایی,480825.4,3.633
فصلی,1404-Q1,بهار 1404,سایر مدیران,املاک و مستغلات,21111.3,0.16
فصلی,1404-Q1,بهار 1404,سایر مدیران,اهرمی,16814.3,0.127
فصلی,1404-Q1,بهار 1404,سایر مدیران,بازنشستگی,14659.9,0.111
فصلی,1404-Q1,بهار 1404,سایر مدیران,بخشی,81859.6,0.618
فصلی,1404-Q1,بهار 1404,سایر مدیران,تضمین اصل سرمایه,441.0,0.003
فصلی,1404-Q1,بهار 1404,سایر مدیران,جسورانه,6891.3,0.052
فصلی,1404-Q1,بهار 1404,سایر مدیران,خصوصی,19452.9,0.147
فصلی,1404-Q1,بهار 1404,سایر مدیران,درآمد ثابت,2561520.4,19.355
فصلی,1404-Q1,بهار 1404,سایر مدیران,سهامی,253769.0,1.918
فصلی,1404-Q1,بهار 1404,سایر مدیران,شاخصی,22398.4,0.169
فصلی,1404-Q1,بهار 1404,سایر مدیران,صندوق در صندوق,8743.2,0.066
فصلی,1404-Q1,بهار 1404,سایر مدیران,مختلط,12585.9,0.095
فصلی,1404-Q1,بهار 1404,سایر مدیران,پروژه‌ای,27248.5,0.206
فصلی,1404-Q1,بهار 1404,سایر مدیران,کالایی,293501.1,2.218
فصلی,1404-Q1,بهار 1404,سبد گردان اقتصاد بیدار,اهرمی,62500.8,0.472
فصلی,1404-Q1,بهار 1404,سبد گردان اقتصاد بیدار,درآمد ثابت,215311.8,1.627
فصلی,1404-Q1,بهار 1404,سبد گردان اقتصاد بیدار,سهامی,22436.9,0.169
فصلی,1404-Q1,بهار 1404,سبد گردان اقتصاد بیدار,کالایی,4384.1,0.033
فصلی,1404-Q1,بهار 1404,سبد گردان کاریزما,اهرمی,226795.2,1.714
فصلی,1404-Q1,بهار 1404,سبد گردان کاریزما,بازنشستگی,6815.8,0.052
فصلی,1404-Q1,بهار 1404,سبد گردان کاریزما,بخشی,13040.0,0.098
فصلی,1404-Q1,بهار 1404,سبد گردان کاریزما,تضمین اصل سرمایه,19460.3,0.147
فصلی,1404-Q1,بهار 1404,سبد گردان کاریزما,درآمد ثابت,312382.2,2.36
فصلی,1404-Q1,بهار 1404,سبد گردان کاریزما,سهامی,13473.6,0.102
فصلی,1404-Q1,بهار 1404,سبد گردان کاریزما,شاخصی,3196.3,0.024
فصلی,1404-Q1,بهار 1404,سبد گردان کاریزما,صندوق در صندوق,2288.6,0.017
فصلی,1404-Q1,بهار 1404,سبد گردان کاریزما,مختلط,1439.3,0.011
فصلی,1404-Q1,بهار 1404,سبد گردان کاریزما,کالایی,141758.9,1.071
فصلی,1404-Q1,بهار 1404,سبدگردان آگاه,املاک و مستغلات,5271.5,0.04
فصلی,1404-Q1,بهار 1404,سبدگردان آگاه,اهرمی,61967.5,0.468
فصلی,1404-Q1,بهار 1404,سبدگردان آگاه,بازنشستگی,5930.1,0.045
فصلی,1404-Q1,بهار 1404,سبدگردان آگاه,بخشی,28997.4,0.219
فصلی,1404-Q1,بهار 1404,سبدگردان آگاه,درآمد ثابت,319167.3,2.412
فصلی,1404-Q1,بهار 1404,سبدگردان آگاه,سهامی,49994.2,0.378
فصلی,1404-Q1,بهار 1404,سبدگردان آگاه,مختلط,499.2,0.004
فصلی,1404-Q1,بهار 1404,سبدگردان آگاه,کالایی,85540.7,0.646
فصلی,1404-Q1,بهار 1404,سبدگردان توسعه فیروزه,اهرمی,132980.3,1.005
فصلی,1404-Q1,بهار 1404,سبدگردان توسعه فیروزه,بخشی,16127.5,0.122
فصلی,1404-Q1,بهار 1404,سبدگردان توسعه فیروزه,جسورانه,588.0,0.004
فصلی,1404-Q1,بهار 1404,سبدگردان توسعه فیروزه,خصوصی,1286.5,0.01
فصلی,1404-Q1,بهار 1404,سبدگردان توسعه فیروزه,درآمد ثابت,165324.2,1.249
فصلی,1404-Q1,بهار 1404,سبدگردان توسعه فیروزه,سهامی,13481.6,0.102
فصلی,1404-Q1,بهار 1404,سبدگردان توسعه فیروزه,شاخصی,7557.6,0.057
فصلی,1404-Q1,بهار 1404,سبدگردان توسعه فیروزه,کالایی,18101.6,0.137
فصلی,1404-Q1,بهار 1404,سبدگردان فارابی,اهرمی,75400.7,0.57
فصلی,1404-Q1,بهار 1404,سبدگردان فارابی,بخشی,2186.2,0.016
فصلی,1404-Q1,بهار 1404,سبدگردان فارابی,درآمد ثابت,182489.2,1.379
فصلی,1404-Q1,بهار 1404,سبدگردان فارابی,سهامی,10276.4,0.078
فصلی,1404-Q1,بهار 1404,سبدگردان فارابی,کالایی,12139.4,0.092
فصلی,1404-Q1,بهار 1404,سبدگردان مفید,اهرمی,116039.9,0.877
فصلی,1404-Q1,بهار 1404,سبدگردان مفید,بازنشستگی,17675.8,0.134
فصلی,1404-Q1,بهار 1404,سبدگردان مفید,بخشی,60353.4,0.456
فصلی,1404-Q1,بهار 1404,سبدگردان مفید,تضمین اصل سرمایه,8406.5,0.064
فصلی,1404-Q1,بهار 1404,سبدگردان مفید,درآمد ثابت,1067537.8,8.066
فصلی,1404-Q1,بهار 1404,سبدگردان مفید,سهامی,223637.3,1.69
فصلی,1404-Q1,بهار 1404,سبدگردان مفید,شاخصی,9192.5,0.069
فصلی,1404-Q1,بهار 1404,سبدگردان مفید,مختلط,3874.4,0.029
فصلی,1404-Q1,بهار 1404,سبدگردان مفید,کالایی,511584.0,3.866
فصلی,1404-Q1,بهار 1404,مشاور سرمایه گذاری ترنج,اهرمی,63163.0,0.477
فصلی,1404-Q1,بهار 1404,مشاور سرمایه گذاری ترنج,درآمد ثابت,239640.4,1.811
فصلی,1404-Q1,بهار 1404,مشاور سرمایه گذاری ترنج,سهامی,25817.3,0.195
فصلی,1404-Q1,بهار 1404,مشاور سرمایه گذاری ترنج,صندوق در صندوق,6382.0,0.048
فصلی,1404-Q1,بهار 1404,مشاور سرمایه گذاری ترنج,مختلط,27560.6,0.208
فصلی,1404-Q2,تابستان 1404,تامین سرمایه,املاک و مستغلات,9671.0,0.065
فصلی,1404-Q2,تابستان 1404,تامین سرمایه,اهرمی,9616.7,0.064
فصلی,1404-Q2,تابستان 1404,تامین سرمایه,بازنشستگی,6409.8,0.043
فصلی,1404-Q2,تابستان 1404,تامین سرمایه,بخشی,362365.8,2.421
فصلی,1404-Q2,تابستان 1404,تامین سرمایه,تضمین اصل سرمایه,20012.8,0.134
فصلی,1404-Q2,تابستان 1404,تامین سرمایه,درآمد ثابت,4452033.5,29.742
فصلی,1404-Q2,تابستان 1404,تامین سرمایه,سهامی,100978.3,0.675
فصلی,1404-Q2,تابستان 1404,تامین سرمایه,شاخصی,6336.5,0.042
فصلی,1404-Q2,تابستان 1404,تامین سرمایه,مختلط,8860.8,0.059
فصلی,1404-Q2,تابستان 1404,تامین سرمایه,کالایی,791887.7,5.29
فصلی,1404-Q2,تابستان 1404,سایر مدیران,املاک و مستغلات,20955.0,0.14
فصلی,1404-Q2,تابستان 1404,سایر مدیران,اهرمی,12709.2,0.085
فصلی,1404-Q2,تابستان 1404,سایر مدیران,بازنشستگی,14910.0,0.1
فصلی,1404-Q2,تابستان 1404,سایر مدیران,بخشی,69066.4,0.461
فصلی,1404-Q2,تابستان 1404,سایر مدیران,تضمین اصل سرمایه,509.1,0.003
فصلی,1404-Q2,تابستان 1404,سایر مدیران,جسورانه,6894.4,0.046
فصلی,1404-Q2,تابستان 1404,سایر مدیران,خصوصی,18556.0,0.124
فصلی,1404-Q2,تابستان 1404,سایر مدیران,درآمد ثابت,2873579.3,19.197
فصلی,1404-Q2,تابستان 1404,سایر مدیران,سهامی,203582.9,1.36
فصلی,1404-Q2,تابستان 1404,سایر مدیران,شاخصی,12425.3,0.083
فصلی,1404-Q2,تابستان 1404,سایر مدیران,صندوق در صندوق,9019.9,0.06
فصلی,1404-Q2,تابستان 1404,سایر مدیران,مختلط,9399.0,0.063
فصلی,1404-Q2,تابستان 1404,سایر مدیران,پروژه‌ای,27246.5,0.182
فصلی,1404-Q2,تابستان 1404,سایر مدیران,کالایی,533097.9,3.561
فصلی,1404-Q2,تابستان 1404,سبد گردان اقتصاد بیدار,اهرمی,41714.2,0.279
فصلی,1404-Q2,تابستان 1404,سبد گردان اقتصاد بیدار,درآمد ثابت,223061.9,1.49
فصلی,1404-Q2,تابستان 1404,سبد گردان اقتصاد بیدار,سهامی,14447.2,0.096
فصلی,1404-Q2,تابستان 1404,سبد گردان اقتصاد بیدار,کالایی,20425.0,0.136
فصلی,1404-Q2,تابستان 1404,سبد گردان کاریزما,اهرمی,169590.3,1.133
فصلی,1404-Q2,تابستان 1404,سبد گردان کاریزما,بازنشستگی,5930.5,0.04
فصلی,1404-Q2,تابستان 1404,سبد گردان کاریزما,بخشی,7465.0,0.05
فصلی,1404-Q2,تابستان 1404,سبد گردان کاریزما,تضمین اصل سرمایه,11662.9,0.078
فصلی,1404-Q2,تابستان 1404,سبد گردان کاریزما,درآمد ثابت,347594.6,2.322
فصلی,1404-Q2,تابستان 1404,سبد گردان کاریزما,سهامی,6893.5,0.046
فصلی,1404-Q2,تابستان 1404,سبد گردان کاریزما,شاخصی,2572.4,0.017
فصلی,1404-Q2,تابستان 1404,سبد گردان کاریزما,صندوق در صندوق,1171.1,0.008
فصلی,1404-Q2,تابستان 1404,سبد گردان کاریزما,مختلط,1010.4,0.007
فصلی,1404-Q2,تابستان 1404,سبد گردان کاریزما,کالایی,252745.9,1.688
فصلی,1404-Q2,تابستان 1404,سبدگردان آگاه,املاک و مستغلات,5525.2,0.037
فصلی,1404-Q2,تابستان 1404,سبدگردان آگاه,اهرمی,39791.0,0.266
فصلی,1404-Q2,تابستان 1404,سبدگردان آگاه,بازنشستگی,5587.8,0.037
فصلی,1404-Q2,تابستان 1404,سبدگردان آگاه,بخشی,18660.5,0.125
فصلی,1404-Q2,تابستان 1404,سبدگردان آگاه,درآمد ثابت,379840.2,2.538
فصلی,1404-Q2,تابستان 1404,سبدگردان آگاه,سهامی,37126.2,0.248
فصلی,1404-Q2,تابستان 1404,سبدگردان آگاه,مختلط,480.3,0.003
فصلی,1404-Q2,تابستان 1404,سبدگردان آگاه,کالایی,163112.7,1.09
فصلی,1404-Q2,تابستان 1404,سبدگردان توسعه فیروزه,اهرمی,116688.2,0.78
فصلی,1404-Q2,تابستان 1404,سبدگردان توسعه فیروزه,بخشی,17724.7,0.118
فصلی,1404-Q2,تابستان 1404,سبدگردان توسعه فیروزه,جسورانه,597.9,0.004
فصلی,1404-Q2,تابستان 1404,سبدگردان توسعه فیروزه,خصوصی,1302.1,0.009
فصلی,1404-Q2,تابستان 1404,سبدگردان توسعه فیروزه,درآمد ثابت,196060.9,1.31
فصلی,1404-Q2,تابستان 1404,سبدگردان توسعه فیروزه,سهامی,10450.8,0.07
فصلی,1404-Q2,تابستان 1404,سبدگردان توسعه فیروزه,شاخصی,5490.5,0.037
فصلی,1404-Q2,تابستان 1404,سبدگردان توسعه فیروزه,کالایی,41672.1,0.278
فصلی,1404-Q2,تابستان 1404,سبدگردان فارابی,اهرمی,43697.9,0.292
فصلی,1404-Q2,تابستان 1404,سبدگردان فارابی,بخشی,1818.2,0.012
فصلی,1404-Q2,تابستان 1404,سبدگردان فارابی,درآمد ثابت,219011.1,1.463
فصلی,1404-Q2,تابستان 1404,سبدگردان فارابی,سهامی,8155.0,0.054
فصلی,1404-Q2,تابستان 1404,سبدگردان فارابی,کالایی,9331.1,0.062
فصلی,1404-Q2,تابستان 1404,سبدگردان مفید,اهرمی,78941.5,0.527
فصلی,1404-Q2,تابستان 1404,سبدگردان مفید,بازنشستگی,15371.2,0.103
فصلی,1404-Q2,تابستان 1404,سبدگردان مفید,بخشی,45582.4,0.304
فصلی,1404-Q2,تابستان 1404,سبدگردان مفید,تضمین اصل سرمایه,5976.0,0.04
فصلی,1404-Q2,تابستان 1404,سبدگردان مفید,درآمد ثابت,1325828.0,8.857
فصلی,1404-Q2,تابستان 1404,سبدگردان مفید,سهامی,184358.0,1.232
فصلی,1404-Q2,تابستان 1404,سبدگردان مفید,شاخصی,6352.5,0.042
فصلی,1404-Q2,تابستان 1404,سبدگردان مفید,مختلط,2128.0,0.014
فصلی,1404-Q2,تابستان 1404,سبدگردان مفید,کالایی,915484.5,6.116
فصلی,1404-Q2,تابستان 1404,مشاور سرمایه گذاری ترنج,اهرمی,31057.2,0.208
فصلی,1404-Q2,تابستان 1404,مشاور سرمایه گذاری ترنج,درآمد ثابت,279644.6,1.868
فصلی,1404-Q2,تابستان 1404,مشاور سرمایه گذاری ترنج,سهامی,18185.5,0.122
فصلی,1404-Q2,تابستان 1404,مشاور سرمایه گذاری ترنج,صندوق در صندوق,9354.2,0.062
فصلی,1404-Q2,تابستان 1404,مشاور سرمایه گذاری ترنج,مختلط,31089.2,0.208
فصلی,1404-Q2,تابستان 1404,مشاور سرمایه گذاری ترنج,کالایی,11216.7,0.075
فصلی,1404-Q3,پاییز 1404,تامین سرمایه,املاک و مستغلات,10262.0,0.054
فصلی,1404-Q3,پاییز 1404,تامین سرمایه,اهرمی,14668.6,0.077
فصلی,1404-Q3,پاییز 1404,تامین سرمایه,بازنشستگی,7148.3,0.038
فصلی,1404-Q3,پاییز 1404,تامین سرمایه,بخشی,556530.4,2.916
فصلی,1404-Q3,پاییز 1404,تامین سرمایه,تضمین اصل سرمایه,22732.4,0.119
فصلی,1404-Q3,پاییز 1404,تامین سرمایه,درآمد ثابت,4911891.7,25.738
فصلی,1404-Q3,پاییز 1404,تامین سرمایه,سهامی,142150.2,0.745
فصلی,1404-Q3,پاییز 1404,تامین سرمایه,شاخصی,9425.5,0.049
فصلی,1404-Q3,پاییز 1404,تامین سرمایه,مختلط,11370.0,0.06
فصلی,1404-Q3,پاییز 1404,تامین سرمایه,کالایی,1188606.9,6.228
فصلی,1404-Q3,پاییز 1404,سایر مدیران,املاک و مستغلات,21660.8,0.113
فصلی,1404-Q3,پاییز 1404,سایر مدیران,اهرمی,23668.8,0.124
فصلی,1404-Q3,پاییز 1404,سایر مدیران,بازنشستگی,20897.1,0.11
فصلی,1404-Q3,پاییز 1404,سایر مدیران,بخشی,107716.0,0.564
فصلی,1404-Q3,پاییز 1404,سایر مدیران,تضمین اصل سرمایه,1031.5,0.005
فصلی,1404-Q3,پاییز 1404,سایر مدیران,جسورانه,7233.2,0.038
فصلی,1404-Q3,پاییز 1404,سایر مدیران,خصوصی,19218.9,0.101
فصلی,1404-Q3,پاییز 1404,سایر مدیران,درآمد ثابت,3380921.3,17.716
فصلی,1404-Q3,پاییز 1404,سایر مدیران,سهامی,298782.9,1.566
فصلی,1404-Q3,پاییز 1404,سایر مدیران,شاخصی,17812.3,0.093
فصلی,1404-Q3,پاییز 1404,سایر مدیران,صندوق در صندوق,13542.9,0.071
فصلی,1404-Q3,پاییز 1404,سایر مدیران,مختلط,20420.7,0.107
فصلی,1404-Q3,پاییز 1404,سایر مدیران,پروژه‌ای,27244.0,0.143
فصلی,1404-Q3,پاییز 1404,سایر مدیران,کالایی,881626.3,4.62
فصلی,1404-Q3,پاییز 1404,سبد گردان اقتصاد بیدار,اهرمی,68189.9,0.357
فصلی,1404-Q3,پاییز 1404,سبد گردان اقتصاد بیدار,درآمد ثابت,270106.6,1.415
فصلی,1404-Q3,پاییز 1404,سبد گردان اقتصاد بیدار,سهامی,20471.5,0.107
فصلی,1404-Q3,پاییز 1404,سبد گردان اقتصاد بیدار,کالایی,33943.0,0.178
فصلی,1404-Q3,پاییز 1404,سبد گردان کاریزما,اهرمی,235791.0,1.236
فصلی,1404-Q3,پاییز 1404,سبد گردان کاریزما,بازنشستگی,7975.6,0.042
فصلی,1404-Q3,پاییز 1404,سبد گردان کاریزما,بخشی,9034.6,0.047
فصلی,1404-Q3,پاییز 1404,سبد گردان کاریزما,تضمین اصل سرمایه,6826.9,0.036
فصلی,1404-Q3,پاییز 1404,سبد گردان کاریزما,درآمد ثابت,410408.2,2.15
فصلی,1404-Q3,پاییز 1404,سبد گردان کاریزما,سهامی,11888.3,0.062
فصلی,1404-Q3,پاییز 1404,سبد گردان کاریزما,شاخصی,4382.2,0.023
فصلی,1404-Q3,پاییز 1404,سبد گردان کاریزما,صندوق در صندوق,2070.6,0.011
فصلی,1404-Q3,پاییز 1404,سبد گردان کاریزما,مختلط,3751.6,0.02
فصلی,1404-Q3,پاییز 1404,سبد گردان کاریزما,کالایی,387872.2,2.032
فصلی,1404-Q3,پاییز 1404,سبدگردان آگاه,املاک و مستغلات,5284.8,0.028
فصلی,1404-Q3,پاییز 1404,سبدگردان آگاه,اهرمی,51574.6,0.27
فصلی,1404-Q3,پاییز 1404,سبدگردان آگاه,بازنشستگی,7879.7,0.041
فصلی,1404-Q3,پاییز 1404,سبدگردان آگاه,بخشی,27409.5,0.144
فصلی,1404-Q3,پاییز 1404,سبدگردان آگاه,درآمد ثابت,481489.4,2.523
فصلی,1404-Q3,پاییز 1404,سبدگردان آگاه,سهامی,56049.6,0.294
فصلی,1404-Q3,پاییز 1404,سبدگردان آگاه,مختلط,586.3,0.003
فصلی,1404-Q3,پاییز 1404,سبدگردان آگاه,کالایی,261148.2,1.368
فصلی,1404-Q3,پاییز 1404,سبدگردان توسعه فیروزه,اهرمی,143902.4,0.754
فصلی,1404-Q3,پاییز 1404,سبدگردان توسعه فیروزه,بخشی,23202.2,0.122
فصلی,1404-Q3,پاییز 1404,سبدگردان توسعه فیروزه,جسورانه,608.6,0.003
فصلی,1404-Q3,پاییز 1404,سبدگردان توسعه فیروزه,خصوصی,1310.0,0.007
فصلی,1404-Q3,پاییز 1404,سبدگردان توسعه فیروزه,درآمد ثابت,225710.1,1.183
فصلی,1404-Q3,پاییز 1404,سبدگردان توسعه فیروزه,سهامی,14644.3,0.077
فصلی,1404-Q3,پاییز 1404,سبدگردان توسعه فیروزه,شاخصی,10431.2,0.055
فصلی,1404-Q3,پاییز 1404,سبدگردان توسعه فیروزه,کالایی,64695.4,0.339
فصلی,1404-Q3,پاییز 1404,سبدگردان فارابی,اهرمی,65930.5,0.346
فصلی,1404-Q3,پاییز 1404,سبدگردان فارابی,بخشی,4731.1,0.025
فصلی,1404-Q3,پاییز 1404,سبدگردان فارابی,درآمد ثابت,248509.1,1.302
فصلی,1404-Q3,پاییز 1404,سبدگردان فارابی,سهامی,11920.2,0.062
فصلی,1404-Q3,پاییز 1404,سبدگردان فارابی,کالایی,38110.1,0.2
فصلی,1404-Q3,پاییز 1404,سبدگردان مفید,اهرمی,111846.5,0.586
فصلی,1404-Q3,پاییز 1404,سبدگردان مفید,بازنشستگی,32968.7,0.173
فصلی,1404-Q3,پاییز 1404,سبدگردان مفید,بخشی,68620.8,0.36
فصلی,1404-Q3,پاییز 1404,سبدگردان مفید,تضمین اصل سرمایه,14451.9,0.076
فصلی,1404-Q3,پاییز 1404,سبدگردان مفید,درآمد ثابت,1583427.7,8.297
فصلی,1404-Q3,پاییز 1404,سبدگردان مفید,سهامی,281787.7,1.477
فصلی,1404-Q3,پاییز 1404,سبدگردان مفید,شاخصی,22445.9,0.118
فصلی,1404-Q3,پاییز 1404,سبدگردان مفید,مختلط,2427.2,0.013
فصلی,1404-Q3,پاییز 1404,سبدگردان مفید,کالایی,1535770.7,8.047
فصلی,1404-Q3,پاییز 1404,مشاور سرمایه گذاری ترنج,اهرمی,48528.8,0.254
فصلی,1404-Q3,پاییز 1404,مشاور سرمایه گذاری ترنج,درآمد ثابت,312878.5,1.639
فصلی,1404-Q3,پاییز 1404,مشاور سرمایه گذاری ترنج,سهامی,42479.7,0.223
فصلی,1404-Q3,پاییز 1404,مشاور سرمایه گذاری ترنج,صندوق در صندوق,15655.2,0.082
فصلی,1404-Q3,پاییز 1404,مشاور سرمایه گذاری ترنج,مختلط,49323.4,0.258
فصلی,1404-Q3,پاییز 1404,مشاور سرمایه گذاری ترنج,کالایی,27423.4,0.144
فصلی,1404-Q4,زمستان 1404,تامین سرمایه,املاک و مستغلات,10871.2,0.05
فصلی,1404-Q4,زمستان 1404,تامین سرمایه,اهرمی,15790.3,0.072
فصلی,1404-Q4,زمستان 1404,تامین سرمایه,بازنشستگی,7877.7,0.036
فصلی,1404-Q4,زمستان 1404,تامین سرمایه,بخشی,505511.7,2.316
فصلی,1404-Q4,زمستان 1404,تامین سرمایه,تضمین اصل سرمایه,22909.8,0.105
فصلی,1404-Q4,زمستان 1404,تامین سرمایه,درآمد ثابت,5435177.8,24.905
فصلی,1404-Q4,زمستان 1404,تامین سرمایه,سهامی,133327.0,0.611
فصلی,1404-Q4,زمستان 1404,تامین سرمایه,شاخصی,8767.0,0.04
فصلی,1404-Q4,زمستان 1404,تامین سرمایه,مختلط,11967.2,0.055
فصلی,1404-Q4,زمستان 1404,تامین سرمایه,کالایی,1550372.7,7.104
فصلی,1404-Q4,زمستان 1404,سایر مدیران,املاک و مستغلات,62204.1,0.285
فصلی,1404-Q4,زمستان 1404,سایر مدیران,اهرمی,24124.5,0.111
فصلی,1404-Q4,زمستان 1404,سایر مدیران,بازنشستگی,21859.6,0.1
فصلی,1404-Q4,زمستان 1404,سایر مدیران,بخشی,114392.5,0.524
فصلی,1404-Q4,زمستان 1404,سایر مدیران,تضمین اصل سرمایه,1332.0,0.006
فصلی,1404-Q4,زمستان 1404,سایر مدیران,جسورانه,8833.0,0.04
فصلی,1404-Q4,زمستان 1404,سایر مدیران,خصوصی,19388.3,0.089
فصلی,1404-Q4,زمستان 1404,سایر مدیران,درآمد ثابت,3852575.5,17.653
فصلی,1404-Q4,زمستان 1404,سایر مدیران,سهامی,290352.0,1.33
فصلی,1404-Q4,زمستان 1404,سایر مدیران,شاخصی,15399.6,0.071
فصلی,1404-Q4,زمستان 1404,سایر مدیران,صندوق در صندوق,17496.9,0.08
فصلی,1404-Q4,زمستان 1404,سایر مدیران,مختلط,29876.2,0.137
فصلی,1404-Q4,زمستان 1404,سایر مدیران,پروژه‌ای,28410.9,0.13
فصلی,1404-Q4,زمستان 1404,سایر مدیران,کالایی,1174248.0,5.381
فصلی,1404-Q4,زمستان 1404,سبد گردان اقتصاد بیدار,اهرمی,63365.3,0.29
فصلی,1404-Q4,زمستان 1404,سبد گردان اقتصاد بیدار,درآمد ثابت,277250.9,1.27
فصلی,1404-Q4,زمستان 1404,سبد گردان اقتصاد بیدار,سهامی,19246.8,0.088
فصلی,1404-Q4,زمستان 1404,سبد گردان اقتصاد بیدار,کالایی,49723.5,0.228
فصلی,1404-Q4,زمستان 1404,سبد گردان کاریزما,اهرمی,209555.2,0.96
فصلی,1404-Q4,زمستان 1404,سبد گردان کاریزما,بازنشستگی,7621.8,0.035
فصلی,1404-Q4,زمستان 1404,سبد گردان کاریزما,بخشی,7880.0,0.036
فصلی,1404-Q4,زمستان 1404,سبد گردان کاریزما,تضمین اصل سرمایه,5892.2,0.027
فصلی,1404-Q4,زمستان 1404,سبد گردان کاریزما,درآمد ثابت,433840.4,1.988
فصلی,1404-Q4,زمستان 1404,سبد گردان کاریزما,سهامی,11162.6,0.051
فصلی,1404-Q4,زمستان 1404,سبد گردان کاریزما,شاخصی,4222.7,0.019
فصلی,1404-Q4,زمستان 1404,سبد گردان کاریزما,صندوق در صندوق,1284.8,0.006
فصلی,1404-Q4,زمستان 1404,سبد گردان کاریزما,مختلط,13745.7,0.063
فصلی,1404-Q4,زمستان 1404,سبد گردان کاریزما,کالایی,545887.4,2.501
فصلی,1404-Q4,زمستان 1404,سبدگردان آگاه,املاک و مستغلات,5547.9,0.025
فصلی,1404-Q4,زمستان 1404,سبدگردان آگاه,اهرمی,48930.1,0.224
فصلی,1404-Q4,زمستان 1404,سبدگردان آگاه,بازنشستگی,8158.7,0.037
فصلی,1404-Q4,زمستان 1404,سبدگردان آگاه,بخشی,27151.5,0.124
فصلی,1404-Q4,زمستان 1404,سبدگردان آگاه,درآمد ثابت,468972.9,2.149
فصلی,1404-Q4,زمستان 1404,سبدگردان آگاه,سهامی,52742.2,0.242
فصلی,1404-Q4,زمستان 1404,سبدگردان آگاه,مختلط,569.8,0.003
فصلی,1404-Q4,زمستان 1404,سبدگردان آگاه,کالایی,348102.1,1.595
فصلی,1404-Q4,زمستان 1404,سبدگردان توسعه فیروزه,اهرمی,130048.2,0.596
فصلی,1404-Q4,زمستان 1404,سبدگردان توسعه فیروزه,بخشی,18034.9,0.083
فصلی,1404-Q4,زمستان 1404,سبدگردان توسعه فیروزه,جسورانه,612.0,0.003
فصلی,1404-Q4,زمستان 1404,سبدگردان توسعه فیروزه,خصوصی,1315.8,0.006
فصلی,1404-Q4,زمستان 1404,سبدگردان توسعه فیروزه,درآمد ثابت,272989.1,1.251
فصلی,1404-Q4,زمستان 1404,سبدگردان توسعه فیروزه,سهامی,14361.2,0.066
فصلی,1404-Q4,زمستان 1404,سبدگردان توسعه فیروزه,شاخصی,9395.6,0.043
فصلی,1404-Q4,زمستان 1404,سبدگردان توسعه فیروزه,کالایی,97419.3,0.446
فصلی,1404-Q4,زمستان 1404,سبدگردان فارابی,اهرمی,64644.0,0.296
فصلی,1404-Q4,زمستان 1404,سبدگردان فارابی,بخشی,4852.2,0.022
فصلی,1404-Q4,زمستان 1404,سبدگردان فارابی,درآمد ثابت,259174.6,1.188
فصلی,1404-Q4,زمستان 1404,سبدگردان فارابی,سهامی,10947.5,0.05
فصلی,1404-Q4,زمستان 1404,سبدگردان فارابی,کالایی,77001.6,0.353
فصلی,1404-Q4,زمستان 1404,سبدگردان مفید,اهرمی,99703.2,0.457
فصلی,1404-Q4,زمستان 1404,سبدگردان مفید,بازنشستگی,37326.0,0.171
فصلی,1404-Q4,زمستان 1404,سبدگردان مفید,بخشی,63193.5,0.29
فصلی,1404-Q4,زمستان 1404,سبدگردان مفید,تضمین اصل سرمایه,12782.0,0.059
فصلی,1404-Q4,زمستان 1404,سبدگردان مفید,درآمد ثابت,1703161.3,7.804
فصلی,1404-Q4,زمستان 1404,سبدگردان مفید,سهامی,272976.6,1.251
فصلی,1404-Q4,زمستان 1404,سبدگردان مفید,شاخصی,20321.5,0.093
فصلی,1404-Q4,زمستان 1404,سبدگردان مفید,مختلط,2278.4,0.01
فصلی,1404-Q4,زمستان 1404,سبدگردان مفید,کالایی,2141083.4,9.811
فصلی,1404-Q4,زمستان 1404,مشاور سرمایه گذاری ترنج,اهرمی,49690.1,0.228
فصلی,1404-Q4,زمستان 1404,مشاور سرمایه گذاری ترنج,درآمد ثابت,342768.7,1.571
فصلی,1404-Q4,زمستان 1404,مشاور سرمایه گذاری ترنج,سهامی,37125.9,0.17
فصلی,1404-Q4,زمستان 1404,مشاور سرمایه گذاری ترنج,صندوق در صندوق,12876.5,0.059
فصلی,1404-Q4,زمستان 1404,مشاور سرمایه گذاری ترنج,مختلط,62421.5,0.286
فصلی,1404-Q4,زمستان 1404,مشاور سرمایه گذاری ترنج,کالایی,31347.5,0.144
فصلی,1405-Q1,بهار 1405,تامین سرمایه,املاک و مستغلات,10902.0,0.042
فصلی,1405-Q1,بهار 1405,تامین سرمایه,اهرمی,16345.5,0.062
فصلی,1405-Q1,بهار 1405,تامین سرمایه,بازنشستگی,11855.7,0.045
فصلی,1405-Q1,بهار 1405,تامین سرمایه,بخشی,792050.3,3.019
فصلی,1405-Q1,بهار 1405,تامین سرمایه,تضمین اصل سرمایه,26642.9,0.102
فصلی,1405-Q1,بهار 1405,تامین سرمایه,درآمد ثابت,6586886.8,25.11
فصلی,1405-Q1,بهار 1405,تامین سرمایه,سهامی,180471.2,0.688
فصلی,1405-Q1,بهار 1405,تامین سرمایه,شاخصی,11358.4,0.043
فصلی,1405-Q1,بهار 1405,تامین سرمایه,مختلط,15371.0,0.059
فصلی,1405-Q1,بهار 1405,تامین سرمایه,کالایی,1482075.5,5.65
فصلی,1405-Q1,بهار 1405,سایر مدیران,املاک و مستغلات,102015.3,0.389
فصلی,1405-Q1,بهار 1405,سایر مدیران,اهرمی,33097.9,0.126
فصلی,1405-Q1,بهار 1405,سایر مدیران,بازنشستگی,27527.7,0.105
فصلی,1405-Q1,بهار 1405,سایر مدیران,بخشی,173441.7,0.661
فصلی,1405-Q1,بهار 1405,سایر مدیران,تضمین اصل سرمایه,1417.4,0.005
فصلی,1405-Q1,بهار 1405,سایر مدیران,جسورانه,13910.2,0.053
فصلی,1405-Q1,بهار 1405,سایر مدیران,خصوصی,20215.2,0.077
فصلی,1405-Q1,بهار 1405,سایر مدیران,درآمد ثابت,5008018.6,19.091
فصلی,1405-Q1,بهار 1405,سایر مدیران,سهامی,433962.0,1.654
فصلی,1405-Q1,بهار 1405,سایر مدیران,شاخصی,29922.6,0.114
فصلی,1405-Q1,بهار 1405,سایر مدیران,صندوق در صندوق,18140.9,0.069
فصلی,1405-Q1,بهار 1405,سایر مدیران,مختلط,21408.0,0.082
فصلی,1405-Q1,بهار 1405,سایر مدیران,پروژه‌ای,28408.5,0.108
فصلی,1405-Q1,بهار 1405,سایر مدیران,کالایی,1227615.8,4.68
فصلی,1405-Q1,بهار 1405,سبد گردان اقتصاد بیدار,اهرمی,92138.2,0.351
فصلی,1405-Q1,بهار 1405,سبد گردان اقتصاد بیدار,درآمد ثابت,475457.6,1.812
فصلی,1405-Q1,بهار 1405,سبد گردان اقتصاد بیدار,سهامی,24789.4,0.094
فصلی,1405-Q1,بهار 1405,سبد گردان اقتصاد بیدار,کالایی,65364.6,0.249
فصلی,1405-Q1,بهار 1405,سبد گردان کاریزما,املاک و مستغلات,7523.4,0.029
فصلی,1405-Q1,بهار 1405,سبد گردان کاریزما,اهرمی,267701.8,1.02
فصلی,1405-Q1,بهار 1405,سبد گردان کاریزما,بازنشستگی,8878.1,0.034
فصلی,1405-Q1,بهار 1405,سبد گردان کاریزما,بخشی,18814.1,0.072
فصلی,1405-Q1,بهار 1405,سبد گردان کاریزما,تضمین اصل سرمایه,7090.1,0.027
فصلی,1405-Q1,بهار 1405,سبد گردان کاریزما,درآمد ثابت,597831.9,2.279
فصلی,1405-Q1,بهار 1405,سبد گردان کاریزما,سهامی,16965.2,0.065
فصلی,1405-Q1,بهار 1405,سبد گردان کاریزما,شاخصی,9397.8,0.036
فصلی,1405-Q1,بهار 1405,سبد گردان کاریزما,صندوق در صندوق,4200.6,0.016
فصلی,1405-Q1,بهار 1405,سبد گردان کاریزما,مختلط,17161.1,0.065
فصلی,1405-Q1,بهار 1405,سبد گردان کاریزما,کالایی,493516.4,1.881
فصلی,1405-Q1,بهار 1405,سبدگردان آگاه,املاک و مستغلات,5909.9,0.022
فصلی,1405-Q1,بهار 1405,سبدگردان آگاه,اهرمی,66933.6,0.255
فصلی,1405-Q1,بهار 1405,سبدگردان آگاه,بازنشستگی,11067.5,0.042
فصلی,1405-Q1,بهار 1405,سبدگردان آگاه,بخشی,42833.4,0.163
فصلی,1405-Q1,بهار 1405,سبدگردان آگاه,درآمد ثابت,620348.3,2.365
فصلی,1405-Q1,بهار 1405,سبدگردان آگاه,سهامی,92486.1,0.353
فصلی,1405-Q1,بهار 1405,سبدگردان آگاه,مختلط,754.1,0.003
فصلی,1405-Q1,بهار 1405,سبدگردان آگاه,کالایی,322736.7,1.23
فصلی,1405-Q1,بهار 1405,سبدگردان توسعه فیروزه,اهرمی,176198.3,0.672
فصلی,1405-Q1,بهار 1405,سبدگردان توسعه فیروزه,بخشی,33248.3,0.127
فصلی,1405-Q1,بهار 1405,سبدگردان توسعه فیروزه,جسورانه,611.4,0.002
فصلی,1405-Q1,بهار 1405,سبدگردان توسعه فیروزه,خصوصی,1343.8,0.005
فصلی,1405-Q1,بهار 1405,سبدگردان توسعه فیروزه,درآمد ثابت,350978.2,1.338
فصلی,1405-Q1,بهار 1405,سبدگردان توسعه فیروزه,سهامی,18406.9,0.07
فصلی,1405-Q1,بهار 1405,سبدگردان توسعه فیروزه,شاخصی,17882.7,0.068
فصلی,1405-Q1,بهار 1405,سبدگردان توسعه فیروزه,کالایی,144525.6,0.551
فصلی,1405-Q1,بهار 1405,سبدگردان فارابی,اهرمی,85656.4,0.326
فصلی,1405-Q1,بهار 1405,سبدگردان فارابی,بخشی,6058.1,0.023
فصلی,1405-Q1,بهار 1405,سبدگردان فارابی,درآمد ثابت,310551.5,1.184
فصلی,1405-Q1,بهار 1405,سبدگردان فارابی,سهامی,21852.4,0.083
فصلی,1405-Q1,بهار 1405,سبدگردان فارابی,کالایی,93709.6,0.357
فصلی,1405-Q1,بهار 1405,سبدگردان مفید,اهرمی,129346.3,0.493
فصلی,1405-Q1,بهار 1405,سبدگردان مفید,بازنشستگی,47636.3,0.182
فصلی,1405-Q1,بهار 1405,سبدگردان مفید,بخشی,103952.0,0.396
فصلی,1405-Q1,بهار 1405,سبدگردان مفید,تضمین اصل سرمایه,25372.6,0.097
فصلی,1405-Q1,بهار 1405,سبدگردان مفید,درآمد ثابت,1960935.5,7.475
فصلی,1405-Q1,بهار 1405,سبدگردان مفید,سهامی,431282.0,1.644
فصلی,1405-Q1,بهار 1405,سبدگردان مفید,شاخصی,32328.1,0.123
فصلی,1405-Q1,بهار 1405,سبدگردان مفید,مختلط,3540.6,0.014
فصلی,1405-Q1,بهار 1405,سبدگردان مفید,کالایی,2009542.2,7.661
فصلی,1405-Q1,بهار 1405,مشاور سرمایه گذاری ترنج,اهرمی,77650.2,0.296
فصلی,1405-Q1,بهار 1405,مشاور سرمایه گذاری ترنج,درآمد ثابت,407416.8,1.553
فصلی,1405-Q1,بهار 1405,مشاور سرمایه گذاری ترنج,سهامی,56085.6,0.214
فصلی,1405-Q1,بهار 1405,مشاور سرمایه گذاری ترنج,صندوق در صندوق,10192.2,0.039
فصلی,1405-Q1,بهار 1405,مشاور سرمایه گذاری ترنج,مختلط,61191.7,0.233
فصلی,1405-Q1,بهار 1405,مشاور سرمایه گذاری ترنج,کالایی,71407.6,0.272
فصلی,1405-Q2,تابستان 1405,تامین سرمایه,املاک و مستغلات,11357.4,0.035
فصلی,1405-Q2,تابستان 1405,تامین سرمایه,اهرمی,21520.1,0.067
فصلی,1405-Q2,تابستان 1405,تامین سرمایه,بازنشستگی,14087.3,0.044
فصلی,1405-Q2,تابستان 1405,تامین سرمایه,بخشی,966372.5,2.991
فصلی,1405-Q2,تابستان 1405,تامین سرمایه,تضمین اصل سرمایه,17646.3,0.055
فصلی,1405-Q2,تابستان 1405,تامین سرمایه,درآمد ثابت,7396183.2,22.89
فصلی,1405-Q2,تابستان 1405,تامین سرمایه,سهامی,216463.6,0.67
فصلی,1405-Q2,تابستان 1405,تامین سرمایه,شاخصی,14450.8,0.045
فصلی,1405-Q2,تابستان 1405,تامین سرمایه,مختلط,18232.4,0.056
فصلی,1405-Q2,تابستان 1405,تامین سرمایه,کالایی,2060645.7,6.377
فصلی,1405-Q2,تابستان 1405,سایر مدیران,املاک و مستغلات,101780.1,0.315
فصلی,1405-Q2,تابستان 1405,سایر مدیران,اهرمی,50868.2,0.157
فصلی,1405-Q2,تابستان 1405,سایر مدیران,بازنشستگی,36411.1,0.113
فصلی,1405-Q2,تابستان 1405,سایر مدیران,بخشی,203224.3,0.629
فصلی,1405-Q2,تابستان 1405,سایر مدیران,تضمین اصل سرمایه,1338.2,0.004
فصلی,1405-Q2,تابستان 1405,سایر مدیران,جسورانه,12481.0,0.039
فصلی,1405-Q2,تابستان 1405,سایر مدیران,خصوصی,21295.1,0.066
فصلی,1405-Q2,تابستان 1405,سایر مدیران,درآمد ثابت,5991179.5,18.542
فصلی,1405-Q2,تابستان 1405,سایر مدیران,سهامی,577368.1,1.787
فصلی,1405-Q2,تابستان 1405,سایر مدیران,شاخصی,26672.1,0.082
فصلی,1405-Q2,تابستان 1405,سایر مدیران,صندوق در صندوق,24424.4,0.076
فصلی,1405-Q2,تابستان 1405,سایر مدیران,مختلط,21745.5,0.067
فصلی,1405-Q2,تابستان 1405,سایر مدیران,پروژه‌ای,28406.7,0.088
فصلی,1405-Q2,تابستان 1405,سایر مدیران,کالایی,1782148.2,5.516
فصلی,1405-Q2,تابستان 1405,سبد گردان اقتصاد بیدار,اهرمی,137098.3,0.424
فصلی,1405-Q2,تابستان 1405,سبد گردان اقتصاد بیدار,درآمد ثابت,588521.5,1.821
فصلی,1405-Q2,تابستان 1405,سبد گردان اقتصاد بیدار,سهامی,31011.2,0.096
فصلی,1405-Q2,تابستان 1405,سبد گردان اقتصاد بیدار,کالایی,113691.2,0.352
فصلی,1405-Q2,تابستان 1405,سبد گردان کاریزما,املاک و مستغلات,7699.8,0.024
فصلی,1405-Q2,تابستان 1405,سبد گردان کاریزما,اهرمی,371038.6,1.148
فصلی,1405-Q2,تابستان 1405,سبد گردان کاریزما,بازنشستگی,11441.4,0.035
فصلی,1405-Q2,تابستان 1405,سبد گردان کاریزما,بخشی,19319.6,0.06
فصلی,1405-Q2,تابستان 1405,سبد گردان کاریزما,تضمین اصل سرمایه,9092.2,0.028
فصلی,1405-Q2,تابستان 1405,سبد گردان کاریزما,درآمد ثابت,662806.9,2.051
فصلی,1405-Q2,تابستان 1405,سبد گردان کاریزما,سهامی,17711.3,0.055
فصلی,1405-Q2,تابستان 1405,سبد گردان کاریزما,شاخصی,10211.4,0.032
فصلی,1405-Q2,تابستان 1405,سبد گردان کاریزما,صندوق در صندوق,5109.8,0.016
فصلی,1405-Q2,تابستان 1405,سبد گردان کاریزما,مختلط,19864.8,0.062
فصلی,1405-Q2,تابستان 1405,سبد گردان کاریزما,کالایی,672946.7,2.083
فصلی,1405-Q2,تابستان 1405,سبدگردان آگاه,املاک و مستغلات,8574.8,0.026
فصلی,1405-Q2,تابستان 1405,سبدگردان آگاه,اهرمی,104493.0,0.323
فصلی,1405-Q2,تابستان 1405,سبدگردان آگاه,بازنشستگی,14298.8,0.044
فصلی,1405-Q2,تابستان 1405,سبدگردان آگاه,بخشی,55910.4,0.173
فصلی,1405-Q2,تابستان 1405,سبدگردان آگاه,درآمد ثابت,756951.3,2.343
فصلی,1405-Q2,تابستان 1405,سبدگردان آگاه,سهامی,120543.0,0.373
فصلی,1405-Q2,تابستان 1405,سبدگردان آگاه,مختلط,911.9,0.003
فصلی,1405-Q2,تابستان 1405,سبدگردان آگاه,کالایی,459393.2,1.422
فصلی,1405-Q2,تابستان 1405,سبدگردان توسعه فیروزه,اهرمی,264999.9,0.82
فصلی,1405-Q2,تابستان 1405,سبدگردان توسعه فیروزه,بخشی,51375.9,0.159
فصلی,1405-Q2,تابستان 1405,سبدگردان توسعه فیروزه,جسورانه,611.8,0.002
فصلی,1405-Q2,تابستان 1405,سبدگردان توسعه فیروزه,خصوصی,1340.8,0.004
فصلی,1405-Q2,تابستان 1405,سبدگردان توسعه فیروزه,درآمد ثابت,385850.5,1.194
فصلی,1405-Q2,تابستان 1405,سبدگردان توسعه فیروزه,سهامی,22937.7,0.071
فصلی,1405-Q2,تابستان 1405,سبدگردان توسعه فیروزه,شاخصی,14886.1,0.046
فصلی,1405-Q2,تابستان 1405,سبدگردان توسعه فیروزه,کالایی,210998.0,0.653
فصلی,1405-Q2,تابستان 1405,سبدگردان فارابی,اهرمی,114792.1,0.355
فصلی,1405-Q2,تابستان 1405,سبدگردان فارابی,بخشی,7150.3,0.022
فصلی,1405-Q2,تابستان 1405,سبدگردان فارابی,درآمد ثابت,397630.4,1.231
فصلی,1405-Q2,تابستان 1405,سبدگردان فارابی,سهامی,32665.1,0.101
فصلی,1405-Q2,تابستان 1405,سبدگردان فارابی,کالایی,132089.4,0.409
فصلی,1405-Q2,تابستان 1405,سبدگردان مفید,اهرمی,172424.2,0.534
فصلی,1405-Q2,تابستان 1405,سبدگردان مفید,بازنشستگی,74156.4,0.23
فصلی,1405-Q2,تابستان 1405,سبدگردان مفید,بخشی,136059.7,0.421
فصلی,1405-Q2,تابستان 1405,سبدگردان مفید,تضمین اصل سرمایه,35786.8,0.111
فصلی,1405-Q2,تابستان 1405,سبدگردان مفید,درآمد ثابت,2234245.6,6.915
فصلی,1405-Q2,تابستان 1405,سبدگردان مفید,سهامی,510286.2,1.579
فصلی,1405-Q2,تابستان 1405,سبدگردان مفید,شاخصی,38645.4,0.12
فصلی,1405-Q2,تابستان 1405,سبدگردان مفید,مختلط,4036.4,0.012
فصلی,1405-Q2,تابستان 1405,سبدگردان مفید,کالایی,2786904.0,8.625
فصلی,1405-Q2,تابستان 1405,مشاور سرمایه گذاری ترنج,اهرمی,120768.2,0.374
فصلی,1405-Q2,تابستان 1405,مشاور سرمایه گذاری ترنج,درآمد ثابت,463849.5,1.436
فصلی,1405-Q2,تابستان 1405,مشاور سرمایه گذاری ترنج,سهامی,58969.1,0.182
فصلی,1405-Q2,تابستان 1405,مشاور سرمایه گذاری ترنج,صندوق در صندوق,13147.5,0.041
فصلی,1405-Q2,تابستان 1405,مشاور سرمایه گذاری ترنج,مختلط,81566.2,0.252
فصلی,1405-Q2,تابستان 1405,مشاور سرمایه گذاری ترنج,کالایی,128622.5,0.398
